[2026-08-30 10:11:41] production.ERROR: The D:\FREELANCE\NONA\BengkelKu-POS\bootstrap\cache directory must be present and writable. {"exception":"[object] (Exception(code: 0): The D:\\FREELANCE\\NONA\\BengkelKu-POS\\bootstrap\\cache directory must be present and writable. at D:/FREELANCE/NONA/BengkelKu-POS/vendor/laravel/framework/src/Illuminate/Foundation/PackageManifest.php:179)
[stacktrace]
#0 D:/FREELANCE/NONA/BengkelKu-POS/vendor/laravel/framework/src/Illuminate/Foundation/PackageManifest.php(132): Illuminate/Foundation/PackageManifest->write(Array)
#1 D:/FREELANCE/NONA/BengkelKu-POS/vendor/laravel/framework/src/Illuminate/Foundation/PackageManifest.php(108): Illuminate/Foundation/PackageManifest->build()
#2 D:/FREELANCE/NONA/BengkelKu-POS/vendor/laravel/framework/src/Illuminate/Foundation/PackageManifest.php(91): Illuminate/Foundation/PackageManifest->getManifest()
#3 D:/FREELANCE/NONA/BengkelKu-POS/vendor/laravel/framework/src/Illuminate/Foundation/PackageManifest.php(80): Illuminate/Foundation/PackageManifest->config('aliases')
#4 D:/FREELANCE/NONA/BengkelKu-POS/vendor/laravel/framework/src/Illuminate/Foundation/Bootstrap/RegisterFacades.php(26): Illuminate/Foundation/PackageManifest->aliases()
#5 D:/FREELANCE/NONA/BengkelKu-POS/vendor/laravel/framework/src/Illuminate/Foundation/Application.php(342): Illuminate/Foundation/Bootstrap/RegisterFacades->bootstrap(Object(Illuminate/Foundation/Application))
#6 D:/FREELANCE/NONA/BengkelKu-POS/vendor/laravel/framework/src/Illuminate/Foundation/Console/Kernel.php(474): Illuminate/Foundation/Application->bootstrapWith(Array)
#7 D:/FREELANCE/NONA/BengkelKu-POS/vendor/laravel/framework/src/Illuminate/Foundation/Console/Kernel.php(196): Illuminate/Foundation/Console/Kernel->bootstrap()
#8 D:/FREELANCE/NONA/BengkelKu-POS/artisan(12): Illuminate/Foundation/Console/Kernel->handle(Object(Symfony/Component/Console/Input/ArgvInput), Object(Symfony/Component/Console/Output/ConsoleOutput))
#9 {main}
"} 
[2026-08-30 10:30:18] production.ERROR: The D:\FREELANCE\NONA\BengkelKu-POS\bootstrap\cache directory must be present and writable. {"exception":"[object] (Exception(code: 0): The D:\\FREELANCE\\NONA\\BengkelKu-POS\\bootstrap\\cache directory must be present and writable. at D:/FREELANCE/NONA/BengkelKu-POS/vendor/laravel/framework/src/Illuminate/Foundation/PackageManifest.php:179)
[stacktrace]
#0 D:/FREELANCE/NONA/BengkelKu-POS/vendor/laravel/framework/src/Illuminate/Foundation/PackageManifest.php(132): Illuminate/Foundation/PackageManifest->write(Array)
#1 D:/FREELANCE/NONA/BengkelKu-POS/vendor/laravel/framework/src/Illuminate/Foundation/PackageManifest.php(108): Illuminate/Foundation/PackageManifest->build()
#2 D:/FREELANCE/NONA/BengkelKu-POS/vendor/laravel/framework/src/Illuminate/Foundation/PackageManifest.php(91): Illuminate/Foundation/PackageManifest->getManifest()
#3 D:/FREELANCE/NONA/BengkelKu-POS/vendor/laravel/framework/src/Illuminate/Foundation/PackageManifest.php(80): Illuminate/Foundation/PackageManifest->config('aliases')
#4 D:/FREELANCE/NONA/BengkelKu-POS/vendor/laravel/framework/src/Illuminate/Foundation/Bootstrap/RegisterFacades.php(26): Illuminate/Foundation/PackageManifest->aliases()
#5 D:/FREELANCE/NONA/BengkelKu-POS/vendor/laravel/framework/src/Illuminate/Foundation/Application.php(342): Illuminate/Foundation/Bootstrap/RegisterFacades->bootstrap(Object(Illuminate/Foundation/Application))
#6 D:/FREELANCE/NONA/BengkelKu-POS/vendor/laravel/framework/src/Illuminate/Foundation/Console/Kernel.php(474): Illuminate/Foundation/Application->bootstrapWith(Array)
#7 D:/FREELANCE/NONA/BengkelKu-POS/vendor/laravel/framework/src/Illuminate/Foundation/Console/Kernel.php(196): Illuminate/Foundation/Console/Kernel->bootstrap()
#8 D:/FREELANCE/NONA/BengkelKu-POS/artisan(12): Illuminate/Foundation/Console/Kernel->handle(Object(Symfony/Component/Console/Input/ArgvInput), Object(Symfony/Component/Console/Output/ConsoleOutput))
#9 {main}
"} 
[2026-08-30 10:32:04] production.ERROR: Please provide a valid cache path. {"exception":"[object] (InvalidArgumentException(code: 0): Please provide a valid cache path. at D:/FREELANCE/NONA/BengkelKu-POS/vendor/laravel/framework/src/Illuminate/View/Compilers/Compiler.php:67)
[stacktrace]
#0 D:/FREELANCE/NONA/BengkelKu-POS/vendor/laravel/framework/src/Illuminate/View/ViewServiceProvider.php(97): Illuminate/View/Compilers/Compiler->__construct(Object(Illuminate/Filesystem/Filesystem), false, '', true, 'php')
#1 D:/FREELANCE/NONA/BengkelKu-POS/vendor/laravel/framework/src/Illuminate/Container/Container.php(952): Illuminate/View/ViewServiceProvider->Illuminate/View/{closure}(Object(Illuminate/Foundation/Application), Array)
#2 D:/FREELANCE/NONA/BengkelKu-POS/vendor/laravel/framework/src/Illuminate/Container/Container.php(832): Illuminate/Container/Container->build(Object(Closure))
#3 D:/FREELANCE/NONA/BengkelKu-POS/vendor/laravel/framework/src/Illuminate/Foundation/Application.php(1078): Illuminate/Container/Container->resolve('blade.compiler', Array, true)
#4 D:/FREELANCE/NONA/BengkelKu-POS/vendor/laravel/framework/src/Illuminate/Container/Container.php(763): Illuminate/Foundation/Application->resolve('blade.compiler', Array)
#5 D:/FREELANCE/NONA/BengkelKu-POS/vendor/laravel/framework/src/Illuminate/Foundation/Application.php(1058): Illuminate/Container/Container->make('blade.compiler', Array)
#6 D:/FREELANCE/NONA/BengkelKu-POS/vendor/laravel/framework/src/Illuminate/Container/Container.php(1580): Illuminate/Foundation/Application->make('blade.compiler')
#7 D:/FREELANCE/NONA/BengkelKu-POS/vendor/laravel/framework/src/Illuminate/Support/Facades/Facade.php(239): Illuminate/Container/Container->offsetGet('blade.compiler')
#8 D:/FREELANCE/NONA/BengkelKu-POS/vendor/laravel/framework/src/Illuminate/Support/Facades/Facade.php(210): Illuminate/Support/Facades/Facade::resolveFacadeInstance('blade.compiler')
#9 D:/FREELANCE/NONA/BengkelKu-POS/vendor/laravel/framework/src/Illuminate/Support/Facades/Facade.php(355): Illuminate/Support/Facades/Facade::getFacadeRoot()
#10 D:/FREELANCE/NONA/BengkelKu-POS/vendor/blade-ui-kit/blade-icons/src/BladeIconsServiceProvider.php(122): Illuminate/Support/Facades/Facade::__callStatic('directive', Array)
#11 D:/FREELANCE/NONA/BengkelKu-POS/vendor/blade-ui-kit/blade-icons/src/BladeIconsServiceProvider.php(27): BladeUI/Icons/BladeIconsServiceProvider->bootDirectives()
#12 D:/FREELANCE/NONA/BengkelKu-POS/vendor/laravel/framework/src/Illuminate/Container/BoundMethod.php(36): BladeUI/Icons/BladeIconsServiceProvider->boot()
#13 D:/FREELANCE/NONA/BengkelKu-POS/vendor/laravel/framework/src/Illuminate/Container/Util.php(43): Illuminate/Container/BoundMethod::Illuminate/Container/{closure}()
#14 D:/FREELANCE/NONA/BengkelKu-POS/vendor/laravel/framework/src/Illuminate/Container/BoundMethod.php(95): Illuminate/Container/Util::unwrapIfClosure(Object(Closure))
#15 D:/FREELANCE/NONA/BengkelKu-POS/vendor/laravel/framework/src/Illuminate/Container/BoundMethod.php(35): Illuminate/Container/BoundMethod::callBoundMethod(Object(Illuminate/Foundation/Application), Array, Object(Closure))
#16 D:/FREELANCE/NONA/BengkelKu-POS/vendor/laravel/framework/src/Illuminate/Container/Container.php(696): Illuminate/Container/BoundMethod::call(Object(Illuminate/Foundation/Application), Array, Array, NULL)
#17 D:/FREELANCE/NONA/BengkelKu-POS/vendor/laravel/framework/src/Illuminate/Foundation/Application.php(1151): Illuminate/Container/Container->call(Array)
#18 D:/FREELANCE/NONA/BengkelKu-POS/vendor/laravel/framework/src/Illuminate/Foundation/Application.php(1132): Illuminate/Foundation/Application->bootProvider(Object(BladeUI/Icons/BladeIconsServiceProvider))
#19 [internal function]: Illuminate/Foundation/Application->Illuminate/Foundation/{closure}(Object(BladeUI/Icons/BladeIconsServiceProvider), 'BladeUI//Icons//B...')
#20 D:/FREELANCE/NONA/BengkelKu-POS/vendor/laravel/framework/src/Illuminate/Foundation/Application.php(1131): array_walk(Array, Object(Closure))
#21 D:/FREELANCE/NONA/BengkelKu-POS/vendor/laravel/framework/src/Illuminate/Foundation/Bootstrap/BootProviders.php(17): Illuminate/Foundation/Application->boot()
#22 D:/FREELANCE/NONA/BengkelKu-POS/vendor/laravel/framework/src/Illuminate/Foundation/Application.php(342): Illuminate/Foundation/Bootstrap/BootProviders->bootstrap(Object(Illuminate/Foundation/Application))
#23 D:/FREELANCE/NONA/BengkelKu-POS/vendor/laravel/framework/src/Illuminate/Foundation/Console/Kernel.php(474): Illuminate/Foundation/Application->bootstrapWith(Array)
#24 D:/FREELANCE/NONA/BengkelKu-POS/vendor/laravel/framework/src/Illuminate/Foundation/Console/Kernel.php(196): Illuminate/Foundation/Console/Kernel->bootstrap()
#25 D:/FREELANCE/NONA/BengkelKu-POS/artisan(12): Illuminate/Foundation/Console/Kernel->handle(Object(Symfony/Component/Console/Input/ArgvInput), Object(Symfony/Component/Console/Output/ConsoleOutput))
#26 {main}
"} 
[2026-08-30 10:32:08] production.ERROR: Please provide a valid cache path. {"exception":"[object] (InvalidArgumentException(code: 0): Please provide a valid cache path. at D:/FREELANCE/NONA/BengkelKu-POS/vendor/laravel/framework/src/Illuminate/View/Compilers/Compiler.php:67)
[stacktrace]
#0 D:/FREELANCE/NONA/BengkelKu-POS/vendor/laravel/framework/src/Illuminate/View/ViewServiceProvider.php(97): Illuminate/View/Compilers/Compiler->__construct(Object(Illuminate/Filesystem/Filesystem), false, '', true, 'php')
#1 D:/FREELANCE/NONA/BengkelKu-POS/vendor/laravel/framework/src/Illuminate/Container/Container.php(952): Illuminate/View/ViewServiceProvider->Illuminate/View/{closure}(Object(Illuminate/Foundation/Application), Array)
#2 D:/FREELANCE/NONA/BengkelKu-POS/vendor/laravel/framework/src/Illuminate/Container/Container.php(832): Illuminate/Container/Container->build(Object(Closure))
#3 D:/FREELANCE/NONA/BengkelKu-POS/vendor/laravel/framework/src/Illuminate/Foundation/Application.php(1078): Illuminate/Container/Container->resolve('blade.compiler', Array, true)
#4 D:/FREELANCE/NONA/BengkelKu-POS/vendor/laravel/framework/src/Illuminate/Container/Container.php(763): Illuminate/Foundation/Application->resolve('blade.compiler', Array)
#5 D:/FREELANCE/NONA/BengkelKu-POS/vendor/laravel/framework/src/Illuminate/Foundation/Application.php(1058): Illuminate/Container/Container->make('blade.compiler', Array)
#6 D:/FREELANCE/NONA/BengkelKu-POS/vendor/laravel/framework/src/Illuminate/Container/Container.php(1580): Illuminate/Foundation/Application->make('blade.compiler')
#7 D:/FREELANCE/NONA/BengkelKu-POS/vendor/laravel/framework/src/Illuminate/Support/Facades/Facade.php(239): Illuminate/Container/Container->offsetGet('blade.compiler')
#8 D:/FREELANCE/NONA/BengkelKu-POS/vendor/laravel/framework/src/Illuminate/Support/Facades/Facade.php(210): Illuminate/Support/Facades/Facade::resolveFacadeInstance('blade.compiler')
#9 D:/FREELANCE/NONA/BengkelKu-POS/vendor/laravel/framework/src/Illuminate/Support/Facades/Facade.php(355): Illuminate/Support/Facades/Facade::getFacadeRoot()
#10 D:/FREELANCE/NONA/BengkelKu-POS/vendor/blade-ui-kit/blade-icons/src/BladeIconsServiceProvider.php(122): Illuminate/Support/Facades/Facade::__callStatic('directive', Array)
#11 D:/FREELANCE/NONA/BengkelKu-POS/vendor/blade-ui-kit/blade-icons/src/BladeIconsServiceProvider.php(27): BladeUI/Icons/BladeIconsServiceProvider->bootDirectives()
#12 D:/FREELANCE/NONA/BengkelKu-POS/vendor/laravel/framework/src/Illuminate/Container/BoundMethod.php(36): BladeUI/Icons/BladeIconsServiceProvider->boot()
#13 D:/FREELANCE/NONA/BengkelKu-POS/vendor/laravel/framework/src/Illuminate/Container/Util.php(43): Illuminate/Container/BoundMethod::Illuminate/Container/{closure}()
#14 D:/FREELANCE/NONA/BengkelKu-POS/vendor/laravel/framework/src/Illuminate/Container/BoundMethod.php(95): Illuminate/Container/Util::unwrapIfClosure(Object(Closure))
#15 D:/FREELANCE/NONA/BengkelKu-POS/vendor/laravel/framework/src/Illuminate/Container/BoundMethod.php(35): Illuminate/Container/BoundMethod::callBoundMethod(Object(Illuminate/Foundation/Application), Array, Object(Closure))
#16 D:/FREELANCE/NONA/BengkelKu-POS/vendor/laravel/framework/src/Illuminate/Container/Container.php(696): Illuminate/Container/BoundMethod::call(Object(Illuminate/Foundation/Application), Array, Array, NULL)
#17 D:/FREELANCE/NONA/BengkelKu-POS/vendor/laravel/framework/src/Illuminate/Foundation/Application.php(1151): Illuminate/Container/Container->call(Array)
#18 D:/FREELANCE/NONA/BengkelKu-POS/vendor/laravel/framework/src/Illuminate/Foundation/Application.php(1132): Illuminate/Foundation/Application->bootProvider(Object(BladeUI/Icons/BladeIconsServiceProvider))
#19 [internal function]: Illuminate/Foundation/Application->Illuminate/Foundation/{closure}(Object(BladeUI/Icons/BladeIconsServiceProvider), 'BladeUI//Icons//B...')
#20 D:/FREELANCE/NONA/BengkelKu-POS/vendor/laravel/framework/src/Illuminate/Foundation/Application.php(1131): array_walk(Array, Object(Closure))
#21 D:/FREELANCE/NONA/BengkelKu-POS/vendor/laravel/framework/src/Illuminate/Foundation/Bootstrap/BootProviders.php(17): Illuminate/Foundation/Application->boot()
#22 D:/FREELANCE/NONA/BengkelKu-POS/vendor/laravel/framework/src/Illuminate/Foundation/Application.php(342): Illuminate/Foundation/Bootstrap/BootProviders->bootstrap(Object(Illuminate/Foundation/Application))
#23 D:/FREELANCE/NONA/BengkelKu-POS/vendor/laravel/framework/src/Illuminate/Foundation/Console/Kernel.php(474): Illuminate/Foundation/Application->bootstrapWith(Array)
#24 D:/FREELANCE/NONA/BengkelKu-POS/vendor/laravel/framework/src/Illuminate/Foundation/Console/Kernel.php(196): Illuminate/Foundation/Console/Kernel->bootstrap()
#25 D:/FREELANCE/NONA/BengkelKu-POS/artisan(12): Illuminate/Foundation/Console/Kernel->handle(Object(Symfony/Component/Console/Input/ArgvInput), Object(Symfony/Component/Console/Output/ConsoleOutput))
#26 {main}
"} 
[2026-08-30 10:34:05] production.ERROR: No application encryption key has been specified. {"exception":"[object] (Illuminate\\Encryption\\MissingAppKeyException(code: 0): No application encryption key has been specified. at D:/FREELANCE/NONA/BengkelKu-POS/vendor/laravel/framework/src/Illuminate/Encryption/EncryptionServiceProvider.php:83)
[stacktrace]
#0 D:/FREELANCE/NONA/BengkelKu-POS/vendor/laravel/framework/src/Illuminate/Support/helpers.php(399): Illuminate/Encryption/EncryptionServiceProvider->Illuminate/Encryption/{closure}(NULL)
#1 D:/FREELANCE/NONA/BengkelKu-POS/vendor/laravel/framework/src/Illuminate/Encryption/EncryptionServiceProvider.php(81): tap(NULL, Object(Closure))
#2 D:/FREELANCE/NONA/BengkelKu-POS/vendor/laravel/framework/src/Illuminate/Encryption/EncryptionServiceProvider.php(64): Illuminate/Encryption/EncryptionServiceProvider->key(Array)
#3 D:/FREELANCE/NONA/BengkelKu-POS/vendor/laravel/framework/src/Illuminate/Encryption/EncryptionServiceProvider.php(32): Illuminate/Encryption/EncryptionServiceProvider->parseKey(Array)
#4 D:/FREELANCE/NONA/BengkelKu-POS/vendor/laravel/framework/src/Illuminate/Container/Container.php(952): Illuminate/Encryption/EncryptionServiceProvider->Illuminate/Encryption/{closure}(Object(Illuminate/Foundation/Application), Array)
#5 D:/FREELANCE/NONA/BengkelKu-POS/vendor/laravel/framework/src/Illuminate/Container/Container.php(832): Illuminate/Container/Container->build(Object(Closure))
#6 D:/FREELANCE/NONA/BengkelKu-POS/vendor/laravel/framework/src/Illuminate/Foundation/Application.php(1078): Illuminate/Container/Container->resolve('encrypter', Array, true)
#7 D:/FREELANCE/NONA/BengkelKu-POS/vendor/laravel/framework/src/Illuminate/Container/Container.php(763): Illuminate/Foundation/Application->resolve('encrypter', Array)
#8 D:/FREELANCE/NONA/BengkelKu-POS/vendor/laravel/framework/src/Illuminate/Foundation/Application.php(1058): Illuminate/Container/Container->make('encrypter', Array)
#9 D:/FREELANCE/NONA/BengkelKu-POS/vendor/laravel/framework/src/Illuminate/Container/Container.php(1133): Illuminate/Foundation/Application->make('encrypter')
#10 D:/FREELANCE/NONA/BengkelKu-POS/vendor/laravel/framework/src/Illuminate/Container/Container.php(1043): Illuminate/Container/Container->resolveClass(Object(ReflectionParameter))
#11 D:/FREELANCE/NONA/BengkelKu-POS/vendor/laravel/framework/src/Illuminate/Container/Container.php(994): Illuminate/Container/Container->resolveDependencies(Array)
#12 D:/FREELANCE/NONA/BengkelKu-POS/vendor/laravel/framework/src/Illuminate/Container/Container.php(832): Illuminate/Container/Container->build('Illuminate//Cook...')
#13 D:/FREELANCE/NONA/BengkelKu-POS/vendor/laravel/framework/src/Illuminate/Foundation/Application.php(1078): Illuminate/Container/Container->resolve('Illuminate//Cook...', Array, true)
#14 D:/FREELANCE/NONA/BengkelKu-POS/vendor/laravel/framework/src/Illuminate/Container/Container.php(763): Illuminate/Foundation/Application->resolve('Illuminate//Cook...', Array)
#15 D:/FREELANCE/NONA/BengkelKu-POS/vendor/laravel/framework/src/Illuminate/Foundation/Application.php(1058): Illuminate/Container/Container->make('Illuminate//Cook...', Array)
#16 D:/FREELANCE/NONA/BengkelKu-POS/vendor/laravel/framework/src/Illuminate/Pipeline/Pipeline.php(198): Illuminate/Foundation/Application->make('Illuminate//Cook...')
#17 D:/FREELANCE/NONA/BengkelKu-POS/vendor/laravel/framework/src/Illuminate/Pipeline/Pipeline.php(127): Illuminate/Pipeline/Pipeline->Illuminate/Pipeline/{closure}(Object(Illuminate/Http/Request))
#18 D:/FREELANCE/NONA/BengkelKu-POS/vendor/laravel/framework/src/Illuminate/Routing/Router.php(807): Illuminate/Pipeline/Pipeline->then(Object(Closure))
#19 D:/FREELANCE/NONA/BengkelKu-POS/vendor/laravel/framework/src/Illuminate/Routing/Router.php(786): Illuminate/Routing/Router->runRouteWithinStack(Object(Illuminate/Routing/Route), Object(Illuminate/Http/Request))
#20 D:/FREELANCE/NONA/BengkelKu-POS/vendor/laravel/framework/src/Illuminate/Routing/Router.php(750): Illuminate/Routing/Router->runRoute(Object(Illuminate/Http/Request), Object(Illuminate/Routing/Route))
#21 D:/FREELANCE/NONA/BengkelKu-POS/vendor/laravel/framework/src/Illuminate/Routing/Router.php(739): Illuminate/Routing/Router->dispatchToRoute(Object(Illuminate/Http/Request))
#22 D:/FREELANCE/NONA/BengkelKu-POS/vendor/laravel/framework/src/Illuminate/Foundation/Http/Kernel.php(201): Illuminate/Routing/Router->dispatch(Object(Illuminate/Http/Request))
#23 D:/FREELANCE/NONA/BengkelKu-POS/vendor/laravel/framework/src/Illuminate/Pipeline/Pipeline.php(170): Illuminate/Foundation/Http/Kernel->Illuminate/Foundation/Http/{closure}(Object(Illuminate/Http/Request))
#24 D:/FREELANCE/NONA/BengkelKu-POS/vendor/livewire/livewire/src/Features/SupportDisablingBackButtonCache/DisableBackButtonCacheMiddleware.php(19): Illuminate/Pipeline/Pipeline->Illuminate/Pipeline/{closure}(Object(Illuminate/Http/Request))
#25 D:/FREELANCE/NONA/BengkelKu-POS/vendor/laravel/framework/src/Illuminate/Pipeline/Pipeline.php(209): Livewire/Features/SupportDisablingBackButtonCache/DisableBackButtonCacheMiddleware->handle(Object(Illuminate/Http/Request), Object(Closure))
#26 D:/FREELANCE/NONA/BengkelKu-POS/vendor/laravel/framework/src/Illuminate/Foundation/Http/Middleware/TransformsRequest.php(21): Illuminate/Pipeline/Pipeline->Illuminate/Pipeline/{closure}(Object(Illuminate/Http/Request))
#27 D:/FREELANCE/NONA/BengkelKu-POS/vendor/laravel/framework/src/Illuminate/Foundation/Http/Middleware/ConvertEmptyStringsToNull.php(31): Illuminate/Foundation/Http/Middleware/TransformsRequest->handle(Object(Illuminate/Http/Request), Object(Closure))
#28 D:/FREELANCE/NONA/BengkelKu-POS/vendor/laravel/framework/src/Illuminate/Pipeline/Pipeline.php(209): Illuminate/Foundation/Http/Middleware/ConvertEmptyStringsToNull->handle(Object(Illuminate/Http/Request), Object(Closure))
#29 D:/FREELANCE/NONA/BengkelKu-POS/vendor/laravel/framework/src/Illuminate/Foundation/Http/Middleware/TransformsRequest.php(21): Illuminate/Pipeline/Pipeline->Illuminate/Pipeline/{closure}(Object(Illuminate/Http/Request))
#30 D:/FREELANCE/NONA/BengkelKu-POS/vendor/laravel/framework/src/Illuminate/Foundation/Http/Middleware/TrimStrings.php(51): Illuminate/Foundation/Http/Middleware/TransformsRequest->handle(Object(Illuminate/Http/Request), Object(Closure))
#31 D:/FREELANCE/NONA/BengkelKu-POS/vendor/laravel/framework/src/Illuminate/Pipeline/Pipeline.php(209): Illuminate/Foundation/Http/Middleware/TrimStrings->handle(Object(Illuminate/Http/Request), Object(Closure))
#32 D:/FREELANCE/NONA/BengkelKu-POS/vendor/laravel/framework/src/Illuminate/Http/Middleware/ValidatePostSize.php(27): Illuminate/Pipeline/Pipeline->Illuminate/Pipeline/{closure}(Object(Illuminate/Http/Request))
#33 D:/FREELANCE/NONA/BengkelKu-POS/vendor/laravel/framework/src/Illuminate/Pipeline/Pipeline.php(209): Illuminate/Http/Middleware/ValidatePostSize->handle(Object(Illuminate/Http/Request), Object(Closure))
#34 D:/FREELANCE/NONA/BengkelKu-POS/vendor/laravel/framework/src/Illuminate/Foundation/Http/Middleware/PreventRequestsDuringMaintenance.php(110): Illuminate/Pipeline/Pipeline->Illuminate/Pipeline/{closure}(Object(Illuminate/Http/Request))
#35 D:/FREELANCE/NONA/BengkelKu-POS/vendor/laravel/framework/src/Illuminate/Pipeline/Pipeline.php(209): Illuminate/Foundation/Http/Middleware/PreventRequestsDuringMaintenance->handle(Object(Illuminate/Http/Request), Object(Closure))
#36 D:/FREELANCE/NONA/BengkelKu-POS/vendor/laravel/framework/src/Illuminate/Http/Middleware/HandleCors.php(49): Illuminate/Pipeline/Pipeline->Illuminate/Pipeline/{closure}(Object(Illuminate/Http/Request))
#37 D:/FREELANCE/NONA/BengkelKu-POS/vendor/laravel/framework/src/Illuminate/Pipeline/Pipeline.php(209): Illuminate/Http/Middleware/HandleCors->handle(Object(Illuminate/Http/Request), Object(Closure))
#38 D:/FREELANCE/NONA/BengkelKu-POS/vendor/laravel/framework/src/Illuminate/Http/Middleware/TrustProxies.php(58): Illuminate/Pipeline/Pipeline->Illuminate/Pipeline/{closure}(Object(Illuminate/Http/Request))
#39 D:/FREELANCE/NONA/BengkelKu-POS/vendor/laravel/framework/src/Illuminate/Pipeline/Pipeline.php(209): Illuminate/Http/Middleware/TrustProxies->handle(Object(Illuminate/Http/Request), Object(Closure))
#40 D:/FREELANCE/NONA/BengkelKu-POS/vendor/laravel/framework/src/Illuminate/Foundation/Http/Middleware/InvokeDeferredCallbacks.php(22): Illuminate/Pipeline/Pipeline->Illuminate/Pipeline/{closure}(Object(Illuminate/Http/Request))
#41 D:/FREELANCE/NONA/BengkelKu-POS/vendor/laravel/framework/src/Illuminate/Pipeline/Pipeline.php(209): Illuminate/Foundation/Http/Middleware/InvokeDeferredCallbacks->handle(Object(Illuminate/Http/Request), Object(Closure))
#42 D:/FREELANCE/NONA/BengkelKu-POS/vendor/laravel/framework/src/Illuminate/Pipeline/Pipeline.php(127): Illuminate/Pipeline/Pipeline->Illuminate/Pipeline/{closure}(Object(Illuminate/Http/Request))
#43 D:/FREELANCE/NONA/BengkelKu-POS/vendor/laravel/framework/src/Illuminate/Foundation/Http/Kernel.php(176): Illuminate/Pipeline/Pipeline->then(Object(Closure))
#44 D:/FREELANCE/NONA/BengkelKu-POS/vendor/laravel/framework/src/Illuminate/Foundation/Http/Kernel.php(145): Illuminate/Foundation/Http/Kernel->sendRequestThroughRouter(Object(Illuminate/Http/Request))
#45 D:/FREELANCE/NONA/BengkelKu-POS/public/index.php(19): Illuminate/Foundation/Http/Kernel->handle(Object(Illuminate/Http/Request))
#46 D:/FREELANCE/NONA/BengkelKu-POS/vendor/laravel/framework/src/Illuminate/Foundation/resources/server.php(23): require_once('D://FREELANCE//NO...')
#47 {main}
"} 
[2026-08-30 10:34:05] production.ERROR: No application encryption key has been specified. {"exception":"[object] (Illuminate\\Encryption\\MissingAppKeyException(code: 0): No application encryption key has been specified. at D:/FREELANCE/NONA/BengkelKu-POS/vendor/laravel/framework/src/Illuminate/Encryption/EncryptionServiceProvider.php:83)
[stacktrace]
#0 D:/FREELANCE/NONA/BengkelKu-POS/vendor/laravel/framework/src/Illuminate/Support/helpers.php(399): Illuminate/Encryption/EncryptionServiceProvider->Illuminate/Encryption/{closure}(NULL)
#1 D:/FREELANCE/NONA/BengkelKu-POS/vendor/laravel/framework/src/Illuminate/Encryption/EncryptionServiceProvider.php(81): tap(NULL, Object(Closure))
#2 D:/FREELANCE/NONA/BengkelKu-POS/vendor/laravel/framework/src/Illuminate/Encryption/EncryptionServiceProvider.php(64): Illuminate/Encryption/EncryptionServiceProvider->key(Array)
#3 D:/FREELANCE/NONA/BengkelKu-POS/vendor/laravel/framework/src/Illuminate/Encryption/EncryptionServiceProvider.php(32): Illuminate/Encryption/EncryptionServiceProvider->parseKey(Array)
#4 D:/FREELANCE/NONA/BengkelKu-POS/vendor/laravel/framework/src/Illuminate/Container/Container.php(952): Illuminate/Encryption/EncryptionServiceProvider->Illuminate/Encryption/{closure}(Object(Illuminate/Foundation/Application), Array)
#5 D:/FREELANCE/NONA/BengkelKu-POS/vendor/laravel/framework/src/Illuminate/Container/Container.php(832): Illuminate/Container/Container->build(Object(Closure))
#6 D:/FREELANCE/NONA/BengkelKu-POS/vendor/laravel/framework/src/Illuminate/Foundation/Application.php(1078): Illuminate/Container/Container->resolve('encrypter', Array, true)
#7 D:/FREELANCE/NONA/BengkelKu-POS/vendor/laravel/framework/src/Illuminate/Container/Container.php(763): Illuminate/Foundation/Application->resolve('encrypter', Array)
#8 D:/FREELANCE/NONA/BengkelKu-POS/vendor/laravel/framework/src/Illuminate/Foundation/Application.php(1058): Illuminate/Container/Container->make('encrypter', Array)
#9 D:/FREELANCE/NONA/BengkelKu-POS/vendor/laravel/framework/src/Illuminate/Container/Container.php(1133): Illuminate/Foundation/Application->make('encrypter')
#10 D:/FREELANCE/NONA/BengkelKu-POS/vendor/laravel/framework/src/Illuminate/Container/Container.php(1043): Illuminate/Container/Container->resolveClass(Object(ReflectionParameter))
#11 D:/FREELANCE/NONA/BengkelKu-POS/vendor/laravel/framework/src/Illuminate/Container/Container.php(994): Illuminate/Container/Container->resolveDependencies(Array)
#12 D:/FREELANCE/NONA/BengkelKu-POS/vendor/laravel/framework/src/Illuminate/Container/Container.php(832): Illuminate/Container/Container->build('Illuminate//Cook...')
#13 D:/FREELANCE/NONA/BengkelKu-POS/vendor/laravel/framework/src/Illuminate/Foundation/Application.php(1078): Illuminate/Container/Container->resolve('Illuminate//Cook...', Array, true)
#14 D:/FREELANCE/NONA/BengkelKu-POS/vendor/laravel/framework/src/Illuminate/Container/Container.php(763): Illuminate/Foundation/Application->resolve('Illuminate//Cook...', Array)
#15 D:/FREELANCE/NONA/BengkelKu-POS/vendor/laravel/framework/src/Illuminate/Foundation/Application.php(1058): Illuminate/Container/Container->make('Illuminate//Cook...', Array)
#16 D:/FREELANCE/NONA/BengkelKu-POS/vendor/laravel/framework/src/Illuminate/Foundation/Http/Kernel.php(258): Illuminate/Foundation/Application->make('Illuminate//Cook...')
#17 D:/FREELANCE/NONA/BengkelKu-POS/vendor/laravel/framework/src/Illuminate/Foundation/Http/Kernel.php(216): Illuminate/Foundation/Http/Kernel->terminateMiddleware(Object(Illuminate/Http/Request), Object(Illuminate/Http/Response))
#18 D:/FREELANCE/NONA/BengkelKu-POS/public/index.php(23): Illuminate/Foundation/Http/Kernel->terminate(Object(Illuminate/Http/Request), Object(Illuminate/Http/Response))
#19 D:/FREELANCE/NONA/BengkelKu-POS/vendor/laravel/framework/src/Illuminate/Foundation/resources/server.php(23): require_once('D://FREELANCE//NO...')
#20 {main}
"} 
[2026-08-30 10:38:54] local.ERROR: Undefined variable $selectedWorkOrder (View: D:\FREELANCE\NONA\BengkelKu-POS\resources\views\livewire\pos\cashier.blade.php) {"exception":"[object] (Illuminate\\View\\ViewException(code: 0): Undefined variable $selectedWorkOrder (View: D:\\FREELANCE\\NONA\\BengkelKu-POS\\resources\\views\\livewire\\pos\\cashier.blade.php) at D:/FREELANCE/NONA/BengkelKu-POS/storage/framework/views/8c9295ba4dacd35f96c2c330b99da7de.php:83)
[stacktrace]
#0 D:/FREELANCE/NONA/BengkelKu-POS/vendor/livewire/livewire/src/Mechanisms/ExtendBlade/ExtendedCompilerEngine.php(58): Illuminate/View/Engines/CompilerEngine->handleViewException(Object(ErrorException), 1)
#1 D:/FREELANCE/NONA/BengkelKu-POS/vendor/livewire/livewire/src/Mechanisms/ExtendBlade/ExtendedCompilerEngine.php(40): Livewire/Mechanisms/ExtendBlade/ExtendedCompilerEngine->handleViewException(Object(ErrorException), 1)
#2 D:/FREELANCE/NONA/BengkelKu-POS/vendor/laravel/framework/src/Illuminate/View/Engines/CompilerEngine.php(75): Livewire/Mechanisms/ExtendBlade/ExtendedCompilerEngine->evaluatePath('D://FREELANCE//NO...', Array)
#3 D:/FREELANCE/NONA/BengkelKu-POS/vendor/livewire/livewire/src/Mechanisms/ExtendBlade/ExtendedCompilerEngine.php(16): Illuminate/View/Engines/CompilerEngine->get('D://FREELANCE//NO...', Array)
#4 D:/FREELANCE/NONA/BengkelKu-POS/vendor/laravel/framework/src/Illuminate/View/View.php(209): Livewire/Mechanisms/ExtendBlade/ExtendedCompilerEngine->get('D://FREELANCE//NO...', Array)
#5 D:/FREELANCE/NONA/BengkelKu-POS/vendor/laravel/framework/src/Illuminate/View/View.php(192): Illuminate/View/View->getContents()
#6 D:/FREELANCE/NONA/BengkelKu-POS/vendor/laravel/framework/src/Illuminate/View/View.php(161): Illuminate/View/View->renderContents()
#7 D:/FREELANCE/NONA/BengkelKu-POS/vendor/livewire/livewire/src/Mechanisms/HandleComponents/HandleComponents.php(288): Illuminate/View/View->render(Object(Closure))
#8 D:/FREELANCE/NONA/BengkelKu-POS/vendor/livewire/livewire/src/Mechanisms/HandleComponents/HandleComponents.php(332): Livewire/Mechanisms/HandleComponents/HandleComponents->Livewire/Mechanisms/HandleComponents/{closure}()
#9 D:/FREELANCE/NONA/BengkelKu-POS/vendor/livewire/livewire/src/Mechanisms/HandleComponents/HandleComponents.php(280): Livewire/Mechanisms/HandleComponents/HandleComponents->trackInRenderStack(Object(App/Livewire/Pos/Cashier), Object(Closure))
#10 D:/FREELANCE/NONA/BengkelKu-POS/vendor/livewire/livewire/src/Mechanisms/HandleComponents/HandleComponents.php(54): Livewire/Mechanisms/HandleComponents/HandleComponents->render(Object(App/Livewire/Pos/Cashier), '<div></div>')
#11 D:/FREELANCE/NONA/BengkelKu-POS/vendor/livewire/livewire/src/LivewireManager.php(73): Livewire/Mechanisms/HandleComponents/HandleComponents->mount('App//Livewire//Po...', Array, NULL)
#12 D:/FREELANCE/NONA/BengkelKu-POS/vendor/livewire/livewire/src/Features/SupportPageComponents/HandlesPageComponents.php(17): Livewire/LivewireManager->mount('App//Livewire//Po...', Array)
#13 D:/FREELANCE/NONA/BengkelKu-POS/vendor/livewire/livewire/src/Features/SupportPageComponents/SupportPageComponents.php(117): Livewire/Component->Livewire/Features/SupportPageComponents/{closure}()
#14 D:/FREELANCE/NONA/BengkelKu-POS/vendor/livewire/livewire/src/Features/SupportPageComponents/HandlesPageComponents.php(14): Livewire/Features/SupportPageComponents/SupportPageComponents::interceptTheRenderOfTheComponentAndRetreiveTheLayoutConfiguration(Object(Closure))
#15 D:/FREELANCE/NONA/BengkelKu-POS/vendor/laravel/framework/src/Illuminate/Routing/ControllerDispatcher.php(47): Livewire/Component->__invoke()
#16 D:/FREELANCE/NONA/BengkelKu-POS/vendor/laravel/framework/src/Illuminate/Routing/Route.php(266): Illuminate/Routing/ControllerDispatcher->dispatch(Object(Illuminate/Routing/Route), Object(App/Livewire/Pos/Cashier), '__invoke')
#17 D:/FREELANCE/NONA/BengkelKu-POS/vendor/laravel/framework/src/Illuminate/Routing/Route.php(212): Illuminate/Routing/Route->runController()
#18 D:/FREELANCE/NONA/BengkelKu-POS/vendor/laravel/framework/src/Illuminate/Routing/Router.php(808): Illuminate/Routing/Route->run()
#19 D:/FREELANCE/NONA/BengkelKu-POS/vendor/laravel/framework/src/Illuminate/Pipeline/Pipeline.php(170): Illuminate/Routing/Router->Illuminate/Routing/{closure}(Object(Illuminate/Http/Request))
#20 D:/FREELANCE/NONA/BengkelKu-POS/vendor/laravel/framework/src/Illuminate/Routing/Middleware/SubstituteBindings.php(51): Illuminate/Pipeline/Pipeline->Illuminate/Pipeline/{closure}(Object(Illuminate/Http/Request))
#21 D:/FREELANCE/NONA/BengkelKu-POS/vendor/laravel/framework/src/Illuminate/Pipeline/Pipeline.php(209): Illuminate/Routing/Middleware/SubstituteBindings->handle(Object(Illuminate/Http/Request), Object(Closure))
#22 D:/FREELANCE/NONA/BengkelKu-POS/vendor/laravel/framework/src/Illuminate/Foundation/Http/Middleware/VerifyCsrfToken.php(88): Illuminate/Pipeline/Pipeline->Illuminate/Pipeline/{closure}(Object(Illuminate/Http/Request))
#23 D:/FREELANCE/NONA/BengkelKu-POS/vendor/laravel/framework/src/Illuminate/Pipeline/Pipeline.php(209): Illuminate/Foundation/Http/Middleware/VerifyCsrfToken->handle(Object(Illuminate/Http/Request), Object(Closure))
#24 D:/FREELANCE/NONA/BengkelKu-POS/vendor/laravel/framework/src/Illuminate/View/Middleware/ShareErrorsFromSession.php(49): Illuminate/Pipeline/Pipeline->Illuminate/Pipeline/{closure}(Object(Illuminate/Http/Request))
#25 D:/FREELANCE/NONA/BengkelKu-POS/vendor/laravel/framework/src/Illuminate/Pipeline/Pipeline.php(209): Illuminate/View/Middleware/ShareErrorsFromSession->handle(Object(Illuminate/Http/Request), Object(Closure))
#26 D:/FREELANCE/NONA/BengkelKu-POS/vendor/laravel/framework/src/Illuminate/Session/Middleware/StartSession.php(121): Illuminate/Pipeline/Pipeline->Illuminate/Pipeline/{closure}(Object(Illuminate/Http/Request))
#27 D:/FREELANCE/NONA/BengkelKu-POS/vendor/laravel/framework/src/Illuminate/Session/Middleware/StartSession.php(64): Illuminate/Session/Middleware/StartSession->handleStatefulRequest(Object(Illuminate/Http/Request), Object(Illuminate/Session/Store), Object(Closure))
#28 D:/FREELANCE/NONA/BengkelKu-POS/vendor/laravel/framework/src/Illuminate/Pipeline/Pipeline.php(209): Illuminate/Session/Middleware/StartSession->handle(Object(Illuminate/Http/Request), Object(Closure))
#29 D:/FREELANCE/NONA/BengkelKu-POS/vendor/laravel/framework/src/Illuminate/Cookie/Middleware/AddQueuedCookiesToResponse.php(37): Illuminate/Pipeline/Pipeline->Illuminate/Pipeline/{closure}(Object(Illuminate/Http/Request))
#30 D:/FREELANCE/NONA/BengkelKu-POS/vendor/laravel/framework/src/Illuminate/Pipeline/Pipeline.php(209): Illuminate/Cookie/Middleware/AddQueuedCookiesToResponse->handle(Object(Illuminate/Http/Request), Object(Closure))
#31 D:/FREELANCE/NONA/BengkelKu-POS/vendor/laravel/framework/src/Illuminate/Cookie/Middleware/EncryptCookies.php(75): Illuminate/Pipeline/Pipeline->Illuminate/Pipeline/{closure}(Object(Illuminate/Http/Request))
#32 D:/FREELANCE/NONA/BengkelKu-POS/vendor/laravel/framework/src/Illuminate/Pipeline/Pipeline.php(209): Illuminate/Cookie/Middleware/EncryptCookies->handle(Object(Illuminate/Http/Request), Object(Closure))
#33 D:/FREELANCE/NONA/BengkelKu-POS/vendor/laravel/framework/src/Illuminate/Pipeline/Pipeline.php(127): Illuminate/Pipeline/Pipeline->Illuminate/Pipeline/{closure}(Object(Illuminate/Http/Request))
#34 D:/FREELANCE/NONA/BengkelKu-POS/vendor/laravel/framework/src/Illuminate/Routing/Router.php(807): Illuminate/Pipeline/Pipeline->then(Object(Closure))
#35 D:/FREELANCE/NONA/BengkelKu-POS/vendor/laravel/framework/src/Illuminate/Routing/Router.php(786): Illuminate/Routing/Router->runRouteWithinStack(Object(Illuminate/Routing/Route), Object(Illuminate/Http/Request))
#36 D:/FREELANCE/NONA/BengkelKu-POS/vendor/laravel/framework/src/Illuminate/Routing/Router.php(750): Illuminate/Routing/Router->runRoute(Object(Illuminate/Http/Request), Object(Illuminate/Routing/Route))
#37 D:/FREELANCE/NONA/BengkelKu-POS/vendor/laravel/framework/src/Illuminate/Routing/Router.php(739): Illuminate/Routing/Router->dispatchToRoute(Object(Illuminate/Http/Request))
#38 D:/FREELANCE/NONA/BengkelKu-POS/vendor/laravel/framework/src/Illuminate/Foundation/Http/Kernel.php(201): Illuminate/Routing/Router->dispatch(Object(Illuminate/Http/Request))
#39 D:/FREELANCE/NONA/BengkelKu-POS/vendor/laravel/framework/src/Illuminate/Pipeline/Pipeline.php(170): Illuminate/Foundation/Http/Kernel->Illuminate/Foundation/Http/{closure}(Object(Illuminate/Http/Request))
#40 D:/FREELANCE/NONA/BengkelKu-POS/vendor/livewire/livewire/src/Features/SupportDisablingBackButtonCache/DisableBackButtonCacheMiddleware.php(19): Illuminate/Pipeline/Pipeline->Illuminate/Pipeline/{closure}(Object(Illuminate/Http/Request))
#41 D:/FREELANCE/NONA/BengkelKu-POS/vendor/laravel/framework/src/Illuminate/Pipeline/Pipeline.php(209): Livewire/Features/SupportDisablingBackButtonCache/DisableBackButtonCacheMiddleware->handle(Object(Illuminate/Http/Request), Object(Closure))
#42 D:/FREELANCE/NONA/BengkelKu-POS/vendor/laravel/framework/src/Illuminate/Foundation/Http/Middleware/TransformsRequest.php(21): Illuminate/Pipeline/Pipeline->Illuminate/Pipeline/{closure}(Object(Illuminate/Http/Request))
#43 D:/FREELANCE/NONA/BengkelKu-POS/vendor/laravel/framework/src/Illuminate/Foundation/Http/Middleware/ConvertEmptyStringsToNull.php(31): Illuminate/Foundation/Http/Middleware/TransformsRequest->handle(Object(Illuminate/Http/Request), Object(Closure))
#44 D:/FREELANCE/NONA/BengkelKu-POS/vendor/laravel/framework/src/Illuminate/Pipeline/Pipeline.php(209): Illuminate/Foundation/Http/Middleware/ConvertEmptyStringsToNull->handle(Object(Illuminate/Http/Request), Object(Closure))
#45 D:/FREELANCE/NONA/BengkelKu-POS/vendor/laravel/framework/src/Illuminate/Foundation/Http/Middleware/TransformsRequest.php(21): Illuminate/Pipeline/Pipeline->Illuminate/Pipeline/{closure}(Object(Illuminate/Http/Request))
#46 D:/FREELANCE/NONA/BengkelKu-POS/vendor/laravel/framework/src/Illuminate/Foundation/Http/Middleware/TrimStrings.php(51): Illuminate/Foundation/Http/Middleware/TransformsRequest->handle(Object(Illuminate/Http/Request), Object(Closure))
#47 D:/FREELANCE/NONA/BengkelKu-POS/vendor/laravel/framework/src/Illuminate/Pipeline/Pipeline.php(209): Illuminate/Foundation/Http/Middleware/TrimStrings->handle(Object(Illuminate/Http/Request), Object(Closure))
#48 D:/FREELANCE/NONA/BengkelKu-POS/vendor/laravel/framework/src/Illuminate/Http/Middleware/ValidatePostSize.php(27): Illuminate/Pipeline/Pipeline->Illuminate/Pipeline/{closure}(Object(Illuminate/Http/Request))
#49 D:/FREELANCE/NONA/BengkelKu-POS/vendor/laravel/framework/src/Illuminate/Pipeline/Pipeline.php(209): Illuminate/Http/Middleware/ValidatePostSize->handle(Object(Illuminate/Http/Request), Object(Closure))
#50 D:/FREELANCE/NONA/BengkelKu-POS/vendor/laravel/framework/src/Illuminate/Foundation/Http/Middleware/PreventRequestsDuringMaintenance.php(110): Illuminate/Pipeline/Pipeline->Illuminate/Pipeline/{closure}(Object(Illuminate/Http/Request))
#51 D:/FREELANCE/NONA/BengkelKu-POS/vendor/laravel/framework/src/Illuminate/Pipeline/Pipeline.php(209): Illuminate/Foundation/Http/Middleware/PreventRequestsDuringMaintenance->handle(Object(Illuminate/Http/Request), Object(Closure))
#52 D:/FREELANCE/NONA/BengkelKu-POS/vendor/laravel/framework/src/Illuminate/Http/Middleware/HandleCors.php(49): Illuminate/Pipeline/Pipeline->Illuminate/Pipeline/{closure}(Object(Illuminate/Http/Request))
#53 D:/FREELANCE/NONA/BengkelKu-POS/vendor/laravel/framework/src/Illuminate/Pipeline/Pipeline.php(209): Illuminate/Http/Middleware/HandleCors->handle(Object(Illuminate/Http/Request), Object(Closure))
#54 D:/FREELANCE/NONA/BengkelKu-POS/vendor/laravel/framework/src/Illuminate/Http/Middleware/TrustProxies.php(58): Illuminate/Pipeline/Pipeline->Illuminate/Pipeline/{closure}(Object(Illuminate/Http/Request))
#55 D:/FREELANCE/NONA/BengkelKu-POS/vendor/laravel/framework/src/Illuminate/Pipeline/Pipeline.php(209): Illuminate/Http/Middleware/TrustProxies->handle(Object(Illuminate/Http/Request), Object(Closure))
#56 D:/FREELANCE/NONA/BengkelKu-POS/vendor/laravel/framework/src/Illuminate/Foundation/Http/Middleware/InvokeDeferredCallbacks.php(22): Illuminate/Pipeline/Pipeline->Illuminate/Pipeline/{closure}(Object(Illuminate/Http/Request))
#57 D:/FREELANCE/NONA/BengkelKu-POS/vendor/laravel/framework/src/Illuminate/Pipeline/Pipeline.php(209): Illuminate/Foundation/Http/Middleware/InvokeDeferredCallbacks->handle(Object(Illuminate/Http/Request), Object(Closure))
#58 D:/FREELANCE/NONA/BengkelKu-POS/vendor/laravel/framework/src/Illuminate/Pipeline/Pipeline.php(127): Illuminate/Pipeline/Pipeline->Illuminate/Pipeline/{closure}(Object(Illuminate/Http/Request))
#59 D:/FREELANCE/NONA/BengkelKu-POS/vendor/laravel/framework/src/Illuminate/Foundation/Http/Kernel.php(176): Illuminate/Pipeline/Pipeline->then(Object(Closure))
#60 D:/FREELANCE/NONA/BengkelKu-POS/vendor/laravel/framework/src/Illuminate/Foundation/Http/Kernel.php(145): Illuminate/Foundation/Http/Kernel->sendRequestThroughRouter(Object(Illuminate/Http/Request))
#61 D:/FREELANCE/NONA/BengkelKu-POS/public/index.php(19): Illuminate/Foundation/Http/Kernel->handle(Object(Illuminate/Http/Request))
#62 D:/FREELANCE/NONA/BengkelKu-POS/vendor/laravel/framework/src/Illuminate/Foundation/resources/server.php(23): require_once('D://FREELANCE//NO...')
#63 {main}

[previous exception] [object] (ErrorException(code: 0): Undefined variable $selectedWorkOrder at D:/FREELANCE/NONA/BengkelKu-POS/storage/framework/views/8c9295ba4dacd35f96c2c330b99da7de.php:83)
[stacktrace]
#0 D:/FREELANCE/NONA/BengkelKu-POS/vendor/laravel/framework/src/Illuminate/Foundation/Bootstrap/HandleExceptions.php(258): Illuminate/Foundation/Bootstrap/HandleExceptions->handleError(2, 'Undefined varia...', 'D://FREELANCE//NO...', 83)
#1 D:/FREELANCE/NONA/BengkelKu-POS/storage/framework/views/8c9295ba4dacd35f96c2c330b99da7de.php(83): Illuminate/Foundation/Bootstrap/HandleExceptions->Illuminate/Foundation/Bootstrap/{closure}(2, 'Undefined varia...', 'D://FREELANCE//NO...', 83)
#2 D:/FREELANCE/NONA/BengkelKu-POS/vendor/livewire/livewire/src/Mechanisms/ExtendBlade/ExtendedCompilerEngine.php(37): include('D://FREELANCE//NO...')
#3 D:/FREELANCE/NONA/BengkelKu-POS/vendor/livewire/livewire/src/Mechanisms/ExtendBlade/ExtendedCompilerEngine.php(38): App/Livewire/Pos/Cashier->Livewire/Mechanisms/ExtendBlade/{closure}()
#4 D:/FREELANCE/NONA/BengkelKu-POS/vendor/laravel/framework/src/Illuminate/View/Engines/CompilerEngine.php(75): Livewire/Mechanisms/ExtendBlade/ExtendedCompilerEngine->evaluatePath('D://FREELANCE//NO...', Array)
#5 D:/FREELANCE/NONA/BengkelKu-POS/vendor/livewire/livewire/src/Mechanisms/ExtendBlade/ExtendedCompilerEngine.php(16): Illuminate/View/Engines/CompilerEngine->get('D://FREELANCE//NO...', Array)
#6 D:/FREELANCE/NONA/BengkelKu-POS/vendor/laravel/framework/src/Illuminate/View/View.php(209): Livewire/Mechanisms/ExtendBlade/ExtendedCompilerEngine->get('D://FREELANCE//NO...', Array)
#7 D:/FREELANCE/NONA/BengkelKu-POS/vendor/laravel/framework/src/Illuminate/View/View.php(192): Illuminate/View/View->getContents()
#8 D:/FREELANCE/NONA/BengkelKu-POS/vendor/laravel/framework/src/Illuminate/View/View.php(161): Illuminate/View/View->renderContents()
#9 D:/FREELANCE/NONA/BengkelKu-POS/vendor/livewire/livewire/src/Mechanisms/HandleComponents/HandleComponents.php(288): Illuminate/View/View->render(Object(Closure))
#10 D:/FREELANCE/NONA/BengkelKu-POS/vendor/livewire/livewire/src/Mechanisms/HandleComponents/HandleComponents.php(332): Livewire/Mechanisms/HandleComponents/HandleComponents->Livewire/Mechanisms/HandleComponents/{closure}()
#11 D:/FREELANCE/NONA/BengkelKu-POS/vendor/livewire/livewire/src/Mechanisms/HandleComponents/HandleComponents.php(280): Livewire/Mechanisms/HandleComponents/HandleComponents->trackInRenderStack(Object(App/Livewire/Pos/Cashier), Object(Closure))
#12 D:/FREELANCE/NONA/BengkelKu-POS/vendor/livewire/livewire/src/Mechanisms/HandleComponents/HandleComponents.php(54): Livewire/Mechanisms/HandleComponents/HandleComponents->render(Object(App/Livewire/Pos/Cashier), '<div></div>')
#13 D:/FREELANCE/NONA/BengkelKu-POS/vendor/livewire/livewire/src/LivewireManager.php(73): Livewire/Mechanisms/HandleComponents/HandleComponents->mount('App//Livewire//Po...', Array, NULL)
#14 D:/FREELANCE/NONA/BengkelKu-POS/vendor/livewire/livewire/src/Features/SupportPageComponents/HandlesPageComponents.php(17): Livewire/LivewireManager->mount('App//Livewire//Po...', Array)
#15 D:/FREELANCE/NONA/BengkelKu-POS/vendor/livewire/livewire/src/Features/SupportPageComponents/SupportPageComponents.php(117): Livewire/Component->Livewire/Features/SupportPageComponents/{closure}()
#16 D:/FREELANCE/NONA/BengkelKu-POS/vendor/livewire/livewire/src/Features/SupportPageComponents/HandlesPageComponents.php(14): Livewire/Features/SupportPageComponents/SupportPageComponents::interceptTheRenderOfTheComponentAndRetreiveTheLayoutConfiguration(Object(Closure))
#17 D:/FREELANCE/NONA/BengkelKu-POS/vendor/laravel/framework/src/Illuminate/Routing/ControllerDispatcher.php(47): Livewire/Component->__invoke()
#18 D:/FREELANCE/NONA/BengkelKu-POS/vendor/laravel/framework/src/Illuminate/Routing/Route.php(266): Illuminate/Routing/ControllerDispatcher->dispatch(Object(Illuminate/Routing/Route), Object(App/Livewire/Pos/Cashier), '__invoke')
#19 D:/FREELANCE/NONA/BengkelKu-POS/vendor/laravel/framework/src/Illuminate/Routing/Route.php(212): Illuminate/Routing/Route->runController()
#20 D:/FREELANCE/NONA/BengkelKu-POS/vendor/laravel/framework/src/Illuminate/Routing/Router.php(808): Illuminate/Routing/Route->run()
#21 D:/FREELANCE/NONA/BengkelKu-POS/vendor/laravel/framework/src/Illuminate/Pipeline/Pipeline.php(170): Illuminate/Routing/Router->Illuminate/Routing/{closure}(Object(Illuminate/Http/Request))
#22 D:/FREELANCE/NONA/BengkelKu-POS/vendor/laravel/framework/src/Illuminate/Routing/Middleware/SubstituteBindings.php(51): Illuminate/Pipeline/Pipeline->Illuminate/Pipeline/{closure}(Object(Illuminate/Http/Request))
#23 D:/FREELANCE/NONA/BengkelKu-POS/vendor/laravel/framework/src/Illuminate/Pipeline/Pipeline.php(209): Illuminate/Routing/Middleware/SubstituteBindings->handle(Object(Illuminate/Http/Request), Object(Closure))
#24 D:/FREELANCE/NONA/BengkelKu-POS/vendor/laravel/framework/src/Illuminate/Foundation/Http/Middleware/VerifyCsrfToken.php(88): Illuminate/Pipeline/Pipeline->Illuminate/Pipeline/{closure}(Object(Illuminate/Http/Request))
#25 D:/FREELANCE/NONA/BengkelKu-POS/vendor/laravel/framework/src/Illuminate/Pipeline/Pipeline.php(209): Illuminate/Foundation/Http/Middleware/VerifyCsrfToken->handle(Object(Illuminate/Http/Request), Object(Closure))
#26 D:/FREELANCE/NONA/BengkelKu-POS/vendor/laravel/framework/src/Illuminate/View/Middleware/ShareErrorsFromSession.php(49): Illuminate/Pipeline/Pipeline->Illuminate/Pipeline/{closure}(Object(Illuminate/Http/Request))
#27 D:/FREELANCE/NONA/BengkelKu-POS/vendor/laravel/framework/src/Illuminate/Pipeline/Pipeline.php(209): Illuminate/View/Middleware/ShareErrorsFromSession->handle(Object(Illuminate/Http/Request), Object(Closure))
#28 D:/FREELANCE/NONA/BengkelKu-POS/vendor/laravel/framework/src/Illuminate/Session/Middleware/StartSession.php(121): Illuminate/Pipeline/Pipeline->Illuminate/Pipeline/{closure}(Object(Illuminate/Http/Request))
#29 D:/FREELANCE/NONA/BengkelKu-POS/vendor/laravel/framework/src/Illuminate/Session/Middleware/StartSession.php(64): Illuminate/Session/Middleware/StartSession->handleStatefulRequest(Object(Illuminate/Http/Request), Object(Illuminate/Session/Store), Object(Closure))
#30 D:/FREELANCE/NONA/BengkelKu-POS/vendor/laravel/framework/src/Illuminate/Pipeline/Pipeline.php(209): Illuminate/Session/Middleware/StartSession->handle(Object(Illuminate/Http/Request), Object(Closure))
#31 D:/FREELANCE/NONA/BengkelKu-POS/vendor/laravel/framework/src/Illuminate/Cookie/Middleware/AddQueuedCookiesToResponse.php(37): Illuminate/Pipeline/Pipeline->Illuminate/Pipeline/{closure}(Object(Illuminate/Http/Request))
#32 D:/FREELANCE/NONA/BengkelKu-POS/vendor/laravel/framework/src/Illuminate/Pipeline/Pipeline.php(209): Illuminate/Cookie/Middleware/AddQueuedCookiesToResponse->handle(Object(Illuminate/Http/Request), Object(Closure))
#33 D:/FREELANCE/NONA/BengkelKu-POS/vendor/laravel/framework/src/Illuminate/Cookie/Middleware/EncryptCookies.php(75): Illuminate/Pipeline/Pipeline->Illuminate/Pipeline/{closure}(Object(Illuminate/Http/Request))
#34 D:/FREELANCE/NONA/BengkelKu-POS/vendor/laravel/framework/src/Illuminate/Pipeline/Pipeline.php(209): Illuminate/Cookie/Middleware/EncryptCookies->handle(Object(Illuminate/Http/Request), Object(Closure))
#35 D:/FREELANCE/NONA/BengkelKu-POS/vendor/laravel/framework/src/Illuminate/Pipeline/Pipeline.php(127): Illuminate/Pipeline/Pipeline->Illuminate/Pipeline/{closure}(Object(Illuminate/Http/Request))
#36 D:/FREELANCE/NONA/BengkelKu-POS/vendor/laravel/framework/src/Illuminate/Routing/Router.php(807): Illuminate/Pipeline/Pipeline->then(Object(Closure))
#37 D:/FREELANCE/NONA/BengkelKu-POS/vendor/laravel/framework/src/Illuminate/Routing/Router.php(786): Illuminate/Routing/Router->runRouteWithinStack(Object(Illuminate/Routing/Route), Object(Illuminate/Http/Request))
#38 D:/FREELANCE/NONA/BengkelKu-POS/vendor/laravel/framework/src/Illuminate/Routing/Router.php(750): Illuminate/Routing/Router->runRoute(Object(Illuminate/Http/Request), Object(Illuminate/Routing/Route))
#39 D:/FREELANCE/NONA/BengkelKu-POS/vendor/laravel/framework/src/Illuminate/Routing/Router.php(739): Illuminate/Routing/Router->dispatchToRoute(Object(Illuminate/Http/Request))
#40 D:/FREELANCE/NONA/BengkelKu-POS/vendor/laravel/framework/src/Illuminate/Foundation/Http/Kernel.php(201): Illuminate/Routing/Router->dispatch(Object(Illuminate/Http/Request))
#41 D:/FREELANCE/NONA/BengkelKu-POS/vendor/laravel/framework/src/Illuminate/Pipeline/Pipeline.php(170): Illuminate/Foundation/Http/Kernel->Illuminate/Foundation/Http/{closure}(Object(Illuminate/Http/Request))
#42 D:/FREELANCE/NONA/BengkelKu-POS/vendor/livewire/livewire/src/Features/SupportDisablingBackButtonCache/DisableBackButtonCacheMiddleware.php(19): Illuminate/Pipeline/Pipeline->Illuminate/Pipeline/{closure}(Object(Illuminate/Http/Request))
#43 D:/FREELANCE/NONA/BengkelKu-POS/vendor/laravel/framework/src/Illuminate/Pipeline/Pipeline.php(209): Livewire/Features/SupportDisablingBackButtonCache/DisableBackButtonCacheMiddleware->handle(Object(Illuminate/Http/Request), Object(Closure))
#44 D:/FREELANCE/NONA/BengkelKu-POS/vendor/laravel/framework/src/Illuminate/Foundation/Http/Middleware/TransformsRequest.php(21): Illuminate/Pipeline/Pipeline->Illuminate/Pipeline/{closure}(Object(Illuminate/Http/Request))
#45 D:/FREELANCE/NONA/BengkelKu-POS/vendor/laravel/framework/src/Illuminate/Foundation/Http/Middleware/ConvertEmptyStringsToNull.php(31): Illuminate/Foundation/Http/Middleware/TransformsRequest->handle(Object(Illuminate/Http/Request), Object(Closure))
#46 D:/FREELANCE/NONA/BengkelKu-POS/vendor/laravel/framework/src/Illuminate/Pipeline/Pipeline.php(209): Illuminate/Foundation/Http/Middleware/ConvertEmptyStringsToNull->handle(Object(Illuminate/Http/Request), Object(Closure))
#47 D:/FREELANCE/NONA/BengkelKu-POS/vendor/laravel/framework/src/Illuminate/Foundation/Http/Middleware/TransformsRequest.php(21): Illuminate/Pipeline/Pipeline->Illuminate/Pipeline/{closure}(Object(Illuminate/Http/Request))
#48 D:/FREELANCE/NONA/BengkelKu-POS/vendor/laravel/framework/src/Illuminate/Foundation/Http/Middleware/TrimStrings.php(51): Illuminate/Foundation/Http/Middleware/TransformsRequest->handle(Object(Illuminate/Http/Request), Object(Closure))
#49 D:/FREELANCE/NONA/BengkelKu-POS/vendor/laravel/framework/src/Illuminate/Pipeline/Pipeline.php(209): Illuminate/Foundation/Http/Middleware/TrimStrings->handle(Object(Illuminate/Http/Request), Object(Closure))
#50 D:/FREELANCE/NONA/BengkelKu-POS/vendor/laravel/framework/src/Illuminate/Http/Middleware/ValidatePostSize.php(27): Illuminate/Pipeline/Pipeline->Illuminate/Pipeline/{closure}(Object(Illuminate/Http/Request))
#51 D:/FREELANCE/NONA/BengkelKu-POS/vendor/laravel/framework/src/Illuminate/Pipeline/Pipeline.php(209): Illuminate/Http/Middleware/ValidatePostSize->handle(Object(Illuminate/Http/Request), Object(Closure))
#52 D:/FREELANCE/NONA/BengkelKu-POS/vendor/laravel/framework/src/Illuminate/Foundation/Http/Middleware/PreventRequestsDuringMaintenance.php(110): Illuminate/Pipeline/Pipeline->Illuminate/Pipeline/{closure}(Object(Illuminate/Http/Request))
#53 D:/FREELANCE/NONA/BengkelKu-POS/vendor/laravel/framework/src/Illuminate/Pipeline/Pipeline.php(209): Illuminate/Foundation/Http/Middleware/PreventRequestsDuringMaintenance->handle(Object(Illuminate/Http/Request), Object(Closure))
#54 D:/FREELANCE/NONA/BengkelKu-POS/vendor/laravel/framework/src/Illuminate/Http/Middleware/HandleCors.php(49): Illuminate/Pipeline/Pipeline->Illuminate/Pipeline/{closure}(Object(Illuminate/Http/Request))
#55 D:/FREELANCE/NONA/BengkelKu-POS/vendor/laravel/framework/src/Illuminate/Pipeline/Pipeline.php(209): Illuminate/Http/Middleware/HandleCors->handle(Object(Illuminate/Http/Request), Object(Closure))
#56 D:/FREELANCE/NONA/BengkelKu-POS/vendor/laravel/framework/src/Illuminate/Http/Middleware/TrustProxies.php(58): Illuminate/Pipeline/Pipeline->Illuminate/Pipeline/{closure}(Object(Illuminate/Http/Request))
#57 D:/FREELANCE/NONA/BengkelKu-POS/vendor/laravel/framework/src/Illuminate/Pipeline/Pipeline.php(209): Illuminate/Http/Middleware/TrustProxies->handle(Object(Illuminate/Http/Request), Object(Closure))
#58 D:/FREELANCE/NONA/BengkelKu-POS/vendor/laravel/framework/src/Illuminate/Foundation/Http/Middleware/InvokeDeferredCallbacks.php(22): Illuminate/Pipeline/Pipeline->Illuminate/Pipeline/{closure}(Object(Illuminate/Http/Request))
#59 D:/FREELANCE/NONA/BengkelKu-POS/vendor/laravel/framework/src/Illuminate/Pipeline/Pipeline.php(209): Illuminate/Foundation/Http/Middleware/InvokeDeferredCallbacks->handle(Object(Illuminate/Http/Request), Object(Closure))
#60 D:/FREELANCE/NONA/BengkelKu-POS/vendor/laravel/framework/src/Illuminate/Pipeline/Pipeline.php(127): Illuminate/Pipeline/Pipeline->Illuminate/Pipeline/{closure}(Object(Illuminate/Http/Request))
#61 D:/FREELANCE/NONA/BengkelKu-POS/vendor/laravel/framework/src/Illuminate/Foundation/Http/Kernel.php(176): Illuminate/Pipeline/Pipeline->then(Object(Closure))
#62 D:/FREELANCE/NONA/BengkelKu-POS/vendor/laravel/framework/src/Illuminate/Foundation/Http/Kernel.php(145): Illuminate/Foundation/Http/Kernel->sendRequestThroughRouter(Object(Illuminate/Http/Request))
#63 D:/FREELANCE/NONA/BengkelKu-POS/public/index.php(19): Illuminate/Foundation/Http/Kernel->handle(Object(Illuminate/Http/Request))
#64 D:/FREELANCE/NONA/BengkelKu-POS/vendor/laravel/framework/src/Illuminate/Foundation/resources/server.php(23): require_once('D://FREELANCE//NO...')
#65 {main}
"} 
[2026-08-30 12:18:48] local.ERROR: Undefined variable $selectedWorkOrder (View: D:\FREELANCE\NONA\BengkelKu-POS\resources\views\livewire\pos\cashier.blade.php) {"exception":"[object] (Illuminate\\View\\ViewException(code: 0): Undefined variable $selectedWorkOrder (View: D:\\FREELANCE\\NONA\\BengkelKu-POS\\resources\\views\\livewire\\pos\\cashier.blade.php) at D:/FREELANCE/NONA/BengkelKu-POS/storage/framework/views/8c9295ba4dacd35f96c2c330b99da7de.php:83)
[stacktrace]
#0 D:/FREELANCE/NONA/BengkelKu-POS/vendor/livewire/livewire/src/Mechanisms/ExtendBlade/ExtendedCompilerEngine.php(58): Illuminate/View/Engines/CompilerEngine->handleViewException(Object(ErrorException), 1)
#1 D:/FREELANCE/NONA/BengkelKu-POS/vendor/livewire/livewire/src/Mechanisms/ExtendBlade/ExtendedCompilerEngine.php(40): Livewire/Mechanisms/ExtendBlade/ExtendedCompilerEngine->handleViewException(Object(ErrorException), 1)
#2 D:/FREELANCE/NONA/BengkelKu-POS/vendor/laravel/framework/src/Illuminate/View/Engines/CompilerEngine.php(75): Livewire/Mechanisms/ExtendBlade/ExtendedCompilerEngine->evaluatePath('D://FREELANCE//NO...', Array)
#3 D:/FREELANCE/NONA/BengkelKu-POS/vendor/livewire/livewire/src/Mechanisms/ExtendBlade/ExtendedCompilerEngine.php(16): Illuminate/View/Engines/CompilerEngine->get('D://FREELANCE//NO...', Array)
#4 D:/FREELANCE/NONA/BengkelKu-POS/vendor/laravel/framework/src/Illuminate/View/View.php(209): Livewire/Mechanisms/ExtendBlade/ExtendedCompilerEngine->get('D://FREELANCE//NO...', Array)
#5 D:/FREELANCE/NONA/BengkelKu-POS/vendor/laravel/framework/src/Illuminate/View/View.php(192): Illuminate/View/View->getContents()
#6 D:/FREELANCE/NONA/BengkelKu-POS/vendor/laravel/framework/src/Illuminate/View/View.php(161): Illuminate/View/View->renderContents()
#7 D:/FREELANCE/NONA/BengkelKu-POS/vendor/livewire/livewire/src/Mechanisms/HandleComponents/HandleComponents.php(288): Illuminate/View/View->render(Object(Closure))
#8 D:/FREELANCE/NONA/BengkelKu-POS/vendor/livewire/livewire/src/Mechanisms/HandleComponents/HandleComponents.php(332): Livewire/Mechanisms/HandleComponents/HandleComponents->Livewire/Mechanisms/HandleComponents/{closure}()
#9 D:/FREELANCE/NONA/BengkelKu-POS/vendor/livewire/livewire/src/Mechanisms/HandleComponents/HandleComponents.php(280): Livewire/Mechanisms/HandleComponents/HandleComponents->trackInRenderStack(Object(App/Livewire/Pos/Cashier), Object(Closure))
#10 D:/FREELANCE/NONA/BengkelKu-POS/vendor/livewire/livewire/src/Mechanisms/HandleComponents/HandleComponents.php(54): Livewire/Mechanisms/HandleComponents/HandleComponents->render(Object(App/Livewire/Pos/Cashier), '<div></div>')
#11 D:/FREELANCE/NONA/BengkelKu-POS/vendor/livewire/livewire/src/LivewireManager.php(73): Livewire/Mechanisms/HandleComponents/HandleComponents->mount('App//Livewire//Po...', Array, NULL)
#12 D:/FREELANCE/NONA/BengkelKu-POS/vendor/livewire/livewire/src/Features/SupportPageComponents/HandlesPageComponents.php(17): Livewire/LivewireManager->mount('App//Livewire//Po...', Array)
#13 D:/FREELANCE/NONA/BengkelKu-POS/vendor/livewire/livewire/src/Features/SupportPageComponents/SupportPageComponents.php(117): Livewire/Component->Livewire/Features/SupportPageComponents/{closure}()
#14 D:/FREELANCE/NONA/BengkelKu-POS/vendor/livewire/livewire/src/Features/SupportPageComponents/HandlesPageComponents.php(14): Livewire/Features/SupportPageComponents/SupportPageComponents::interceptTheRenderOfTheComponentAndRetreiveTheLayoutConfiguration(Object(Closure))
#15 D:/FREELANCE/NONA/BengkelKu-POS/vendor/laravel/framework/src/Illuminate/Routing/ControllerDispatcher.php(47): Livewire/Component->__invoke()
#16 D:/FREELANCE/NONA/BengkelKu-POS/vendor/laravel/framework/src/Illuminate/Routing/Route.php(266): Illuminate/Routing/ControllerDispatcher->dispatch(Object(Illuminate/Routing/Route), Object(App/Livewire/Pos/Cashier), '__invoke')
#17 D:/FREELANCE/NONA/BengkelKu-POS/vendor/laravel/framework/src/Illuminate/Routing/Route.php(212): Illuminate/Routing/Route->runController()
#18 D:/FREELANCE/NONA/BengkelKu-POS/vendor/laravel/framework/src/Illuminate/Routing/Router.php(808): Illuminate/Routing/Route->run()
#19 D:/FREELANCE/NONA/BengkelKu-POS/vendor/laravel/framework/src/Illuminate/Pipeline/Pipeline.php(170): Illuminate/Routing/Router->Illuminate/Routing/{closure}(Object(Illuminate/Http/Request))
#20 D:/FREELANCE/NONA/BengkelKu-POS/vendor/laravel/framework/src/Illuminate/Routing/Middleware/SubstituteBindings.php(51): Illuminate/Pipeline/Pipeline->Illuminate/Pipeline/{closure}(Object(Illuminate/Http/Request))
#21 D:/FREELANCE/NONA/BengkelKu-POS/vendor/laravel/framework/src/Illuminate/Pipeline/Pipeline.php(209): Illuminate/Routing/Middleware/SubstituteBindings->handle(Object(Illuminate/Http/Request), Object(Closure))
#22 D:/FREELANCE/NONA/BengkelKu-POS/vendor/laravel/framework/src/Illuminate/Foundation/Http/Middleware/VerifyCsrfToken.php(88): Illuminate/Pipeline/Pipeline->Illuminate/Pipeline/{closure}(Object(Illuminate/Http/Request))
#23 D:/FREELANCE/NONA/BengkelKu-POS/vendor/laravel/framework/src/Illuminate/Pipeline/Pipeline.php(209): Illuminate/Foundation/Http/Middleware/VerifyCsrfToken->handle(Object(Illuminate/Http/Request), Object(Closure))
#24 D:/FREELANCE/NONA/BengkelKu-POS/vendor/laravel/framework/src/Illuminate/View/Middleware/ShareErrorsFromSession.php(49): Illuminate/Pipeline/Pipeline->Illuminate/Pipeline/{closure}(Object(Illuminate/Http/Request))
#25 D:/FREELANCE/NONA/BengkelKu-POS/vendor/laravel/framework/src/Illuminate/Pipeline/Pipeline.php(209): Illuminate/View/Middleware/ShareErrorsFromSession->handle(Object(Illuminate/Http/Request), Object(Closure))
#26 D:/FREELANCE/NONA/BengkelKu-POS/vendor/laravel/framework/src/Illuminate/Session/Middleware/StartSession.php(121): Illuminate/Pipeline/Pipeline->Illuminate/Pipeline/{closure}(Object(Illuminate/Http/Request))
#27 D:/FREELANCE/NONA/BengkelKu-POS/vendor/laravel/framework/src/Illuminate/Session/Middleware/StartSession.php(64): Illuminate/Session/Middleware/StartSession->handleStatefulRequest(Object(Illuminate/Http/Request), Object(Illuminate/Session/Store), Object(Closure))
#28 D:/FREELANCE/NONA/BengkelKu-POS/vendor/laravel/framework/src/Illuminate/Pipeline/Pipeline.php(209): Illuminate/Session/Middleware/StartSession->handle(Object(Illuminate/Http/Request), Object(Closure))
#29 D:/FREELANCE/NONA/BengkelKu-POS/vendor/laravel/framework/src/Illuminate/Cookie/Middleware/AddQueuedCookiesToResponse.php(37): Illuminate/Pipeline/Pipeline->Illuminate/Pipeline/{closure}(Object(Illuminate/Http/Request))
#30 D:/FREELANCE/NONA/BengkelKu-POS/vendor/laravel/framework/src/Illuminate/Pipeline/Pipeline.php(209): Illuminate/Cookie/Middleware/AddQueuedCookiesToResponse->handle(Object(Illuminate/Http/Request), Object(Closure))
#31 D:/FREELANCE/NONA/BengkelKu-POS/vendor/laravel/framework/src/Illuminate/Cookie/Middleware/EncryptCookies.php(75): Illuminate/Pipeline/Pipeline->Illuminate/Pipeline/{closure}(Object(Illuminate/Http/Request))
#32 D:/FREELANCE/NONA/BengkelKu-POS/vendor/laravel/framework/src/Illuminate/Pipeline/Pipeline.php(209): Illuminate/Cookie/Middleware/EncryptCookies->handle(Object(Illuminate/Http/Request), Object(Closure))
#33 D:/FREELANCE/NONA/BengkelKu-POS/vendor/laravel/framework/src/Illuminate/Pipeline/Pipeline.php(127): Illuminate/Pipeline/Pipeline->Illuminate/Pipeline/{closure}(Object(Illuminate/Http/Request))
#34 D:/FREELANCE/NONA/BengkelKu-POS/vendor/laravel/framework/src/Illuminate/Routing/Router.php(807): Illuminate/Pipeline/Pipeline->then(Object(Closure))
#35 D:/FREELANCE/NONA/BengkelKu-POS/vendor/laravel/framework/src/Illuminate/Routing/Router.php(786): Illuminate/Routing/Router->runRouteWithinStack(Object(Illuminate/Routing/Route), Object(Illuminate/Http/Request))
#36 D:/FREELANCE/NONA/BengkelKu-POS/vendor/laravel/framework/src/Illuminate/Routing/Router.php(750): Illuminate/Routing/Router->runRoute(Object(Illuminate/Http/Request), Object(Illuminate/Routing/Route))
#37 D:/FREELANCE/NONA/BengkelKu-POS/vendor/laravel/framework/src/Illuminate/Routing/Router.php(739): Illuminate/Routing/Router->dispatchToRoute(Object(Illuminate/Http/Request))
#38 D:/FREELANCE/NONA/BengkelKu-POS/vendor/laravel/framework/src/Illuminate/Foundation/Http/Kernel.php(201): Illuminate/Routing/Router->dispatch(Object(Illuminate/Http/Request))
#39 D:/FREELANCE/NONA/BengkelKu-POS/vendor/laravel/framework/src/Illuminate/Pipeline/Pipeline.php(170): Illuminate/Foundation/Http/Kernel->Illuminate/Foundation/Http/{closure}(Object(Illuminate/Http/Request))
#40 D:/FREELANCE/NONA/BengkelKu-POS/vendor/livewire/livewire/src/Features/SupportDisablingBackButtonCache/DisableBackButtonCacheMiddleware.php(19): Illuminate/Pipeline/Pipeline->Illuminate/Pipeline/{closure}(Object(Illuminate/Http/Request))
#41 D:/FREELANCE/NONA/BengkelKu-POS/vendor/laravel/framework/src/Illuminate/Pipeline/Pipeline.php(209): Livewire/Features/SupportDisablingBackButtonCache/DisableBackButtonCacheMiddleware->handle(Object(Illuminate/Http/Request), Object(Closure))
#42 D:/FREELANCE/NONA/BengkelKu-POS/vendor/laravel/framework/src/Illuminate/Foundation/Http/Middleware/TransformsRequest.php(21): Illuminate/Pipeline/Pipeline->Illuminate/Pipeline/{closure}(Object(Illuminate/Http/Request))
#43 D:/FREELANCE/NONA/BengkelKu-POS/vendor/laravel/framework/src/Illuminate/Foundation/Http/Middleware/ConvertEmptyStringsToNull.php(31): Illuminate/Foundation/Http/Middleware/TransformsRequest->handle(Object(Illuminate/Http/Request), Object(Closure))
#44 D:/FREELANCE/NONA/BengkelKu-POS/vendor/laravel/framework/src/Illuminate/Pipeline/Pipeline.php(209): Illuminate/Foundation/Http/Middleware/ConvertEmptyStringsToNull->handle(Object(Illuminate/Http/Request), Object(Closure))
#45 D:/FREELANCE/NONA/BengkelKu-POS/vendor/laravel/framework/src/Illuminate/Foundation/Http/Middleware/TransformsRequest.php(21): Illuminate/Pipeline/Pipeline->Illuminate/Pipeline/{closure}(Object(Illuminate/Http/Request))
#46 D:/FREELANCE/NONA/BengkelKu-POS/vendor/laravel/framework/src/Illuminate/Foundation/Http/Middleware/TrimStrings.php(51): Illuminate/Foundation/Http/Middleware/TransformsRequest->handle(Object(Illuminate/Http/Request), Object(Closure))
#47 D:/FREELANCE/NONA/BengkelKu-POS/vendor/laravel/framework/src/Illuminate/Pipeline/Pipeline.php(209): Illuminate/Foundation/Http/Middleware/TrimStrings->handle(Object(Illuminate/Http/Request), Object(Closure))
#48 D:/FREELANCE/NONA/BengkelKu-POS/vendor/laravel/framework/src/Illuminate/Http/Middleware/ValidatePostSize.php(27): Illuminate/Pipeline/Pipeline->Illuminate/Pipeline/{closure}(Object(Illuminate/Http/Request))
#49 D:/FREELANCE/NONA/BengkelKu-POS/vendor/laravel/framework/src/Illuminate/Pipeline/Pipeline.php(209): Illuminate/Http/Middleware/ValidatePostSize->handle(Object(Illuminate/Http/Request), Object(Closure))
#50 D:/FREELANCE/NONA/BengkelKu-POS/vendor/laravel/framework/src/Illuminate/Foundation/Http/Middleware/PreventRequestsDuringMaintenance.php(110): Illuminate/Pipeline/Pipeline->Illuminate/Pipeline/{closure}(Object(Illuminate/Http/Request))
#51 D:/FREELANCE/NONA/BengkelKu-POS/vendor/laravel/framework/src/Illuminate/Pipeline/Pipeline.php(209): Illuminate/Foundation/Http/Middleware/PreventRequestsDuringMaintenance->handle(Object(Illuminate/Http/Request), Object(Closure))
#52 D:/FREELANCE/NONA/BengkelKu-POS/vendor/laravel/framework/src/Illuminate/Http/Middleware/HandleCors.php(49): Illuminate/Pipeline/Pipeline->Illuminate/Pipeline/{closure}(Object(Illuminate/Http/Request))
#53 D:/FREELANCE/NONA/BengkelKu-POS/vendor/laravel/framework/src/Illuminate/Pipeline/Pipeline.php(209): Illuminate/Http/Middleware/HandleCors->handle(Object(Illuminate/Http/Request), Object(Closure))
#54 D:/FREELANCE/NONA/BengkelKu-POS/vendor/laravel/framework/src/Illuminate/Http/Middleware/TrustProxies.php(58): Illuminate/Pipeline/Pipeline->Illuminate/Pipeline/{closure}(Object(Illuminate/Http/Request))
#55 D:/FREELANCE/NONA/BengkelKu-POS/vendor/laravel/framework/src/Illuminate/Pipeline/Pipeline.php(209): Illuminate/Http/Middleware/TrustProxies->handle(Object(Illuminate/Http/Request), Object(Closure))
#56 D:/FREELANCE/NONA/BengkelKu-POS/vendor/laravel/framework/src/Illuminate/Foundation/Http/Middleware/InvokeDeferredCallbacks.php(22): Illuminate/Pipeline/Pipeline->Illuminate/Pipeline/{closure}(Object(Illuminate/Http/Request))
#57 D:/FREELANCE/NONA/BengkelKu-POS/vendor/laravel/framework/src/Illuminate/Pipeline/Pipeline.php(209): Illuminate/Foundation/Http/Middleware/InvokeDeferredCallbacks->handle(Object(Illuminate/Http/Request), Object(Closure))
#58 D:/FREELANCE/NONA/BengkelKu-POS/vendor/laravel/framework/src/Illuminate/Pipeline/Pipeline.php(127): Illuminate/Pipeline/Pipeline->Illuminate/Pipeline/{closure}(Object(Illuminate/Http/Request))
#59 D:/FREELANCE/NONA/BengkelKu-POS/vendor/laravel/framework/src/Illuminate/Foundation/Http/Kernel.php(176): Illuminate/Pipeline/Pipeline->then(Object(Closure))
#60 D:/FREELANCE/NONA/BengkelKu-POS/vendor/laravel/framework/src/Illuminate/Foundation/Http/Kernel.php(145): Illuminate/Foundation/Http/Kernel->sendRequestThroughRouter(Object(Illuminate/Http/Request))
#61 D:/FREELANCE/NONA/BengkelKu-POS/public/index.php(19): Illuminate/Foundation/Http/Kernel->handle(Object(Illuminate/Http/Request))
#62 D:/FREELANCE/NONA/BengkelKu-POS/vendor/laravel/framework/src/Illuminate/Foundation/resources/server.php(23): require_once('D://FREELANCE//NO...')
#63 {main}

[previous exception] [object] (ErrorException(code: 0): Undefined variable $selectedWorkOrder at D:/FREELANCE/NONA/BengkelKu-POS/storage/framework/views/8c9295ba4dacd35f96c2c330b99da7de.php:83)
[stacktrace]
#0 D:/FREELANCE/NONA/BengkelKu-POS/vendor/laravel/framework/src/Illuminate/Foundation/Bootstrap/HandleExceptions.php(258): Illuminate/Foundation/Bootstrap/HandleExceptions->handleError(2, 'Undefined varia...', 'D://FREELANCE//NO...', 83)
#1 D:/FREELANCE/NONA/BengkelKu-POS/storage/framework/views/8c9295ba4dacd35f96c2c330b99da7de.php(83): Illuminate/Foundation/Bootstrap/HandleExceptions->Illuminate/Foundation/Bootstrap/{closure}(2, 'Undefined varia...', 'D://FREELANCE//NO...', 83)
#2 D:/FREELANCE/NONA/BengkelKu-POS/vendor/livewire/livewire/src/Mechanisms/ExtendBlade/ExtendedCompilerEngine.php(37): include('D://FREELANCE//NO...')
#3 D:/FREELANCE/NONA/BengkelKu-POS/vendor/livewire/livewire/src/Mechanisms/ExtendBlade/ExtendedCompilerEngine.php(38): App/Livewire/Pos/Cashier->Livewire/Mechanisms/ExtendBlade/{closure}()
#4 D:/FREELANCE/NONA/BengkelKu-POS/vendor/laravel/framework/src/Illuminate/View/Engines/CompilerEngine.php(75): Livewire/Mechanisms/ExtendBlade/ExtendedCompilerEngine->evaluatePath('D://FREELANCE//NO...', Array)
#5 D:/FREELANCE/NONA/BengkelKu-POS/vendor/livewire/livewire/src/Mechanisms/ExtendBlade/ExtendedCompilerEngine.php(16): Illuminate/View/Engines/CompilerEngine->get('D://FREELANCE//NO...', Array)
#6 D:/FREELANCE/NONA/BengkelKu-POS/vendor/laravel/framework/src/Illuminate/View/View.php(209): Livewire/Mechanisms/ExtendBlade/ExtendedCompilerEngine->get('D://FREELANCE//NO...', Array)
#7 D:/FREELANCE/NONA/BengkelKu-POS/vendor/laravel/framework/src/Illuminate/View/View.php(192): Illuminate/View/View->getContents()
#8 D:/FREELANCE/NONA/BengkelKu-POS/vendor/laravel/framework/src/Illuminate/View/View.php(161): Illuminate/View/View->renderContents()
#9 D:/FREELANCE/NONA/BengkelKu-POS/vendor/livewire/livewire/src/Mechanisms/HandleComponents/HandleComponents.php(288): Illuminate/View/View->render(Object(Closure))
#10 D:/FREELANCE/NONA/BengkelKu-POS/vendor/livewire/livewire/src/Mechanisms/HandleComponents/HandleComponents.php(332): Livewire/Mechanisms/HandleComponents/HandleComponents->Livewire/Mechanisms/HandleComponents/{closure}()
#11 D:/FREELANCE/NONA/BengkelKu-POS/vendor/livewire/livewire/src/Mechanisms/HandleComponents/HandleComponents.php(280): Livewire/Mechanisms/HandleComponents/HandleComponents->trackInRenderStack(Object(App/Livewire/Pos/Cashier), Object(Closure))
#12 D:/FREELANCE/NONA/BengkelKu-POS/vendor/livewire/livewire/src/Mechanisms/HandleComponents/HandleComponents.php(54): Livewire/Mechanisms/HandleComponents/HandleComponents->render(Object(App/Livewire/Pos/Cashier), '<div></div>')
#13 D:/FREELANCE/NONA/BengkelKu-POS/vendor/livewire/livewire/src/LivewireManager.php(73): Livewire/Mechanisms/HandleComponents/HandleComponents->mount('App//Livewire//Po...', Array, NULL)
#14 D:/FREELANCE/NONA/BengkelKu-POS/vendor/livewire/livewire/src/Features/SupportPageComponents/HandlesPageComponents.php(17): Livewire/LivewireManager->mount('App//Livewire//Po...', Array)
#15 D:/FREELANCE/NONA/BengkelKu-POS/vendor/livewire/livewire/src/Features/SupportPageComponents/SupportPageComponents.php(117): Livewire/Component->Livewire/Features/SupportPageComponents/{closure}()
#16 D:/FREELANCE/NONA/BengkelKu-POS/vendor/livewire/livewire/src/Features/SupportPageComponents/HandlesPageComponents.php(14): Livewire/Features/SupportPageComponents/SupportPageComponents::interceptTheRenderOfTheComponentAndRetreiveTheLayoutConfiguration(Object(Closure))
#17 D:/FREELANCE/NONA/BengkelKu-POS/vendor/laravel/framework/src/Illuminate/Routing/ControllerDispatcher.php(47): Livewire/Component->__invoke()
#18 D:/FREELANCE/NONA/BengkelKu-POS/vendor/laravel/framework/src/Illuminate/Routing/Route.php(266): Illuminate/Routing/ControllerDispatcher->dispatch(Object(Illuminate/Routing/Route), Object(App/Livewire/Pos/Cashier), '__invoke')
#19 D:/FREELANCE/NONA/BengkelKu-POS/vendor/laravel/framework/src/Illuminate/Routing/Route.php(212): Illuminate/Routing/Route->runController()
#20 D:/FREELANCE/NONA/BengkelKu-POS/vendor/laravel/framework/src/Illuminate/Routing/Router.php(808): Illuminate/Routing/Route->run()
#21 D:/FREELANCE/NONA/BengkelKu-POS/vendor/laravel/framework/src/Illuminate/Pipeline/Pipeline.php(170): Illuminate/Routing/Router->Illuminate/Routing/{closure}(Object(Illuminate/Http/Request))
#22 D:/FREELANCE/NONA/BengkelKu-POS/vendor/laravel/framework/src/Illuminate/Routing/Middleware/SubstituteBindings.php(51): Illuminate/Pipeline/Pipeline->Illuminate/Pipeline/{closure}(Object(Illuminate/Http/Request))
#23 D:/FREELANCE/NONA/BengkelKu-POS/vendor/laravel/framework/src/Illuminate/Pipeline/Pipeline.php(209): Illuminate/Routing/Middleware/SubstituteBindings->handle(Object(Illuminate/Http/Request), Object(Closure))
#24 D:/FREELANCE/NONA/BengkelKu-POS/vendor/laravel/framework/src/Illuminate/Foundation/Http/Middleware/VerifyCsrfToken.php(88): Illuminate/Pipeline/Pipeline->Illuminate/Pipeline/{closure}(Object(Illuminate/Http/Request))
#25 D:/FREELANCE/NONA/BengkelKu-POS/vendor/laravel/framework/src/Illuminate/Pipeline/Pipeline.php(209): Illuminate/Foundation/Http/Middleware/VerifyCsrfToken->handle(Object(Illuminate/Http/Request), Object(Closure))
#26 D:/FREELANCE/NONA/BengkelKu-POS/vendor/laravel/framework/src/Illuminate/View/Middleware/ShareErrorsFromSession.php(49): Illuminate/Pipeline/Pipeline->Illuminate/Pipeline/{closure}(Object(Illuminate/Http/Request))
#27 D:/FREELANCE/NONA/BengkelKu-POS/vendor/laravel/framework/src/Illuminate/Pipeline/Pipeline.php(209): Illuminate/View/Middleware/ShareErrorsFromSession->handle(Object(Illuminate/Http/Request), Object(Closure))
#28 D:/FREELANCE/NONA/BengkelKu-POS/vendor/laravel/framework/src/Illuminate/Session/Middleware/StartSession.php(121): Illuminate/Pipeline/Pipeline->Illuminate/Pipeline/{closure}(Object(Illuminate/Http/Request))
#29 D:/FREELANCE/NONA/BengkelKu-POS/vendor/laravel/framework/src/Illuminate/Session/Middleware/StartSession.php(64): Illuminate/Session/Middleware/StartSession->handleStatefulRequest(Object(Illuminate/Http/Request), Object(Illuminate/Session/Store), Object(Closure))
#30 D:/FREELANCE/NONA/BengkelKu-POS/vendor/laravel/framework/src/Illuminate/Pipeline/Pipeline.php(209): Illuminate/Session/Middleware/StartSession->handle(Object(Illuminate/Http/Request), Object(Closure))
#31 D:/FREELANCE/NONA/BengkelKu-POS/vendor/laravel/framework/src/Illuminate/Cookie/Middleware/AddQueuedCookiesToResponse.php(37): Illuminate/Pipeline/Pipeline->Illuminate/Pipeline/{closure}(Object(Illuminate/Http/Request))
#32 D:/FREELANCE/NONA/BengkelKu-POS/vendor/laravel/framework/src/Illuminate/Pipeline/Pipeline.php(209): Illuminate/Cookie/Middleware/AddQueuedCookiesToResponse->handle(Object(Illuminate/Http/Request), Object(Closure))
#33 D:/FREELANCE/NONA/BengkelKu-POS/vendor/laravel/framework/src/Illuminate/Cookie/Middleware/EncryptCookies.php(75): Illuminate/Pipeline/Pipeline->Illuminate/Pipeline/{closure}(Object(Illuminate/Http/Request))
#34 D:/FREELANCE/NONA/BengkelKu-POS/vendor/laravel/framework/src/Illuminate/Pipeline/Pipeline.php(209): Illuminate/Cookie/Middleware/EncryptCookies->handle(Object(Illuminate/Http/Request), Object(Closure))
#35 D:/FREELANCE/NONA/BengkelKu-POS/vendor/laravel/framework/src/Illuminate/Pipeline/Pipeline.php(127): Illuminate/Pipeline/Pipeline->Illuminate/Pipeline/{closure}(Object(Illuminate/Http/Request))
#36 D:/FREELANCE/NONA/BengkelKu-POS/vendor/laravel/framework/src/Illuminate/Routing/Router.php(807): Illuminate/Pipeline/Pipeline->then(Object(Closure))
#37 D:/FREELANCE/NONA/BengkelKu-POS/vendor/laravel/framework/src/Illuminate/Routing/Router.php(786): Illuminate/Routing/Router->runRouteWithinStack(Object(Illuminate/Routing/Route), Object(Illuminate/Http/Request))
#38 D:/FREELANCE/NONA/BengkelKu-POS/vendor/laravel/framework/src/Illuminate/Routing/Router.php(750): Illuminate/Routing/Router->runRoute(Object(Illuminate/Http/Request), Object(Illuminate/Routing/Route))
#39 D:/FREELANCE/NONA/BengkelKu-POS/vendor/laravel/framework/src/Illuminate/Routing/Router.php(739): Illuminate/Routing/Router->dispatchToRoute(Object(Illuminate/Http/Request))
#40 D:/FREELANCE/NONA/BengkelKu-POS/vendor/laravel/framework/src/Illuminate/Foundation/Http/Kernel.php(201): Illuminate/Routing/Router->dispatch(Object(Illuminate/Http/Request))
#41 D:/FREELANCE/NONA/BengkelKu-POS/vendor/laravel/framework/src/Illuminate/Pipeline/Pipeline.php(170): Illuminate/Foundation/Http/Kernel->Illuminate/Foundation/Http/{closure}(Object(Illuminate/Http/Request))
#42 D:/FREELANCE/NONA/BengkelKu-POS/vendor/livewire/livewire/src/Features/SupportDisablingBackButtonCache/DisableBackButtonCacheMiddleware.php(19): Illuminate/Pipeline/Pipeline->Illuminate/Pipeline/{closure}(Object(Illuminate/Http/Request))
#43 D:/FREELANCE/NONA/BengkelKu-POS/vendor/laravel/framework/src/Illuminate/Pipeline/Pipeline.php(209): Livewire/Features/SupportDisablingBackButtonCache/DisableBackButtonCacheMiddleware->handle(Object(Illuminate/Http/Request), Object(Closure))
#44 D:/FREELANCE/NONA/BengkelKu-POS/vendor/laravel/framework/src/Illuminate/Foundation/Http/Middleware/TransformsRequest.php(21): Illuminate/Pipeline/Pipeline->Illuminate/Pipeline/{closure}(Object(Illuminate/Http/Request))
#45 D:/FREELANCE/NONA/BengkelKu-POS/vendor/laravel/framework/src/Illuminate/Foundation/Http/Middleware/ConvertEmptyStringsToNull.php(31): Illuminate/Foundation/Http/Middleware/TransformsRequest->handle(Object(Illuminate/Http/Request), Object(Closure))
#46 D:/FREELANCE/NONA/BengkelKu-POS/vendor/laravel/framework/src/Illuminate/Pipeline/Pipeline.php(209): Illuminate/Foundation/Http/Middleware/ConvertEmptyStringsToNull->handle(Object(Illuminate/Http/Request), Object(Closure))
#47 D:/FREELANCE/NONA/BengkelKu-POS/vendor/laravel/framework/src/Illuminate/Foundation/Http/Middleware/TransformsRequest.php(21): Illuminate/Pipeline/Pipeline->Illuminate/Pipeline/{closure}(Object(Illuminate/Http/Request))
#48 D:/FREELANCE/NONA/BengkelKu-POS/vendor/laravel/framework/src/Illuminate/Foundation/Http/Middleware/TrimStrings.php(51): Illuminate/Foundation/Http/Middleware/TransformsRequest->handle(Object(Illuminate/Http/Request), Object(Closure))
#49 D:/FREELANCE/NONA/BengkelKu-POS/vendor/laravel/framework/src/Illuminate/Pipeline/Pipeline.php(209): Illuminate/Foundation/Http/Middleware/TrimStrings->handle(Object(Illuminate/Http/Request), Object(Closure))
#50 D:/FREELANCE/NONA/BengkelKu-POS/vendor/laravel/framework/src/Illuminate/Http/Middleware/ValidatePostSize.php(27): Illuminate/Pipeline/Pipeline->Illuminate/Pipeline/{closure}(Object(Illuminate/Http/Request))
#51 D:/FREELANCE/NONA/BengkelKu-POS/vendor/laravel/framework/src/Illuminate/Pipeline/Pipeline.php(209): Illuminate/Http/Middleware/ValidatePostSize->handle(Object(Illuminate/Http/Request), Object(Closure))
#52 D:/FREELANCE/NONA/BengkelKu-POS/vendor/laravel/framework/src/Illuminate/Foundation/Http/Middleware/PreventRequestsDuringMaintenance.php(110): Illuminate/Pipeline/Pipeline->Illuminate/Pipeline/{closure}(Object(Illuminate/Http/Request))
#53 D:/FREELANCE/NONA/BengkelKu-POS/vendor/laravel/framework/src/Illuminate/Pipeline/Pipeline.php(209): Illuminate/Foundation/Http/Middleware/PreventRequestsDuringMaintenance->handle(Object(Illuminate/Http/Request), Object(Closure))
#54 D:/FREELANCE/NONA/BengkelKu-POS/vendor/laravel/framework/src/Illuminate/Http/Middleware/HandleCors.php(49): Illuminate/Pipeline/Pipeline->Illuminate/Pipeline/{closure}(Object(Illuminate/Http/Request))
#55 D:/FREELANCE/NONA/BengkelKu-POS/vendor/laravel/framework/src/Illuminate/Pipeline/Pipeline.php(209): Illuminate/Http/Middleware/HandleCors->handle(Object(Illuminate/Http/Request), Object(Closure))
#56 D:/FREELANCE/NONA/BengkelKu-POS/vendor/laravel/framework/src/Illuminate/Http/Middleware/TrustProxies.php(58): Illuminate/Pipeline/Pipeline->Illuminate/Pipeline/{closure}(Object(Illuminate/Http/Request))
#57 D:/FREELANCE/NONA/BengkelKu-POS/vendor/laravel/framework/src/Illuminate/Pipeline/Pipeline.php(209): Illuminate/Http/Middleware/TrustProxies->handle(Object(Illuminate/Http/Request), Object(Closure))
#58 D:/FREELANCE/NONA/BengkelKu-POS/vendor/laravel/framework/src/Illuminate/Foundation/Http/Middleware/InvokeDeferredCallbacks.php(22): Illuminate/Pipeline/Pipeline->Illuminate/Pipeline/{closure}(Object(Illuminate/Http/Request))
#59 D:/FREELANCE/NONA/BengkelKu-POS/vendor/laravel/framework/src/Illuminate/Pipeline/Pipeline.php(209): Illuminate/Foundation/Http/Middleware/InvokeDeferredCallbacks->handle(Object(Illuminate/Http/Request), Object(Closure))
#60 D:/FREELANCE/NONA/BengkelKu-POS/vendor/laravel/framework/src/Illuminate/Pipeline/Pipeline.php(127): Illuminate/Pipeline/Pipeline->Illuminate/Pipeline/{closure}(Object(Illuminate/Http/Request))
#61 D:/FREELANCE/NONA/BengkelKu-POS/vendor/laravel/framework/src/Illuminate/Foundation/Http/Kernel.php(176): Illuminate/Pipeline/Pipeline->then(Object(Closure))
#62 D:/FREELANCE/NONA/BengkelKu-POS/vendor/laravel/framework/src/Illuminate/Foundation/Http/Kernel.php(145): Illuminate/Foundation/Http/Kernel->sendRequestThroughRouter(Object(Illuminate/Http/Request))
#63 D:/FREELANCE/NONA/BengkelKu-POS/public/index.php(19): Illuminate/Foundation/Http/Kernel->handle(Object(Illuminate/Http/Request))
#64 D:/FREELANCE/NONA/BengkelKu-POS/vendor/laravel/framework/src/Illuminate/Foundation/resources/server.php(23): require_once('D://FREELANCE//NO...')
#65 {main}
"} 
[2026-08-30 12:33:58] local.ERROR: Undefined variable $selectedWorkOrder (View: D:\FREELANCE\NONA\BengkelKu-POS\resources\views\livewire\pos\cashier.blade.php) {"exception":"[object] (Illuminate\\View\\ViewException(code: 0): Undefined variable $selectedWorkOrder (View: D:\\FREELANCE\\NONA\\BengkelKu-POS\\resources\\views\\livewire\\pos\\cashier.blade.php) at D:/FREELANCE/NONA/BengkelKu-POS/storage/framework/views/8c9295ba4dacd35f96c2c330b99da7de.php:83)
[stacktrace]
#0 D:/FREELANCE/NONA/BengkelKu-POS/vendor/livewire/livewire/src/Mechanisms/ExtendBlade/ExtendedCompilerEngine.php(58): Illuminate/View/Engines/CompilerEngine->handleViewException(Object(ErrorException), 1)
#1 D:/FREELANCE/NONA/BengkelKu-POS/vendor/livewire/livewire/src/Mechanisms/ExtendBlade/ExtendedCompilerEngine.php(40): Livewire/Mechanisms/ExtendBlade/ExtendedCompilerEngine->handleViewException(Object(ErrorException), 1)
#2 D:/FREELANCE/NONA/BengkelKu-POS/vendor/laravel/framework/src/Illuminate/View/Engines/CompilerEngine.php(75): Livewire/Mechanisms/ExtendBlade/ExtendedCompilerEngine->evaluatePath('D://FREELANCE//NO...', Array)
#3 D:/FREELANCE/NONA/BengkelKu-POS/vendor/livewire/livewire/src/Mechanisms/ExtendBlade/ExtendedCompilerEngine.php(16): Illuminate/View/Engines/CompilerEngine->get('D://FREELANCE//NO...', Array)
#4 D:/FREELANCE/NONA/BengkelKu-POS/vendor/laravel/framework/src/Illuminate/View/View.php(209): Livewire/Mechanisms/ExtendBlade/ExtendedCompilerEngine->get('D://FREELANCE//NO...', Array)
#5 D:/FREELANCE/NONA/BengkelKu-POS/vendor/laravel/framework/src/Illuminate/View/View.php(192): Illuminate/View/View->getContents()
#6 D:/FREELANCE/NONA/BengkelKu-POS/vendor/laravel/framework/src/Illuminate/View/View.php(161): Illuminate/View/View->renderContents()
#7 D:/FREELANCE/NONA/BengkelKu-POS/vendor/livewire/livewire/src/Mechanisms/HandleComponents/HandleComponents.php(288): Illuminate/View/View->render(Object(Closure))
#8 D:/FREELANCE/NONA/BengkelKu-POS/vendor/livewire/livewire/src/Mechanisms/HandleComponents/HandleComponents.php(332): Livewire/Mechanisms/HandleComponents/HandleComponents->Livewire/Mechanisms/HandleComponents/{closure}()
#9 D:/FREELANCE/NONA/BengkelKu-POS/vendor/livewire/livewire/src/Mechanisms/HandleComponents/HandleComponents.php(280): Livewire/Mechanisms/HandleComponents/HandleComponents->trackInRenderStack(Object(App/Livewire/Pos/Cashier), Object(Closure))
#10 D:/FREELANCE/NONA/BengkelKu-POS/vendor/livewire/livewire/src/Mechanisms/HandleComponents/HandleComponents.php(54): Livewire/Mechanisms/HandleComponents/HandleComponents->render(Object(App/Livewire/Pos/Cashier), '<div></div>')
#11 D:/FREELANCE/NONA/BengkelKu-POS/vendor/livewire/livewire/src/LivewireManager.php(73): Livewire/Mechanisms/HandleComponents/HandleComponents->mount('App//Livewire//Po...', Array, NULL)
#12 D:/FREELANCE/NONA/BengkelKu-POS/vendor/livewire/livewire/src/Features/SupportPageComponents/HandlesPageComponents.php(17): Livewire/LivewireManager->mount('App//Livewire//Po...', Array)
#13 D:/FREELANCE/NONA/BengkelKu-POS/vendor/livewire/livewire/src/Features/SupportPageComponents/SupportPageComponents.php(117): Livewire/Component->Livewire/Features/SupportPageComponents/{closure}()
#14 D:/FREELANCE/NONA/BengkelKu-POS/vendor/livewire/livewire/src/Features/SupportPageComponents/HandlesPageComponents.php(14): Livewire/Features/SupportPageComponents/SupportPageComponents::interceptTheRenderOfTheComponentAndRetreiveTheLayoutConfiguration(Object(Closure))
#15 D:/FREELANCE/NONA/BengkelKu-POS/vendor/laravel/framework/src/Illuminate/Routing/ControllerDispatcher.php(47): Livewire/Component->__invoke()
#16 D:/FREELANCE/NONA/BengkelKu-POS/vendor/laravel/framework/src/Illuminate/Routing/Route.php(266): Illuminate/Routing/ControllerDispatcher->dispatch(Object(Illuminate/Routing/Route), Object(App/Livewire/Pos/Cashier), '__invoke')
#17 D:/FREELANCE/NONA/BengkelKu-POS/vendor/laravel/framework/src/Illuminate/Routing/Route.php(212): Illuminate/Routing/Route->runController()
#18 D:/FREELANCE/NONA/BengkelKu-POS/vendor/laravel/framework/src/Illuminate/Routing/Router.php(808): Illuminate/Routing/Route->run()
#19 D:/FREELANCE/NONA/BengkelKu-POS/vendor/laravel/framework/src/Illuminate/Pipeline/Pipeline.php(170): Illuminate/Routing/Router->Illuminate/Routing/{closure}(Object(Illuminate/Http/Request))
#20 D:/FREELANCE/NONA/BengkelKu-POS/vendor/laravel/framework/src/Illuminate/Routing/Middleware/SubstituteBindings.php(51): Illuminate/Pipeline/Pipeline->Illuminate/Pipeline/{closure}(Object(Illuminate/Http/Request))
#21 D:/FREELANCE/NONA/BengkelKu-POS/vendor/laravel/framework/src/Illuminate/Pipeline/Pipeline.php(209): Illuminate/Routing/Middleware/SubstituteBindings->handle(Object(Illuminate/Http/Request), Object(Closure))
#22 D:/FREELANCE/NONA/BengkelKu-POS/vendor/laravel/framework/src/Illuminate/Foundation/Http/Middleware/VerifyCsrfToken.php(88): Illuminate/Pipeline/Pipeline->Illuminate/Pipeline/{closure}(Object(Illuminate/Http/Request))
#23 D:/FREELANCE/NONA/BengkelKu-POS/vendor/laravel/framework/src/Illuminate/Pipeline/Pipeline.php(209): Illuminate/Foundation/Http/Middleware/VerifyCsrfToken->handle(Object(Illuminate/Http/Request), Object(Closure))
#24 D:/FREELANCE/NONA/BengkelKu-POS/vendor/laravel/framework/src/Illuminate/View/Middleware/ShareErrorsFromSession.php(49): Illuminate/Pipeline/Pipeline->Illuminate/Pipeline/{closure}(Object(Illuminate/Http/Request))
#25 D:/FREELANCE/NONA/BengkelKu-POS/vendor/laravel/framework/src/Illuminate/Pipeline/Pipeline.php(209): Illuminate/View/Middleware/ShareErrorsFromSession->handle(Object(Illuminate/Http/Request), Object(Closure))
#26 D:/FREELANCE/NONA/BengkelKu-POS/vendor/laravel/framework/src/Illuminate/Session/Middleware/StartSession.php(121): Illuminate/Pipeline/Pipeline->Illuminate/Pipeline/{closure}(Object(Illuminate/Http/Request))
#27 D:/FREELANCE/NONA/BengkelKu-POS/vendor/laravel/framework/src/Illuminate/Session/Middleware/StartSession.php(64): Illuminate/Session/Middleware/StartSession->handleStatefulRequest(Object(Illuminate/Http/Request), Object(Illuminate/Session/Store), Object(Closure))
#28 D:/FREELANCE/NONA/BengkelKu-POS/vendor/laravel/framework/src/Illuminate/Pipeline/Pipeline.php(209): Illuminate/Session/Middleware/StartSession->handle(Object(Illuminate/Http/Request), Object(Closure))
#29 D:/FREELANCE/NONA/BengkelKu-POS/vendor/laravel/framework/src/Illuminate/Cookie/Middleware/AddQueuedCookiesToResponse.php(37): Illuminate/Pipeline/Pipeline->Illuminate/Pipeline/{closure}(Object(Illuminate/Http/Request))
#30 D:/FREELANCE/NONA/BengkelKu-POS/vendor/laravel/framework/src/Illuminate/Pipeline/Pipeline.php(209): Illuminate/Cookie/Middleware/AddQueuedCookiesToResponse->handle(Object(Illuminate/Http/Request), Object(Closure))
#31 D:/FREELANCE/NONA/BengkelKu-POS/vendor/laravel/framework/src/Illuminate/Cookie/Middleware/EncryptCookies.php(75): Illuminate/Pipeline/Pipeline->Illuminate/Pipeline/{closure}(Object(Illuminate/Http/Request))
#32 D:/FREELANCE/NONA/BengkelKu-POS/vendor/laravel/framework/src/Illuminate/Pipeline/Pipeline.php(209): Illuminate/Cookie/Middleware/EncryptCookies->handle(Object(Illuminate/Http/Request), Object(Closure))
#33 D:/FREELANCE/NONA/BengkelKu-POS/vendor/laravel/framework/src/Illuminate/Pipeline/Pipeline.php(127): Illuminate/Pipeline/Pipeline->Illuminate/Pipeline/{closure}(Object(Illuminate/Http/Request))
#34 D:/FREELANCE/NONA/BengkelKu-POS/vendor/laravel/framework/src/Illuminate/Routing/Router.php(807): Illuminate/Pipeline/Pipeline->then(Object(Closure))
#35 D:/FREELANCE/NONA/BengkelKu-POS/vendor/laravel/framework/src/Illuminate/Routing/Router.php(786): Illuminate/Routing/Router->runRouteWithinStack(Object(Illuminate/Routing/Route), Object(Illuminate/Http/Request))
#36 D:/FREELANCE/NONA/BengkelKu-POS/vendor/laravel/framework/src/Illuminate/Routing/Router.php(750): Illuminate/Routing/Router->runRoute(Object(Illuminate/Http/Request), Object(Illuminate/Routing/Route))
#37 D:/FREELANCE/NONA/BengkelKu-POS/vendor/laravel/framework/src/Illuminate/Routing/Router.php(739): Illuminate/Routing/Router->dispatchToRoute(Object(Illuminate/Http/Request))
#38 D:/FREELANCE/NONA/BengkelKu-POS/vendor/laravel/framework/src/Illuminate/Foundation/Http/Kernel.php(201): Illuminate/Routing/Router->dispatch(Object(Illuminate/Http/Request))
#39 D:/FREELANCE/NONA/BengkelKu-POS/vendor/laravel/framework/src/Illuminate/Pipeline/Pipeline.php(170): Illuminate/Foundation/Http/Kernel->Illuminate/Foundation/Http/{closure}(Object(Illuminate/Http/Request))
#40 D:/FREELANCE/NONA/BengkelKu-POS/vendor/livewire/livewire/src/Features/SupportDisablingBackButtonCache/DisableBackButtonCacheMiddleware.php(19): Illuminate/Pipeline/Pipeline->Illuminate/Pipeline/{closure}(Object(Illuminate/Http/Request))
#41 D:/FREELANCE/NONA/BengkelKu-POS/vendor/laravel/framework/src/Illuminate/Pipeline/Pipeline.php(209): Livewire/Features/SupportDisablingBackButtonCache/DisableBackButtonCacheMiddleware->handle(Object(Illuminate/Http/Request), Object(Closure))
#42 D:/FREELANCE/NONA/BengkelKu-POS/vendor/laravel/framework/src/Illuminate/Foundation/Http/Middleware/TransformsRequest.php(21): Illuminate/Pipeline/Pipeline->Illuminate/Pipeline/{closure}(Object(Illuminate/Http/Request))
#43 D:/FREELANCE/NONA/BengkelKu-POS/vendor/laravel/framework/src/Illuminate/Foundation/Http/Middleware/ConvertEmptyStringsToNull.php(31): Illuminate/Foundation/Http/Middleware/TransformsRequest->handle(Object(Illuminate/Http/Request), Object(Closure))
#44 D:/FREELANCE/NONA/BengkelKu-POS/vendor/laravel/framework/src/Illuminate/Pipeline/Pipeline.php(209): Illuminate/Foundation/Http/Middleware/ConvertEmptyStringsToNull->handle(Object(Illuminate/Http/Request), Object(Closure))
#45 D:/FREELANCE/NONA/BengkelKu-POS/vendor/laravel/framework/src/Illuminate/Foundation/Http/Middleware/TransformsRequest.php(21): Illuminate/Pipeline/Pipeline->Illuminate/Pipeline/{closure}(Object(Illuminate/Http/Request))
#46 D:/FREELANCE/NONA/BengkelKu-POS/vendor/laravel/framework/src/Illuminate/Foundation/Http/Middleware/TrimStrings.php(51): Illuminate/Foundation/Http/Middleware/TransformsRequest->handle(Object(Illuminate/Http/Request), Object(Closure))
#47 D:/FREELANCE/NONA/BengkelKu-POS/vendor/laravel/framework/src/Illuminate/Pipeline/Pipeline.php(209): Illuminate/Foundation/Http/Middleware/TrimStrings->handle(Object(Illuminate/Http/Request), Object(Closure))
#48 D:/FREELANCE/NONA/BengkelKu-POS/vendor/laravel/framework/src/Illuminate/Http/Middleware/ValidatePostSize.php(27): Illuminate/Pipeline/Pipeline->Illuminate/Pipeline/{closure}(Object(Illuminate/Http/Request))
#49 D:/FREELANCE/NONA/BengkelKu-POS/vendor/laravel/framework/src/Illuminate/Pipeline/Pipeline.php(209): Illuminate/Http/Middleware/ValidatePostSize->handle(Object(Illuminate/Http/Request), Object(Closure))
#50 D:/FREELANCE/NONA/BengkelKu-POS/vendor/laravel/framework/src/Illuminate/Foundation/Http/Middleware/PreventRequestsDuringMaintenance.php(110): Illuminate/Pipeline/Pipeline->Illuminate/Pipeline/{closure}(Object(Illuminate/Http/Request))
#51 D:/FREELANCE/NONA/BengkelKu-POS/vendor/laravel/framework/src/Illuminate/Pipeline/Pipeline.php(209): Illuminate/Foundation/Http/Middleware/PreventRequestsDuringMaintenance->handle(Object(Illuminate/Http/Request), Object(Closure))
#52 D:/FREELANCE/NONA/BengkelKu-POS/vendor/laravel/framework/src/Illuminate/Http/Middleware/HandleCors.php(49): Illuminate/Pipeline/Pipeline->Illuminate/Pipeline/{closure}(Object(Illuminate/Http/Request))
#53 D:/FREELANCE/NONA/BengkelKu-POS/vendor/laravel/framework/src/Illuminate/Pipeline/Pipeline.php(209): Illuminate/Http/Middleware/HandleCors->handle(Object(Illuminate/Http/Request), Object(Closure))
#54 D:/FREELANCE/NONA/BengkelKu-POS/vendor/laravel/framework/src/Illuminate/Http/Middleware/TrustProxies.php(58): Illuminate/Pipeline/Pipeline->Illuminate/Pipeline/{closure}(Object(Illuminate/Http/Request))
#55 D:/FREELANCE/NONA/BengkelKu-POS/vendor/laravel/framework/src/Illuminate/Pipeline/Pipeline.php(209): Illuminate/Http/Middleware/TrustProxies->handle(Object(Illuminate/Http/Request), Object(Closure))
#56 D:/FREELANCE/NONA/BengkelKu-POS/vendor/laravel/framework/src/Illuminate/Foundation/Http/Middleware/InvokeDeferredCallbacks.php(22): Illuminate/Pipeline/Pipeline->Illuminate/Pipeline/{closure}(Object(Illuminate/Http/Request))
#57 D:/FREELANCE/NONA/BengkelKu-POS/vendor/laravel/framework/src/Illuminate/Pipeline/Pipeline.php(209): Illuminate/Foundation/Http/Middleware/InvokeDeferredCallbacks->handle(Object(Illuminate/Http/Request), Object(Closure))
#58 D:/FREELANCE/NONA/BengkelKu-POS/vendor/laravel/framework/src/Illuminate/Pipeline/Pipeline.php(127): Illuminate/Pipeline/Pipeline->Illuminate/Pipeline/{closure}(Object(Illuminate/Http/Request))
#59 D:/FREELANCE/NONA/BengkelKu-POS/vendor/laravel/framework/src/Illuminate/Foundation/Http/Kernel.php(176): Illuminate/Pipeline/Pipeline->then(Object(Closure))
#60 D:/FREELANCE/NONA/BengkelKu-POS/vendor/laravel/framework/src/Illuminate/Foundation/Http/Kernel.php(145): Illuminate/Foundation/Http/Kernel->sendRequestThroughRouter(Object(Illuminate/Http/Request))
#61 D:/FREELANCE/NONA/BengkelKu-POS/public/index.php(19): Illuminate/Foundation/Http/Kernel->handle(Object(Illuminate/Http/Request))
#62 D:/FREELANCE/NONA/BengkelKu-POS/vendor/laravel/framework/src/Illuminate/Foundation/resources/server.php(23): require_once('D://FREELANCE//NO...')
#63 {main}

[previous exception] [object] (ErrorException(code: 0): Undefined variable $selectedWorkOrder at D:/FREELANCE/NONA/BengkelKu-POS/storage/framework/views/8c9295ba4dacd35f96c2c330b99da7de.php:83)
[stacktrace]
#0 D:/FREELANCE/NONA/BengkelKu-POS/vendor/laravel/framework/src/Illuminate/Foundation/Bootstrap/HandleExceptions.php(258): Illuminate/Foundation/Bootstrap/HandleExceptions->handleError(2, 'Undefined varia...', 'D://FREELANCE//NO...', 83)
#1 D:/FREELANCE/NONA/BengkelKu-POS/storage/framework/views/8c9295ba4dacd35f96c2c330b99da7de.php(83): Illuminate/Foundation/Bootstrap/HandleExceptions->Illuminate/Foundation/Bootstrap/{closure}(2, 'Undefined varia...', 'D://FREELANCE//NO...', 83)
#2 D:/FREELANCE/NONA/BengkelKu-POS/vendor/livewire/livewire/src/Mechanisms/ExtendBlade/ExtendedCompilerEngine.php(37): include('D://FREELANCE//NO...')
#3 D:/FREELANCE/NONA/BengkelKu-POS/vendor/livewire/livewire/src/Mechanisms/ExtendBlade/ExtendedCompilerEngine.php(38): App/Livewire/Pos/Cashier->Livewire/Mechanisms/ExtendBlade/{closure}()
#4 D:/FREELANCE/NONA/BengkelKu-POS/vendor/laravel/framework/src/Illuminate/View/Engines/CompilerEngine.php(75): Livewire/Mechanisms/ExtendBlade/ExtendedCompilerEngine->evaluatePath('D://FREELANCE//NO...', Array)
#5 D:/FREELANCE/NONA/BengkelKu-POS/vendor/livewire/livewire/src/Mechanisms/ExtendBlade/ExtendedCompilerEngine.php(16): Illuminate/View/Engines/CompilerEngine->get('D://FREELANCE//NO...', Array)
#6 D:/FREELANCE/NONA/BengkelKu-POS/vendor/laravel/framework/src/Illuminate/View/View.php(209): Livewire/Mechanisms/ExtendBlade/ExtendedCompilerEngine->get('D://FREELANCE//NO...', Array)
#7 D:/FREELANCE/NONA/BengkelKu-POS/vendor/laravel/framework/src/Illuminate/View/View.php(192): Illuminate/View/View->getContents()
#8 D:/FREELANCE/NONA/BengkelKu-POS/vendor/laravel/framework/src/Illuminate/View/View.php(161): Illuminate/View/View->renderContents()
#9 D:/FREELANCE/NONA/BengkelKu-POS/vendor/livewire/livewire/src/Mechanisms/HandleComponents/HandleComponents.php(288): Illuminate/View/View->render(Object(Closure))
#10 D:/FREELANCE/NONA/BengkelKu-POS/vendor/livewire/livewire/src/Mechanisms/HandleComponents/HandleComponents.php(332): Livewire/Mechanisms/HandleComponents/HandleComponents->Livewire/Mechanisms/HandleComponents/{closure}()
#11 D:/FREELANCE/NONA/BengkelKu-POS/vendor/livewire/livewire/src/Mechanisms/HandleComponents/HandleComponents.php(280): Livewire/Mechanisms/HandleComponents/HandleComponents->trackInRenderStack(Object(App/Livewire/Pos/Cashier), Object(Closure))
#12 D:/FREELANCE/NONA/BengkelKu-POS/vendor/livewire/livewire/src/Mechanisms/HandleComponents/HandleComponents.php(54): Livewire/Mechanisms/HandleComponents/HandleComponents->render(Object(App/Livewire/Pos/Cashier), '<div></div>')
#13 D:/FREELANCE/NONA/BengkelKu-POS/vendor/livewire/livewire/src/LivewireManager.php(73): Livewire/Mechanisms/HandleComponents/HandleComponents->mount('App//Livewire//Po...', Array, NULL)
#14 D:/FREELANCE/NONA/BengkelKu-POS/vendor/livewire/livewire/src/Features/SupportPageComponents/HandlesPageComponents.php(17): Livewire/LivewireManager->mount('App//Livewire//Po...', Array)
#15 D:/FREELANCE/NONA/BengkelKu-POS/vendor/livewire/livewire/src/Features/SupportPageComponents/SupportPageComponents.php(117): Livewire/Component->Livewire/Features/SupportPageComponents/{closure}()
#16 D:/FREELANCE/NONA/BengkelKu-POS/vendor/livewire/livewire/src/Features/SupportPageComponents/HandlesPageComponents.php(14): Livewire/Features/SupportPageComponents/SupportPageComponents::interceptTheRenderOfTheComponentAndRetreiveTheLayoutConfiguration(Object(Closure))
#17 D:/FREELANCE/NONA/BengkelKu-POS/vendor/laravel/framework/src/Illuminate/Routing/ControllerDispatcher.php(47): Livewire/Component->__invoke()
#18 D:/FREELANCE/NONA/BengkelKu-POS/vendor/laravel/framework/src/Illuminate/Routing/Route.php(266): Illuminate/Routing/ControllerDispatcher->dispatch(Object(Illuminate/Routing/Route), Object(App/Livewire/Pos/Cashier), '__invoke')
#19 D:/FREELANCE/NONA/BengkelKu-POS/vendor/laravel/framework/src/Illuminate/Routing/Route.php(212): Illuminate/Routing/Route->runController()
#20 D:/FREELANCE/NONA/BengkelKu-POS/vendor/laravel/framework/src/Illuminate/Routing/Router.php(808): Illuminate/Routing/Route->run()
#21 D:/FREELANCE/NONA/BengkelKu-POS/vendor/laravel/framework/src/Illuminate/Pipeline/Pipeline.php(170): Illuminate/Routing/Router->Illuminate/Routing/{closure}(Object(Illuminate/Http/Request))
#22 D:/FREELANCE/NONA/BengkelKu-POS/vendor/laravel/framework/src/Illuminate/Routing/Middleware/SubstituteBindings.php(51): Illuminate/Pipeline/Pipeline->Illuminate/Pipeline/{closure}(Object(Illuminate/Http/Request))
#23 D:/FREELANCE/NONA/BengkelKu-POS/vendor/laravel/framework/src/Illuminate/Pipeline/Pipeline.php(209): Illuminate/Routing/Middleware/SubstituteBindings->handle(Object(Illuminate/Http/Request), Object(Closure))
#24 D:/FREELANCE/NONA/BengkelKu-POS/vendor/laravel/framework/src/Illuminate/Foundation/Http/Middleware/VerifyCsrfToken.php(88): Illuminate/Pipeline/Pipeline->Illuminate/Pipeline/{closure}(Object(Illuminate/Http/Request))
#25 D:/FREELANCE/NONA/BengkelKu-POS/vendor/laravel/framework/src/Illuminate/Pipeline/Pipeline.php(209): Illuminate/Foundation/Http/Middleware/VerifyCsrfToken->handle(Object(Illuminate/Http/Request), Object(Closure))
#26 D:/FREELANCE/NONA/BengkelKu-POS/vendor/laravel/framework/src/Illuminate/View/Middleware/ShareErrorsFromSession.php(49): Illuminate/Pipeline/Pipeline->Illuminate/Pipeline/{closure}(Object(Illuminate/Http/Request))
#27 D:/FREELANCE/NONA/BengkelKu-POS/vendor/laravel/framework/src/Illuminate/Pipeline/Pipeline.php(209): Illuminate/View/Middleware/ShareErrorsFromSession->handle(Object(Illuminate/Http/Request), Object(Closure))
#28 D:/FREELANCE/NONA/BengkelKu-POS/vendor/laravel/framework/src/Illuminate/Session/Middleware/StartSession.php(121): Illuminate/Pipeline/Pipeline->Illuminate/Pipeline/{closure}(Object(Illuminate/Http/Request))
#29 D:/FREELANCE/NONA/BengkelKu-POS/vendor/laravel/framework/src/Illuminate/Session/Middleware/StartSession.php(64): Illuminate/Session/Middleware/StartSession->handleStatefulRequest(Object(Illuminate/Http/Request), Object(Illuminate/Session/Store), Object(Closure))
#30 D:/FREELANCE/NONA/BengkelKu-POS/vendor/laravel/framework/src/Illuminate/Pipeline/Pipeline.php(209): Illuminate/Session/Middleware/StartSession->handle(Object(Illuminate/Http/Request), Object(Closure))
#31 D:/FREELANCE/NONA/BengkelKu-POS/vendor/laravel/framework/src/Illuminate/Cookie/Middleware/AddQueuedCookiesToResponse.php(37): Illuminate/Pipeline/Pipeline->Illuminate/Pipeline/{closure}(Object(Illuminate/Http/Request))
#32 D:/FREELANCE/NONA/BengkelKu-POS/vendor/laravel/framework/src/Illuminate/Pipeline/Pipeline.php(209): Illuminate/Cookie/Middleware/AddQueuedCookiesToResponse->handle(Object(Illuminate/Http/Request), Object(Closure))
#33 D:/FREELANCE/NONA/BengkelKu-POS/vendor/laravel/framework/src/Illuminate/Cookie/Middleware/EncryptCookies.php(75): Illuminate/Pipeline/Pipeline->Illuminate/Pipeline/{closure}(Object(Illuminate/Http/Request))
#34 D:/FREELANCE/NONA/BengkelKu-POS/vendor/laravel/framework/src/Illuminate/Pipeline/Pipeline.php(209): Illuminate/Cookie/Middleware/EncryptCookies->handle(Object(Illuminate/Http/Request), Object(Closure))
#35 D:/FREELANCE/NONA/BengkelKu-POS/vendor/laravel/framework/src/Illuminate/Pipeline/Pipeline.php(127): Illuminate/Pipeline/Pipeline->Illuminate/Pipeline/{closure}(Object(Illuminate/Http/Request))
#36 D:/FREELANCE/NONA/BengkelKu-POS/vendor/laravel/framework/src/Illuminate/Routing/Router.php(807): Illuminate/Pipeline/Pipeline->then(Object(Closure))
#37 D:/FREELANCE/NONA/BengkelKu-POS/vendor/laravel/framework/src/Illuminate/Routing/Router.php(786): Illuminate/Routing/Router->runRouteWithinStack(Object(Illuminate/Routing/Route), Object(Illuminate/Http/Request))
#38 D:/FREELANCE/NONA/BengkelKu-POS/vendor/laravel/framework/src/Illuminate/Routing/Router.php(750): Illuminate/Routing/Router->runRoute(Object(Illuminate/Http/Request), Object(Illuminate/Routing/Route))
#39 D:/FREELANCE/NONA/BengkelKu-POS/vendor/laravel/framework/src/Illuminate/Routing/Router.php(739): Illuminate/Routing/Router->dispatchToRoute(Object(Illuminate/Http/Request))
#40 D:/FREELANCE/NONA/BengkelKu-POS/vendor/laravel/framework/src/Illuminate/Foundation/Http/Kernel.php(201): Illuminate/Routing/Router->dispatch(Object(Illuminate/Http/Request))
#41 D:/FREELANCE/NONA/BengkelKu-POS/vendor/laravel/framework/src/Illuminate/Pipeline/Pipeline.php(170): Illuminate/Foundation/Http/Kernel->Illuminate/Foundation/Http/{closure}(Object(Illuminate/Http/Request))
#42 D:/FREELANCE/NONA/BengkelKu-POS/vendor/livewire/livewire/src/Features/SupportDisablingBackButtonCache/DisableBackButtonCacheMiddleware.php(19): Illuminate/Pipeline/Pipeline->Illuminate/Pipeline/{closure}(Object(Illuminate/Http/Request))
#43 D:/FREELANCE/NONA/BengkelKu-POS/vendor/laravel/framework/src/Illuminate/Pipeline/Pipeline.php(209): Livewire/Features/SupportDisablingBackButtonCache/DisableBackButtonCacheMiddleware->handle(Object(Illuminate/Http/Request), Object(Closure))
#44 D:/FREELANCE/NONA/BengkelKu-POS/vendor/laravel/framework/src/Illuminate/Foundation/Http/Middleware/TransformsRequest.php(21): Illuminate/Pipeline/Pipeline->Illuminate/Pipeline/{closure}(Object(Illuminate/Http/Request))
#45 D:/FREELANCE/NONA/BengkelKu-POS/vendor/laravel/framework/src/Illuminate/Foundation/Http/Middleware/ConvertEmptyStringsToNull.php(31): Illuminate/Foundation/Http/Middleware/TransformsRequest->handle(Object(Illuminate/Http/Request), Object(Closure))
#46 D:/FREELANCE/NONA/BengkelKu-POS/vendor/laravel/framework/src/Illuminate/Pipeline/Pipeline.php(209): Illuminate/Foundation/Http/Middleware/ConvertEmptyStringsToNull->handle(Object(Illuminate/Http/Request), Object(Closure))
#47 D:/FREELANCE/NONA/BengkelKu-POS/vendor/laravel/framework/src/Illuminate/Foundation/Http/Middleware/TransformsRequest.php(21): Illuminate/Pipeline/Pipeline->Illuminate/Pipeline/{closure}(Object(Illuminate/Http/Request))
#48 D:/FREELANCE/NONA/BengkelKu-POS/vendor/laravel/framework/src/Illuminate/Foundation/Http/Middleware/TrimStrings.php(51): Illuminate/Foundation/Http/Middleware/TransformsRequest->handle(Object(Illuminate/Http/Request), Object(Closure))
#49 D:/FREELANCE/NONA/BengkelKu-POS/vendor/laravel/framework/src/Illuminate/Pipeline/Pipeline.php(209): Illuminate/Foundation/Http/Middleware/TrimStrings->handle(Object(Illuminate/Http/Request), Object(Closure))
#50 D:/FREELANCE/NONA/BengkelKu-POS/vendor/laravel/framework/src/Illuminate/Http/Middleware/ValidatePostSize.php(27): Illuminate/Pipeline/Pipeline->Illuminate/Pipeline/{closure}(Object(Illuminate/Http/Request))
#51 D:/FREELANCE/NONA/BengkelKu-POS/vendor/laravel/framework/src/Illuminate/Pipeline/Pipeline.php(209): Illuminate/Http/Middleware/ValidatePostSize->handle(Object(Illuminate/Http/Request), Object(Closure))
#52 D:/FREELANCE/NONA/BengkelKu-POS/vendor/laravel/framework/src/Illuminate/Foundation/Http/Middleware/PreventRequestsDuringMaintenance.php(110): Illuminate/Pipeline/Pipeline->Illuminate/Pipeline/{closure}(Object(Illuminate/Http/Request))
#53 D:/FREELANCE/NONA/BengkelKu-POS/vendor/laravel/framework/src/Illuminate/Pipeline/Pipeline.php(209): Illuminate/Foundation/Http/Middleware/PreventRequestsDuringMaintenance->handle(Object(Illuminate/Http/Request), Object(Closure))
#54 D:/FREELANCE/NONA/BengkelKu-POS/vendor/laravel/framework/src/Illuminate/Http/Middleware/HandleCors.php(49): Illuminate/Pipeline/Pipeline->Illuminate/Pipeline/{closure}(Object(Illuminate/Http/Request))
#55 D:/FREELANCE/NONA/BengkelKu-POS/vendor/laravel/framework/src/Illuminate/Pipeline/Pipeline.php(209): Illuminate/Http/Middleware/HandleCors->handle(Object(Illuminate/Http/Request), Object(Closure))
#56 D:/FREELANCE/NONA/BengkelKu-POS/vendor/laravel/framework/src/Illuminate/Http/Middleware/TrustProxies.php(58): Illuminate/Pipeline/Pipeline->Illuminate/Pipeline/{closure}(Object(Illuminate/Http/Request))
#57 D:/FREELANCE/NONA/BengkelKu-POS/vendor/laravel/framework/src/Illuminate/Pipeline/Pipeline.php(209): Illuminate/Http/Middleware/TrustProxies->handle(Object(Illuminate/Http/Request), Object(Closure))
#58 D:/FREELANCE/NONA/BengkelKu-POS/vendor/laravel/framework/src/Illuminate/Foundation/Http/Middleware/InvokeDeferredCallbacks.php(22): Illuminate/Pipeline/Pipeline->Illuminate/Pipeline/{closure}(Object(Illuminate/Http/Request))
#59 D:/FREELANCE/NONA/BengkelKu-POS/vendor/laravel/framework/src/Illuminate/Pipeline/Pipeline.php(209): Illuminate/Foundation/Http/Middleware/InvokeDeferredCallbacks->handle(Object(Illuminate/Http/Request), Object(Closure))
#60 D:/FREELANCE/NONA/BengkelKu-POS/vendor/laravel/framework/src/Illuminate/Pipeline/Pipeline.php(127): Illuminate/Pipeline/Pipeline->Illuminate/Pipeline/{closure}(Object(Illuminate/Http/Request))
#61 D:/FREELANCE/NONA/BengkelKu-POS/vendor/laravel/framework/src/Illuminate/Foundation/Http/Kernel.php(176): Illuminate/Pipeline/Pipeline->then(Object(Closure))
#62 D:/FREELANCE/NONA/BengkelKu-POS/vendor/laravel/framework/src/Illuminate/Foundation/Http/Kernel.php(145): Illuminate/Foundation/Http/Kernel->sendRequestThroughRouter(Object(Illuminate/Http/Request))
#63 D:/FREELANCE/NONA/BengkelKu-POS/public/index.php(19): Illuminate/Foundation/Http/Kernel->handle(Object(Illuminate/Http/Request))
#64 D:/FREELANCE/NONA/BengkelKu-POS/vendor/laravel/framework/src/Illuminate/Foundation/resources/server.php(23): require_once('D://FREELANCE//NO...')
#65 {main}
"} 
[2026-08-30 14:57:49] local.ERROR: Vite manifest not found at: D:\FREELANCE\NONA\BengkelKu-POS\public\build/manifest.json (View: D:\FREELANCE\NONA\BengkelKu-POS\resources\views\components\app-layout.blade.php) (View: D:\FREELANCE\NONA\BengkelKu-POS\resources\views\components\app-layout.blade.php) {"exception":"[object] (Illuminate\\View\\ViewException(code: 0): Vite manifest not found at: D:\\FREELANCE\\NONA\\BengkelKu-POS\\public\\build/manifest.json (View: D:\\FREELANCE\\NONA\\BengkelKu-POS\\resources\\views\\components\\app-layout.blade.php) (View: D:\\FREELANCE\\NONA\\BengkelKu-POS\\resources\\views\\components\\app-layout.blade.php) at D:/FREELANCE/NONA/BengkelKu-POS/vendor/laravel/framework/src/Illuminate/Foundation/Vite.php:934)
[stacktrace]
#0 D:/FREELANCE/NONA/BengkelKu-POS/vendor/livewire/livewire/src/Mechanisms/ExtendBlade/ExtendedCompilerEngine.php(58): Illuminate/View/Engines/CompilerEngine->handleViewException(Object(Illuminate/View/ViewException), 1)
#1 D:/FREELANCE/NONA/BengkelKu-POS/vendor/laravel/framework/src/Illuminate/View/Engines/PhpEngine.php(60): Livewire/Mechanisms/ExtendBlade/ExtendedCompilerEngine->handleViewException(Object(Illuminate/View/ViewException), 1)
#2 D:/FREELANCE/NONA/BengkelKu-POS/vendor/livewire/livewire/src/Mechanisms/ExtendBlade/ExtendedCompilerEngine.php(22): Illuminate/View/Engines/PhpEngine->evaluatePath('D://FREELANCE//NO...', Array)
#3 D:/FREELANCE/NONA/BengkelKu-POS/vendor/laravel/framework/src/Illuminate/View/Engines/CompilerEngine.php(75): Livewire/Mechanisms/ExtendBlade/ExtendedCompilerEngine->evaluatePath('D://FREELANCE//NO...', Array)
#4 D:/FREELANCE/NONA/BengkelKu-POS/vendor/livewire/livewire/src/Mechanisms/ExtendBlade/ExtendedCompilerEngine.php(10): Illuminate/View/Engines/CompilerEngine->get('D://FREELANCE//NO...', Array)
#5 D:/FREELANCE/NONA/BengkelKu-POS/vendor/laravel/framework/src/Illuminate/View/View.php(209): Livewire/Mechanisms/ExtendBlade/ExtendedCompilerEngine->get('D://FREELANCE//NO...', Array)
#6 D:/FREELANCE/NONA/BengkelKu-POS/vendor/laravel/framework/src/Illuminate/View/View.php(192): Illuminate/View/View->getContents()
#7 D:/FREELANCE/NONA/BengkelKu-POS/vendor/laravel/framework/src/Illuminate/View/View.php(161): Illuminate/View/View->renderContents()
#8 D:/FREELANCE/NONA/BengkelKu-POS/vendor/laravel/framework/src/Illuminate/View/Compilers/BladeCompiler.php(337): Illuminate/View/View->render()
#9 D:/FREELANCE/NONA/BengkelKu-POS/vendor/laravel/framework/src/Illuminate/Support/Facades/Facade.php(361): Illuminate/View/Compilers/BladeCompiler::render('    <?php $layo...', Array)
#10 D:/FREELANCE/NONA/BengkelKu-POS/vendor/livewire/livewire/src/Features/SupportPageComponents/SupportPageComponents.php(153): Illuminate/Support/Facades/Facade::__callStatic('render', Array)
#11 D:/FREELANCE/NONA/BengkelKu-POS/vendor/livewire/livewire/src/Features/SupportPageComponents/HandlesPageComponents.php(24): Livewire/Features/SupportPageComponents/SupportPageComponents::renderContentsIntoLayout('<div wire:snaps...', Object(Livewire/Features/SupportPageComponents/PageComponentConfig))
#12 D:/FREELANCE/NONA/BengkelKu-POS/vendor/laravel/framework/src/Illuminate/Routing/ControllerDispatcher.php(47): Livewire/Component->__invoke()
#13 D:/FREELANCE/NONA/BengkelKu-POS/vendor/laravel/framework/src/Illuminate/Routing/Route.php(266): Illuminate/Routing/ControllerDispatcher->dispatch(Object(Illuminate/Routing/Route), Object(App/Livewire/Pos/Cashier), '__invoke')
#14 D:/FREELANCE/NONA/BengkelKu-POS/vendor/laravel/framework/src/Illuminate/Routing/Route.php(212): Illuminate/Routing/Route->runController()
#15 D:/FREELANCE/NONA/BengkelKu-POS/vendor/laravel/framework/src/Illuminate/Routing/Router.php(808): Illuminate/Routing/Route->run()
#16 D:/FREELANCE/NONA/BengkelKu-POS/vendor/laravel/framework/src/Illuminate/Pipeline/Pipeline.php(170): Illuminate/Routing/Router->Illuminate/Routing/{closure}(Object(Illuminate/Http/Request))
#17 D:/FREELANCE/NONA/BengkelKu-POS/vendor/laravel/framework/src/Illuminate/Routing/Middleware/SubstituteBindings.php(51): Illuminate/Pipeline/Pipeline->Illuminate/Pipeline/{closure}(Object(Illuminate/Http/Request))
#18 D:/FREELANCE/NONA/BengkelKu-POS/vendor/laravel/framework/src/Illuminate/Pipeline/Pipeline.php(209): Illuminate/Routing/Middleware/SubstituteBindings->handle(Object(Illuminate/Http/Request), Object(Closure))
#19 D:/FREELANCE/NONA/BengkelKu-POS/vendor/laravel/framework/src/Illuminate/Foundation/Http/Middleware/VerifyCsrfToken.php(88): Illuminate/Pipeline/Pipeline->Illuminate/Pipeline/{closure}(Object(Illuminate/Http/Request))
#20 D:/FREELANCE/NONA/BengkelKu-POS/vendor/laravel/framework/src/Illuminate/Pipeline/Pipeline.php(209): Illuminate/Foundation/Http/Middleware/VerifyCsrfToken->handle(Object(Illuminate/Http/Request), Object(Closure))
#21 D:/FREELANCE/NONA/BengkelKu-POS/vendor/laravel/framework/src/Illuminate/View/Middleware/ShareErrorsFromSession.php(49): Illuminate/Pipeline/Pipeline->Illuminate/Pipeline/{closure}(Object(Illuminate/Http/Request))
#22 D:/FREELANCE/NONA/BengkelKu-POS/vendor/laravel/framework/src/Illuminate/Pipeline/Pipeline.php(209): Illuminate/View/Middleware/ShareErrorsFromSession->handle(Object(Illuminate/Http/Request), Object(Closure))
#23 D:/FREELANCE/NONA/BengkelKu-POS/vendor/laravel/framework/src/Illuminate/Session/Middleware/StartSession.php(121): Illuminate/Pipeline/Pipeline->Illuminate/Pipeline/{closure}(Object(Illuminate/Http/Request))
#24 D:/FREELANCE/NONA/BengkelKu-POS/vendor/laravel/framework/src/Illuminate/Session/Middleware/StartSession.php(64): Illuminate/Session/Middleware/StartSession->handleStatefulRequest(Object(Illuminate/Http/Request), Object(Illuminate/Session/Store), Object(Closure))
#25 D:/FREELANCE/NONA/BengkelKu-POS/vendor/laravel/framework/src/Illuminate/Pipeline/Pipeline.php(209): Illuminate/Session/Middleware/StartSession->handle(Object(Illuminate/Http/Request), Object(Closure))
#26 D:/FREELANCE/NONA/BengkelKu-POS/vendor/laravel/framework/src/Illuminate/Cookie/Middleware/AddQueuedCookiesToResponse.php(37): Illuminate/Pipeline/Pipeline->Illuminate/Pipeline/{closure}(Object(Illuminate/Http/Request))
#27 D:/FREELANCE/NONA/BengkelKu-POS/vendor/laravel/framework/src/Illuminate/Pipeline/Pipeline.php(209): Illuminate/Cookie/Middleware/AddQueuedCookiesToResponse->handle(Object(Illuminate/Http/Request), Object(Closure))
#28 D:/FREELANCE/NONA/BengkelKu-POS/vendor/laravel/framework/src/Illuminate/Cookie/Middleware/EncryptCookies.php(75): Illuminate/Pipeline/Pipeline->Illuminate/Pipeline/{closure}(Object(Illuminate/Http/Request))
#29 D:/FREELANCE/NONA/BengkelKu-POS/vendor/laravel/framework/src/Illuminate/Pipeline/Pipeline.php(209): Illuminate/Cookie/Middleware/EncryptCookies->handle(Object(Illuminate/Http/Request), Object(Closure))
#30 D:/FREELANCE/NONA/BengkelKu-POS/vendor/laravel/framework/src/Illuminate/Pipeline/Pipeline.php(127): Illuminate/Pipeline/Pipeline->Illuminate/Pipeline/{closure}(Object(Illuminate/Http/Request))
#31 D:/FREELANCE/NONA/BengkelKu-POS/vendor/laravel/framework/src/Illuminate/Routing/Router.php(807): Illuminate/Pipeline/Pipeline->then(Object(Closure))
#32 D:/FREELANCE/NONA/BengkelKu-POS/vendor/laravel/framework/src/Illuminate/Routing/Router.php(786): Illuminate/Routing/Router->runRouteWithinStack(Object(Illuminate/Routing/Route), Object(Illuminate/Http/Request))
#33 D:/FREELANCE/NONA/BengkelKu-POS/vendor/laravel/framework/src/Illuminate/Routing/Router.php(750): Illuminate/Routing/Router->runRoute(Object(Illuminate/Http/Request), Object(Illuminate/Routing/Route))
#34 D:/FREELANCE/NONA/BengkelKu-POS/vendor/laravel/framework/src/Illuminate/Routing/Router.php(739): Illuminate/Routing/Router->dispatchToRoute(Object(Illuminate/Http/Request))
#35 D:/FREELANCE/NONA/BengkelKu-POS/vendor/laravel/framework/src/Illuminate/Foundation/Http/Kernel.php(201): Illuminate/Routing/Router->dispatch(Object(Illuminate/Http/Request))
#36 D:/FREELANCE/NONA/BengkelKu-POS/vendor/laravel/framework/src/Illuminate/Pipeline/Pipeline.php(170): Illuminate/Foundation/Http/Kernel->Illuminate/Foundation/Http/{closure}(Object(Illuminate/Http/Request))
#37 D:/FREELANCE/NONA/BengkelKu-POS/vendor/livewire/livewire/src/Features/SupportDisablingBackButtonCache/DisableBackButtonCacheMiddleware.php(19): Illuminate/Pipeline/Pipeline->Illuminate/Pipeline/{closure}(Object(Illuminate/Http/Request))
#38 D:/FREELANCE/NONA/BengkelKu-POS/vendor/laravel/framework/src/Illuminate/Pipeline/Pipeline.php(209): Livewire/Features/SupportDisablingBackButtonCache/DisableBackButtonCacheMiddleware->handle(Object(Illuminate/Http/Request), Object(Closure))
#39 D:/FREELANCE/NONA/BengkelKu-POS/vendor/laravel/framework/src/Illuminate/Foundation/Http/Middleware/TransformsRequest.php(21): Illuminate/Pipeline/Pipeline->Illuminate/Pipeline/{closure}(Object(Illuminate/Http/Request))
#40 D:/FREELANCE/NONA/BengkelKu-POS/vendor/laravel/framework/src/Illuminate/Foundation/Http/Middleware/ConvertEmptyStringsToNull.php(31): Illuminate/Foundation/Http/Middleware/TransformsRequest->handle(Object(Illuminate/Http/Request), Object(Closure))
#41 D:/FREELANCE/NONA/BengkelKu-POS/vendor/laravel/framework/src/Illuminate/Pipeline/Pipeline.php(209): Illuminate/Foundation/Http/Middleware/ConvertEmptyStringsToNull->handle(Object(Illuminate/Http/Request), Object(Closure))
#42 D:/FREELANCE/NONA/BengkelKu-POS/vendor/laravel/framework/src/Illuminate/Foundation/Http/Middleware/TransformsRequest.php(21): Illuminate/Pipeline/Pipeline->Illuminate/Pipeline/{closure}(Object(Illuminate/Http/Request))
#43 D:/FREELANCE/NONA/BengkelKu-POS/vendor/laravel/framework/src/Illuminate/Foundation/Http/Middleware/TrimStrings.php(51): Illuminate/Foundation/Http/Middleware/TransformsRequest->handle(Object(Illuminate/Http/Request), Object(Closure))
#44 D:/FREELANCE/NONA/BengkelKu-POS/vendor/laravel/framework/src/Illuminate/Pipeline/Pipeline.php(209): Illuminate/Foundation/Http/Middleware/TrimStrings->handle(Object(Illuminate/Http/Request), Object(Closure))
#45 D:/FREELANCE/NONA/BengkelKu-POS/vendor/laravel/framework/src/Illuminate/Http/Middleware/ValidatePostSize.php(27): Illuminate/Pipeline/Pipeline->Illuminate/Pipeline/{closure}(Object(Illuminate/Http/Request))
#46 D:/FREELANCE/NONA/BengkelKu-POS/vendor/laravel/framework/src/Illuminate/Pipeline/Pipeline.php(209): Illuminate/Http/Middleware/ValidatePostSize->handle(Object(Illuminate/Http/Request), Object(Closure))
#47 D:/FREELANCE/NONA/BengkelKu-POS/vendor/laravel/framework/src/Illuminate/Foundation/Http/Middleware/PreventRequestsDuringMaintenance.php(110): Illuminate/Pipeline/Pipeline->Illuminate/Pipeline/{closure}(Object(Illuminate/Http/Request))
#48 D:/FREELANCE/NONA/BengkelKu-POS/vendor/laravel/framework/src/Illuminate/Pipeline/Pipeline.php(209): Illuminate/Foundation/Http/Middleware/PreventRequestsDuringMaintenance->handle(Object(Illuminate/Http/Request), Object(Closure))
#49 D:/FREELANCE/NONA/BengkelKu-POS/vendor/laravel/framework/src/Illuminate/Http/Middleware/HandleCors.php(49): Illuminate/Pipeline/Pipeline->Illuminate/Pipeline/{closure}(Object(Illuminate/Http/Request))
#50 D:/FREELANCE/NONA/BengkelKu-POS/vendor/laravel/framework/src/Illuminate/Pipeline/Pipeline.php(209): Illuminate/Http/Middleware/HandleCors->handle(Object(Illuminate/Http/Request), Object(Closure))
#51 D:/FREELANCE/NONA/BengkelKu-POS/vendor/laravel/framework/src/Illuminate/Http/Middleware/TrustProxies.php(58): Illuminate/Pipeline/Pipeline->Illuminate/Pipeline/{closure}(Object(Illuminate/Http/Request))
#52 D:/FREELANCE/NONA/BengkelKu-POS/vendor/laravel/framework/src/Illuminate/Pipeline/Pipeline.php(209): Illuminate/Http/Middleware/TrustProxies->handle(Object(Illuminate/Http/Request), Object(Closure))
#53 D:/FREELANCE/NONA/BengkelKu-POS/vendor/laravel/framework/src/Illuminate/Foundation/Http/Middleware/InvokeDeferredCallbacks.php(22): Illuminate/Pipeline/Pipeline->Illuminate/Pipeline/{closure}(Object(Illuminate/Http/Request))
#54 D:/FREELANCE/NONA/BengkelKu-POS/vendor/laravel/framework/src/Illuminate/Pipeline/Pipeline.php(209): Illuminate/Foundation/Http/Middleware/InvokeDeferredCallbacks->handle(Object(Illuminate/Http/Request), Object(Closure))
#55 D:/FREELANCE/NONA/BengkelKu-POS/vendor/laravel/framework/src/Illuminate/Pipeline/Pipeline.php(127): Illuminate/Pipeline/Pipeline->Illuminate/Pipeline/{closure}(Object(Illuminate/Http/Request))
#56 D:/FREELANCE/NONA/BengkelKu-POS/vendor/laravel/framework/src/Illuminate/Foundation/Http/Kernel.php(176): Illuminate/Pipeline/Pipeline->then(Object(Closure))
#57 D:/FREELANCE/NONA/BengkelKu-POS/vendor/laravel/framework/src/Illuminate/Foundation/Http/Kernel.php(145): Illuminate/Foundation/Http/Kernel->sendRequestThroughRouter(Object(Illuminate/Http/Request))
#58 D:/FREELANCE/NONA/BengkelKu-POS/public/index.php(19): Illuminate/Foundation/Http/Kernel->handle(Object(Illuminate/Http/Request))
#59 D:/FREELANCE/NONA/BengkelKu-POS/vendor/laravel/framework/src/Illuminate/Foundation/resources/server.php(23): require_once('D://FREELANCE//NO...')
#60 {main}

[previous exception] [object] (Illuminate\\View\\ViewException(code: 0): Vite manifest not found at: D:\\FREELANCE\\NONA\\BengkelKu-POS\\public\\build/manifest.json (View: D:\\FREELANCE\\NONA\\BengkelKu-POS\\resources\\views\\components\\app-layout.blade.php) at D:/FREELANCE/NONA/BengkelKu-POS/vendor/laravel/framework/src/Illuminate/Foundation/Vite.php:934)
[stacktrace]
#0 D:/FREELANCE/NONA/BengkelKu-POS/vendor/livewire/livewire/src/Mechanisms/ExtendBlade/ExtendedCompilerEngine.php(58): Illuminate/View/Engines/CompilerEngine->handleViewException(Object(Illuminate/Foundation/ViteManifestNotFoundException), 2)
#1 D:/FREELANCE/NONA/BengkelKu-POS/vendor/laravel/framework/src/Illuminate/View/Engines/PhpEngine.php(60): Livewire/Mechanisms/ExtendBlade/ExtendedCompilerEngine->handleViewException(Object(Illuminate/Foundation/ViteManifestNotFoundException), 2)
#2 D:/FREELANCE/NONA/BengkelKu-POS/vendor/livewire/livewire/src/Mechanisms/ExtendBlade/ExtendedCompilerEngine.php(22): Illuminate/View/Engines/PhpEngine->evaluatePath('D://FREELANCE//NO...', Array)
#3 D:/FREELANCE/NONA/BengkelKu-POS/vendor/laravel/framework/src/Illuminate/View/Engines/CompilerEngine.php(75): Livewire/Mechanisms/ExtendBlade/ExtendedCompilerEngine->evaluatePath('D://FREELANCE//NO...', Array)
#4 D:/FREELANCE/NONA/BengkelKu-POS/vendor/livewire/livewire/src/Mechanisms/ExtendBlade/ExtendedCompilerEngine.php(10): Illuminate/View/Engines/CompilerEngine->get('D://FREELANCE//NO...', Array)
#5 D:/FREELANCE/NONA/BengkelKu-POS/vendor/laravel/framework/src/Illuminate/View/View.php(209): Livewire/Mechanisms/ExtendBlade/ExtendedCompilerEngine->get('D://FREELANCE//NO...', Array)
#6 D:/FREELANCE/NONA/BengkelKu-POS/vendor/laravel/framework/src/Illuminate/View/View.php(192): Illuminate/View/View->getContents()
#7 D:/FREELANCE/NONA/BengkelKu-POS/vendor/laravel/framework/src/Illuminate/View/View.php(161): Illuminate/View/View->renderContents()
#8 D:/FREELANCE/NONA/BengkelKu-POS/vendor/laravel/framework/src/Illuminate/View/Concerns/ManagesComponents.php(103): Illuminate/View/View->render()
#9 D:/FREELANCE/NONA/BengkelKu-POS/storage/framework/views/47550141e60294af56753c2201291bf0.php(17): Illuminate/View/Factory->renderComponent()
#10 D:/FREELANCE/NONA/BengkelKu-POS/vendor/laravel/framework/src/Illuminate/Filesystem/Filesystem.php(123): require('D://FREELANCE//NO...')
#11 D:/FREELANCE/NONA/BengkelKu-POS/vendor/laravel/framework/src/Illuminate/Filesystem/Filesystem.php(124): Illuminate/Filesystem/Filesystem::Illuminate/Filesystem/{closure}()
#12 D:/FREELANCE/NONA/BengkelKu-POS/vendor/laravel/framework/src/Illuminate/View/Engines/PhpEngine.php(58): Illuminate/Filesystem/Filesystem->getRequire('D://FREELANCE//NO...', Array)
#13 D:/FREELANCE/NONA/BengkelKu-POS/vendor/livewire/livewire/src/Mechanisms/ExtendBlade/ExtendedCompilerEngine.php(22): Illuminate/View/Engines/PhpEngine->evaluatePath('D://FREELANCE//NO...', Array)
#14 D:/FREELANCE/NONA/BengkelKu-POS/vendor/laravel/framework/src/Illuminate/View/Engines/CompilerEngine.php(75): Livewire/Mechanisms/ExtendBlade/ExtendedCompilerEngine->evaluatePath('D://FREELANCE//NO...', Array)
#15 D:/FREELANCE/NONA/BengkelKu-POS/vendor/livewire/livewire/src/Mechanisms/ExtendBlade/ExtendedCompilerEngine.php(10): Illuminate/View/Engines/CompilerEngine->get('D://FREELANCE//NO...', Array)
#16 D:/FREELANCE/NONA/BengkelKu-POS/vendor/laravel/framework/src/Illuminate/View/View.php(209): Livewire/Mechanisms/ExtendBlade/ExtendedCompilerEngine->get('D://FREELANCE//NO...', Array)
#17 D:/FREELANCE/NONA/BengkelKu-POS/vendor/laravel/framework/src/Illuminate/View/View.php(192): Illuminate/View/View->getContents()
#18 D:/FREELANCE/NONA/BengkelKu-POS/vendor/laravel/framework/src/Illuminate/View/View.php(161): Illuminate/View/View->renderContents()
#19 D:/FREELANCE/NONA/BengkelKu-POS/vendor/laravel/framework/src/Illuminate/View/Compilers/BladeCompiler.php(337): Illuminate/View/View->render()
#20 D:/FREELANCE/NONA/BengkelKu-POS/vendor/laravel/framework/src/Illuminate/Support/Facades/Facade.php(361): Illuminate/View/Compilers/BladeCompiler::render('    <?php $layo...', Array)
#21 D:/FREELANCE/NONA/BengkelKu-POS/vendor/livewire/livewire/src/Features/SupportPageComponents/SupportPageComponents.php(153): Illuminate/Support/Facades/Facade::__callStatic('render', Array)
#22 D:/FREELANCE/NONA/BengkelKu-POS/vendor/livewire/livewire/src/Features/SupportPageComponents/HandlesPageComponents.php(24): Livewire/Features/SupportPageComponents/SupportPageComponents::renderContentsIntoLayout('<div wire:snaps...', Object(Livewire/Features/SupportPageComponents/PageComponentConfig))
#23 D:/FREELANCE/NONA/BengkelKu-POS/vendor/laravel/framework/src/Illuminate/Routing/ControllerDispatcher.php(47): Livewire/Component->__invoke()
#24 D:/FREELANCE/NONA/BengkelKu-POS/vendor/laravel/framework/src/Illuminate/Routing/Route.php(266): Illuminate/Routing/ControllerDispatcher->dispatch(Object(Illuminate/Routing/Route), Object(App/Livewire/Pos/Cashier), '__invoke')
#25 D:/FREELANCE/NONA/BengkelKu-POS/vendor/laravel/framework/src/Illuminate/Routing/Route.php(212): Illuminate/Routing/Route->runController()
#26 D:/FREELANCE/NONA/BengkelKu-POS/vendor/laravel/framework/src/Illuminate/Routing/Router.php(808): Illuminate/Routing/Route->run()
#27 D:/FREELANCE/NONA/BengkelKu-POS/vendor/laravel/framework/src/Illuminate/Pipeline/Pipeline.php(170): Illuminate/Routing/Router->Illuminate/Routing/{closure}(Object(Illuminate/Http/Request))
#28 D:/FREELANCE/NONA/BengkelKu-POS/vendor/laravel/framework/src/Illuminate/Routing/Middleware/SubstituteBindings.php(51): Illuminate/Pipeline/Pipeline->Illuminate/Pipeline/{closure}(Object(Illuminate/Http/Request))
#29 D:/FREELANCE/NONA/BengkelKu-POS/vendor/laravel/framework/src/Illuminate/Pipeline/Pipeline.php(209): Illuminate/Routing/Middleware/SubstituteBindings->handle(Object(Illuminate/Http/Request), Object(Closure))
#30 D:/FREELANCE/NONA/BengkelKu-POS/vendor/laravel/framework/src/Illuminate/Foundation/Http/Middleware/VerifyCsrfToken.php(88): Illuminate/Pipeline/Pipeline->Illuminate/Pipeline/{closure}(Object(Illuminate/Http/Request))
#31 D:/FREELANCE/NONA/BengkelKu-POS/vendor/laravel/framework/src/Illuminate/Pipeline/Pipeline.php(209): Illuminate/Foundation/Http/Middleware/VerifyCsrfToken->handle(Object(Illuminate/Http/Request), Object(Closure))
#32 D:/FREELANCE/NONA/BengkelKu-POS/vendor/laravel/framework/src/Illuminate/View/Middleware/ShareErrorsFromSession.php(49): Illuminate/Pipeline/Pipeline->Illuminate/Pipeline/{closure}(Object(Illuminate/Http/Request))
#33 D:/FREELANCE/NONA/BengkelKu-POS/vendor/laravel/framework/src/Illuminate/Pipeline/Pipeline.php(209): Illuminate/View/Middleware/ShareErrorsFromSession->handle(Object(Illuminate/Http/Request), Object(Closure))
#34 D:/FREELANCE/NONA/BengkelKu-POS/vendor/laravel/framework/src/Illuminate/Session/Middleware/StartSession.php(121): Illuminate/Pipeline/Pipeline->Illuminate/Pipeline/{closure}(Object(Illuminate/Http/Request))
#35 D:/FREELANCE/NONA/BengkelKu-POS/vendor/laravel/framework/src/Illuminate/Session/Middleware/StartSession.php(64): Illuminate/Session/Middleware/StartSession->handleStatefulRequest(Object(Illuminate/Http/Request), Object(Illuminate/Session/Store), Object(Closure))
#36 D:/FREELANCE/NONA/BengkelKu-POS/vendor/laravel/framework/src/Illuminate/Pipeline/Pipeline.php(209): Illuminate/Session/Middleware/StartSession->handle(Object(Illuminate/Http/Request), Object(Closure))
#37 D:/FREELANCE/NONA/BengkelKu-POS/vendor/laravel/framework/src/Illuminate/Cookie/Middleware/AddQueuedCookiesToResponse.php(37): Illuminate/Pipeline/Pipeline->Illuminate/Pipeline/{closure}(Object(Illuminate/Http/Request))
#38 D:/FREELANCE/NONA/BengkelKu-POS/vendor/laravel/framework/src/Illuminate/Pipeline/Pipeline.php(209): Illuminate/Cookie/Middleware/AddQueuedCookiesToResponse->handle(Object(Illuminate/Http/Request), Object(Closure))
#39 D:/FREELANCE/NONA/BengkelKu-POS/vendor/laravel/framework/src/Illuminate/Cookie/Middleware/EncryptCookies.php(75): Illuminate/Pipeline/Pipeline->Illuminate/Pipeline/{closure}(Object(Illuminate/Http/Request))
#40 D:/FREELANCE/NONA/BengkelKu-POS/vendor/laravel/framework/src/Illuminate/Pipeline/Pipeline.php(209): Illuminate/Cookie/Middleware/EncryptCookies->handle(Object(Illuminate/Http/Request), Object(Closure))
#41 D:/FREELANCE/NONA/BengkelKu-POS/vendor/laravel/framework/src/Illuminate/Pipeline/Pipeline.php(127): Illuminate/Pipeline/Pipeline->Illuminate/Pipeline/{closure}(Object(Illuminate/Http/Request))
#42 D:/FREELANCE/NONA/BengkelKu-POS/vendor/laravel/framework/src/Illuminate/Routing/Router.php(807): Illuminate/Pipeline/Pipeline->then(Object(Closure))
#43 D:/FREELANCE/NONA/BengkelKu-POS/vendor/laravel/framework/src/Illuminate/Routing/Router.php(786): Illuminate/Routing/Router->runRouteWithinStack(Object(Illuminate/Routing/Route), Object(Illuminate/Http/Request))
#44 D:/FREELANCE/NONA/BengkelKu-POS/vendor/laravel/framework/src/Illuminate/Routing/Router.php(750): Illuminate/Routing/Router->runRoute(Object(Illuminate/Http/Request), Object(Illuminate/Routing/Route))
#45 D:/FREELANCE/NONA/BengkelKu-POS/vendor/laravel/framework/src/Illuminate/Routing/Router.php(739): Illuminate/Routing/Router->dispatchToRoute(Object(Illuminate/Http/Request))
#46 D:/FREELANCE/NONA/BengkelKu-POS/vendor/laravel/framework/src/Illuminate/Foundation/Http/Kernel.php(201): Illuminate/Routing/Router->dispatch(Object(Illuminate/Http/Request))
#47 D:/FREELANCE/NONA/BengkelKu-POS/vendor/laravel/framework/src/Illuminate/Pipeline/Pipeline.php(170): Illuminate/Foundation/Http/Kernel->Illuminate/Foundation/Http/{closure}(Object(Illuminate/Http/Request))
#48 D:/FREELANCE/NONA/BengkelKu-POS/vendor/livewire/livewire/src/Features/SupportDisablingBackButtonCache/DisableBackButtonCacheMiddleware.php(19): Illuminate/Pipeline/Pipeline->Illuminate/Pipeline/{closure}(Object(Illuminate/Http/Request))
#49 D:/FREELANCE/NONA/BengkelKu-POS/vendor/laravel/framework/src/Illuminate/Pipeline/Pipeline.php(209): Livewire/Features/SupportDisablingBackButtonCache/DisableBackButtonCacheMiddleware->handle(Object(Illuminate/Http/Request), Object(Closure))
#50 D:/FREELANCE/NONA/BengkelKu-POS/vendor/laravel/framework/src/Illuminate/Foundation/Http/Middleware/TransformsRequest.php(21): Illuminate/Pipeline/Pipeline->Illuminate/Pipeline/{closure}(Object(Illuminate/Http/Request))
#51 D:/FREELANCE/NONA/BengkelKu-POS/vendor/laravel/framework/src/Illuminate/Foundation/Http/Middleware/ConvertEmptyStringsToNull.php(31): Illuminate/Foundation/Http/Middleware/TransformsRequest->handle(Object(Illuminate/Http/Request), Object(Closure))
#52 D:/FREELANCE/NONA/BengkelKu-POS/vendor/laravel/framework/src/Illuminate/Pipeline/Pipeline.php(209): Illuminate/Foundation/Http/Middleware/ConvertEmptyStringsToNull->handle(Object(Illuminate/Http/Request), Object(Closure))
#53 D:/FREELANCE/NONA/BengkelKu-POS/vendor/laravel/framework/src/Illuminate/Foundation/Http/Middleware/TransformsRequest.php(21): Illuminate/Pipeline/Pipeline->Illuminate/Pipeline/{closure}(Object(Illuminate/Http/Request))
#54 D:/FREELANCE/NONA/BengkelKu-POS/vendor/laravel/framework/src/Illuminate/Foundation/Http/Middleware/TrimStrings.php(51): Illuminate/Foundation/Http/Middleware/TransformsRequest->handle(Object(Illuminate/Http/Request), Object(Closure))
#55 D:/FREELANCE/NONA/BengkelKu-POS/vendor/laravel/framework/src/Illuminate/Pipeline/Pipeline.php(209): Illuminate/Foundation/Http/Middleware/TrimStrings->handle(Object(Illuminate/Http/Request), Object(Closure))
#56 D:/FREELANCE/NONA/BengkelKu-POS/vendor/laravel/framework/src/Illuminate/Http/Middleware/ValidatePostSize.php(27): Illuminate/Pipeline/Pipeline->Illuminate/Pipeline/{closure}(Object(Illuminate/Http/Request))
#57 D:/FREELANCE/NONA/BengkelKu-POS/vendor/laravel/framework/src/Illuminate/Pipeline/Pipeline.php(209): Illuminate/Http/Middleware/ValidatePostSize->handle(Object(Illuminate/Http/Request), Object(Closure))
#58 D:/FREELANCE/NONA/BengkelKu-POS/vendor/laravel/framework/src/Illuminate/Foundation/Http/Middleware/PreventRequestsDuringMaintenance.php(110): Illuminate/Pipeline/Pipeline->Illuminate/Pipeline/{closure}(Object(Illuminate/Http/Request))
#59 D:/FREELANCE/NONA/BengkelKu-POS/vendor/laravel/framework/src/Illuminate/Pipeline/Pipeline.php(209): Illuminate/Foundation/Http/Middleware/PreventRequestsDuringMaintenance->handle(Object(Illuminate/Http/Request), Object(Closure))
#60 D:/FREELANCE/NONA/BengkelKu-POS/vendor/laravel/framework/src/Illuminate/Http/Middleware/HandleCors.php(49): Illuminate/Pipeline/Pipeline->Illuminate/Pipeline/{closure}(Object(Illuminate/Http/Request))
#61 D:/FREELANCE/NONA/BengkelKu-POS/vendor/laravel/framework/src/Illuminate/Pipeline/Pipeline.php(209): Illuminate/Http/Middleware/HandleCors->handle(Object(Illuminate/Http/Request), Object(Closure))
#62 D:/FREELANCE/NONA/BengkelKu-POS/vendor/laravel/framework/src/Illuminate/Http/Middleware/TrustProxies.php(58): Illuminate/Pipeline/Pipeline->Illuminate/Pipeline/{closure}(Object(Illuminate/Http/Request))
#63 D:/FREELANCE/NONA/BengkelKu-POS/vendor/laravel/framework/src/Illuminate/Pipeline/Pipeline.php(209): Illuminate/Http/Middleware/TrustProxies->handle(Object(Illuminate/Http/Request), Object(Closure))
#64 D:/FREELANCE/NONA/BengkelKu-POS/vendor/laravel/framework/src/Illuminate/Foundation/Http/Middleware/InvokeDeferredCallbacks.php(22): Illuminate/Pipeline/Pipeline->Illuminate/Pipeline/{closure}(Object(Illuminate/Http/Request))
#65 D:/FREELANCE/NONA/BengkelKu-POS/vendor/laravel/framework/src/Illuminate/Pipeline/Pipeline.php(209): Illuminate/Foundation/Http/Middleware/InvokeDeferredCallbacks->handle(Object(Illuminate/Http/Request), Object(Closure))
#66 D:/FREELANCE/NONA/BengkelKu-POS/vendor/laravel/framework/src/Illuminate/Pipeline/Pipeline.php(127): Illuminate/Pipeline/Pipeline->Illuminate/Pipeline/{closure}(Object(Illuminate/Http/Request))
#67 D:/FREELANCE/NONA/BengkelKu-POS/vendor/laravel/framework/src/Illuminate/Foundation/Http/Kernel.php(176): Illuminate/Pipeline/Pipeline->then(Object(Closure))
#68 D:/FREELANCE/NONA/BengkelKu-POS/vendor/laravel/framework/src/Illuminate/Foundation/Http/Kernel.php(145): Illuminate/Foundation/Http/Kernel->sendRequestThroughRouter(Object(Illuminate/Http/Request))
#69 D:/FREELANCE/NONA/BengkelKu-POS/public/index.php(19): Illuminate/Foundation/Http/Kernel->handle(Object(Illuminate/Http/Request))
#70 D:/FREELANCE/NONA/BengkelKu-POS/vendor/laravel/framework/src/Illuminate/Foundation/resources/server.php(23): require_once('D://FREELANCE//NO...')
#71 {main}

[previous exception] [object] (Illuminate\\Foundation\\ViteManifestNotFoundException(code: 0): Vite manifest not found at: D:\\FREELANCE\\NONA\\BengkelKu-POS\\public\\build/manifest.json at D:/FREELANCE/NONA/BengkelKu-POS/vendor/laravel/framework/src/Illuminate/Foundation/Vite.php:934)
[stacktrace]
#0 D:/FREELANCE/NONA/BengkelKu-POS/vendor/laravel/framework/src/Illuminate/Foundation/Vite.php(384): Illuminate/Foundation/Vite->manifest('build')
#1 D:/FREELANCE/NONA/BengkelKu-POS/storage/framework/views/b84025387c4a504a92b1ad7ba85b97e7.php(37): Illuminate/Foundation/Vite->__invoke(Object(Illuminate/Support/Collection))
#2 D:/FREELANCE/NONA/BengkelKu-POS/vendor/laravel/framework/src/Illuminate/Filesystem/Filesystem.php(123): require('D://FREELANCE//NO...')
#3 D:/FREELANCE/NONA/BengkelKu-POS/vendor/laravel/framework/src/Illuminate/Filesystem/Filesystem.php(124): Illuminate/Filesystem/Filesystem::Illuminate/Filesystem/{closure}()
#4 D:/FREELANCE/NONA/BengkelKu-POS/vendor/laravel/framework/src/Illuminate/View/Engines/PhpEngine.php(58): Illuminate/Filesystem/Filesystem->getRequire('D://FREELANCE//NO...', Array)
#5 D:/FREELANCE/NONA/BengkelKu-POS/vendor/livewire/livewire/src/Mechanisms/ExtendBlade/ExtendedCompilerEngine.php(22): Illuminate/View/Engines/PhpEngine->evaluatePath('D://FREELANCE//NO...', Array)
#6 D:/FREELANCE/NONA/BengkelKu-POS/vendor/laravel/framework/src/Illuminate/View/Engines/CompilerEngine.php(75): Livewire/Mechanisms/ExtendBlade/ExtendedCompilerEngine->evaluatePath('D://FREELANCE//NO...', Array)
#7 D:/FREELANCE/NONA/BengkelKu-POS/vendor/livewire/livewire/src/Mechanisms/ExtendBlade/ExtendedCompilerEngine.php(10): Illuminate/View/Engines/CompilerEngine->get('D://FREELANCE//NO...', Array)
#8 D:/FREELANCE/NONA/BengkelKu-POS/vendor/laravel/framework/src/Illuminate/View/View.php(209): Livewire/Mechanisms/ExtendBlade/ExtendedCompilerEngine->get('D://FREELANCE//NO...', Array)
#9 D:/FREELANCE/NONA/BengkelKu-POS/vendor/laravel/framework/src/Illuminate/View/View.php(192): Illuminate/View/View->getContents()
#10 D:/FREELANCE/NONA/BengkelKu-POS/vendor/laravel/framework/src/Illuminate/View/View.php(161): Illuminate/View/View->renderContents()
#11 D:/FREELANCE/NONA/BengkelKu-POS/vendor/laravel/framework/src/Illuminate/View/Concerns/ManagesComponents.php(103): Illuminate/View/View->render()
#12 D:/FREELANCE/NONA/BengkelKu-POS/storage/framework/views/47550141e60294af56753c2201291bf0.php(17): Illuminate/View/Factory->renderComponent()
#13 D:/FREELANCE/NONA/BengkelKu-POS/vendor/laravel/framework/src/Illuminate/Filesystem/Filesystem.php(123): require('D://FREELANCE//NO...')
#14 D:/FREELANCE/NONA/BengkelKu-POS/vendor/laravel/framework/src/Illuminate/Filesystem/Filesystem.php(124): Illuminate/Filesystem/Filesystem::Illuminate/Filesystem/{closure}()
#15 D:/FREELANCE/NONA/BengkelKu-POS/vendor/laravel/framework/src/Illuminate/View/Engines/PhpEngine.php(58): Illuminate/Filesystem/Filesystem->getRequire('D://FREELANCE//NO...', Array)
#16 D:/FREELANCE/NONA/BengkelKu-POS/vendor/livewire/livewire/src/Mechanisms/ExtendBlade/ExtendedCompilerEngine.php(22): Illuminate/View/Engines/PhpEngine->evaluatePath('D://FREELANCE//NO...', Array)
#17 D:/FREELANCE/NONA/BengkelKu-POS/vendor/laravel/framework/src/Illuminate/View/Engines/CompilerEngine.php(75): Livewire/Mechanisms/ExtendBlade/ExtendedCompilerEngine->evaluatePath('D://FREELANCE//NO...', Array)
#18 D:/FREELANCE/NONA/BengkelKu-POS/vendor/livewire/livewire/src/Mechanisms/ExtendBlade/ExtendedCompilerEngine.php(10): Illuminate/View/Engines/CompilerEngine->get('D://FREELANCE//NO...', Array)
#19 D:/FREELANCE/NONA/BengkelKu-POS/vendor/laravel/framework/src/Illuminate/View/View.php(209): Livewire/Mechanisms/ExtendBlade/ExtendedCompilerEngine->get('D://FREELANCE//NO...', Array)
#20 D:/FREELANCE/NONA/BengkelKu-POS/vendor/laravel/framework/src/Illuminate/View/View.php(192): Illuminate/View/View->getContents()
#21 D:/FREELANCE/NONA/BengkelKu-POS/vendor/laravel/framework/src/Illuminate/View/View.php(161): Illuminate/View/View->renderContents()
#22 D:/FREELANCE/NONA/BengkelKu-POS/vendor/laravel/framework/src/Illuminate/View/Compilers/BladeCompiler.php(337): Illuminate/View/View->render()
#23 D:/FREELANCE/NONA/BengkelKu-POS/vendor/laravel/framework/src/Illuminate/Support/Facades/Facade.php(361): Illuminate/View/Compilers/BladeCompiler::render('    <?php $layo...', Array)
#24 D:/FREELANCE/NONA/BengkelKu-POS/vendor/livewire/livewire/src/Features/SupportPageComponents/SupportPageComponents.php(153): Illuminate/Support/Facades/Facade::__callStatic('render', Array)
#25 D:/FREELANCE/NONA/BengkelKu-POS/vendor/livewire/livewire/src/Features/SupportPageComponents/HandlesPageComponents.php(24): Livewire/Features/SupportPageComponents/SupportPageComponents::renderContentsIntoLayout('<div wire:snaps...', Object(Livewire/Features/SupportPageComponents/PageComponentConfig))
#26 D:/FREELANCE/NONA/BengkelKu-POS/vendor/laravel/framework/src/Illuminate/Routing/ControllerDispatcher.php(47): Livewire/Component->__invoke()
#27 D:/FREELANCE/NONA/BengkelKu-POS/vendor/laravel/framework/src/Illuminate/Routing/Route.php(266): Illuminate/Routing/ControllerDispatcher->dispatch(Object(Illuminate/Routing/Route), Object(App/Livewire/Pos/Cashier), '__invoke')
#28 D:/FREELANCE/NONA/BengkelKu-POS/vendor/laravel/framework/src/Illuminate/Routing/Route.php(212): Illuminate/Routing/Route->runController()
#29 D:/FREELANCE/NONA/BengkelKu-POS/vendor/laravel/framework/src/Illuminate/Routing/Router.php(808): Illuminate/Routing/Route->run()
#30 D:/FREELANCE/NONA/BengkelKu-POS/vendor/laravel/framework/src/Illuminate/Pipeline/Pipeline.php(170): Illuminate/Routing/Router->Illuminate/Routing/{closure}(Object(Illuminate/Http/Request))
#31 D:/FREELANCE/NONA/BengkelKu-POS/vendor/laravel/framework/src/Illuminate/Routing/Middleware/SubstituteBindings.php(51): Illuminate/Pipeline/Pipeline->Illuminate/Pipeline/{closure}(Object(Illuminate/Http/Request))
#32 D:/FREELANCE/NONA/BengkelKu-POS/vendor/laravel/framework/src/Illuminate/Pipeline/Pipeline.php(209): Illuminate/Routing/Middleware/SubstituteBindings->handle(Object(Illuminate/Http/Request), Object(Closure))
#33 D:/FREELANCE/NONA/BengkelKu-POS/vendor/laravel/framework/src/Illuminate/Foundation/Http/Middleware/VerifyCsrfToken.php(88): Illuminate/Pipeline/Pipeline->Illuminate/Pipeline/{closure}(Object(Illuminate/Http/Request))
#34 D:/FREELANCE/NONA/BengkelKu-POS/vendor/laravel/framework/src/Illuminate/Pipeline/Pipeline.php(209): Illuminate/Foundation/Http/Middleware/VerifyCsrfToken->handle(Object(Illuminate/Http/Request), Object(Closure))
#35 D:/FREELANCE/NONA/BengkelKu-POS/vendor/laravel/framework/src/Illuminate/View/Middleware/ShareErrorsFromSession.php(49): Illuminate/Pipeline/Pipeline->Illuminate/Pipeline/{closure}(Object(Illuminate/Http/Request))
#36 D:/FREELANCE/NONA/BengkelKu-POS/vendor/laravel/framework/src/Illuminate/Pipeline/Pipeline.php(209): Illuminate/View/Middleware/ShareErrorsFromSession->handle(Object(Illuminate/Http/Request), Object(Closure))
#37 D:/FREELANCE/NONA/BengkelKu-POS/vendor/laravel/framework/src/Illuminate/Session/Middleware/StartSession.php(121): Illuminate/Pipeline/Pipeline->Illuminate/Pipeline/{closure}(Object(Illuminate/Http/Request))
#38 D:/FREELANCE/NONA/BengkelKu-POS/vendor/laravel/framework/src/Illuminate/Session/Middleware/StartSession.php(64): Illuminate/Session/Middleware/StartSession->handleStatefulRequest(Object(Illuminate/Http/Request), Object(Illuminate/Session/Store), Object(Closure))
#39 D:/FREELANCE/NONA/BengkelKu-POS/vendor/laravel/framework/src/Illuminate/Pipeline/Pipeline.php(209): Illuminate/Session/Middleware/StartSession->handle(Object(Illuminate/Http/Request), Object(Closure))
#40 D:/FREELANCE/NONA/BengkelKu-POS/vendor/laravel/framework/src/Illuminate/Cookie/Middleware/AddQueuedCookiesToResponse.php(37): Illuminate/Pipeline/Pipeline->Illuminate/Pipeline/{closure}(Object(Illuminate/Http/Request))
#41 D:/FREELANCE/NONA/BengkelKu-POS/vendor/laravel/framework/src/Illuminate/Pipeline/Pipeline.php(209): Illuminate/Cookie/Middleware/AddQueuedCookiesToResponse->handle(Object(Illuminate/Http/Request), Object(Closure))
#42 D:/FREELANCE/NONA/BengkelKu-POS/vendor/laravel/framework/src/Illuminate/Cookie/Middleware/EncryptCookies.php(75): Illuminate/Pipeline/Pipeline->Illuminate/Pipeline/{closure}(Object(Illuminate/Http/Request))
#43 D:/FREELANCE/NONA/BengkelKu-POS/vendor/laravel/framework/src/Illuminate/Pipeline/Pipeline.php(209): Illuminate/Cookie/Middleware/EncryptCookies->handle(Object(Illuminate/Http/Request), Object(Closure))
#44 D:/FREELANCE/NONA/BengkelKu-POS/vendor/laravel/framework/src/Illuminate/Pipeline/Pipeline.php(127): Illuminate/Pipeline/Pipeline->Illuminate/Pipeline/{closure}(Object(Illuminate/Http/Request))
#45 D:/FREELANCE/NONA/BengkelKu-POS/vendor/laravel/framework/src/Illuminate/Routing/Router.php(807): Illuminate/Pipeline/Pipeline->then(Object(Closure))
#46 D:/FREELANCE/NONA/BengkelKu-POS/vendor/laravel/framework/src/Illuminate/Routing/Router.php(786): Illuminate/Routing/Router->runRouteWithinStack(Object(Illuminate/Routing/Route), Object(Illuminate/Http/Request))
#47 D:/FREELANCE/NONA/BengkelKu-POS/vendor/laravel/framework/src/Illuminate/Routing/Router.php(750): Illuminate/Routing/Router->runRoute(Object(Illuminate/Http/Request), Object(Illuminate/Routing/Route))
#48 D:/FREELANCE/NONA/BengkelKu-POS/vendor/laravel/framework/src/Illuminate/Routing/Router.php(739): Illuminate/Routing/Router->dispatchToRoute(Object(Illuminate/Http/Request))
#49 D:/FREELANCE/NONA/BengkelKu-POS/vendor/laravel/framework/src/Illuminate/Foundation/Http/Kernel.php(201): Illuminate/Routing/Router->dispatch(Object(Illuminate/Http/Request))
#50 D:/FREELANCE/NONA/BengkelKu-POS/vendor/laravel/framework/src/Illuminate/Pipeline/Pipeline.php(170): Illuminate/Foundation/Http/Kernel->Illuminate/Foundation/Http/{closure}(Object(Illuminate/Http/Request))
#51 D:/FREELANCE/NONA/BengkelKu-POS/vendor/livewire/livewire/src/Features/SupportDisablingBackButtonCache/DisableBackButtonCacheMiddleware.php(19): Illuminate/Pipeline/Pipeline->Illuminate/Pipeline/{closure}(Object(Illuminate/Http/Request))
#52 D:/FREELANCE/NONA/BengkelKu-POS/vendor/laravel/framework/src/Illuminate/Pipeline/Pipeline.php(209): Livewire/Features/SupportDisablingBackButtonCache/DisableBackButtonCacheMiddleware->handle(Object(Illuminate/Http/Request), Object(Closure))
#53 D:/FREELANCE/NONA/BengkelKu-POS/vendor/laravel/framework/src/Illuminate/Foundation/Http/Middleware/TransformsRequest.php(21): Illuminate/Pipeline/Pipeline->Illuminate/Pipeline/{closure}(Object(Illuminate/Http/Request))
#54 D:/FREELANCE/NONA/BengkelKu-POS/vendor/laravel/framework/src/Illuminate/Foundation/Http/Middleware/ConvertEmptyStringsToNull.php(31): Illuminate/Foundation/Http/Middleware/TransformsRequest->handle(Object(Illuminate/Http/Request), Object(Closure))
#55 D:/FREELANCE/NONA/BengkelKu-POS/vendor/laravel/framework/src/Illuminate/Pipeline/Pipeline.php(209): Illuminate/Foundation/Http/Middleware/ConvertEmptyStringsToNull->handle(Object(Illuminate/Http/Request), Object(Closure))
#56 D:/FREELANCE/NONA/BengkelKu-POS/vendor/laravel/framework/src/Illuminate/Foundation/Http/Middleware/TransformsRequest.php(21): Illuminate/Pipeline/Pipeline->Illuminate/Pipeline/{closure}(Object(Illuminate/Http/Request))
#57 D:/FREELANCE/NONA/BengkelKu-POS/vendor/laravel/framework/src/Illuminate/Foundation/Http/Middleware/TrimStrings.php(51): Illuminate/Foundation/Http/Middleware/TransformsRequest->handle(Object(Illuminate/Http/Request), Object(Closure))
#58 D:/FREELANCE/NONA/BengkelKu-POS/vendor/laravel/framework/src/Illuminate/Pipeline/Pipeline.php(209): Illuminate/Foundation/Http/Middleware/TrimStrings->handle(Object(Illuminate/Http/Request), Object(Closure))
#59 D:/FREELANCE/NONA/BengkelKu-POS/vendor/laravel/framework/src/Illuminate/Http/Middleware/ValidatePostSize.php(27): Illuminate/Pipeline/Pipeline->Illuminate/Pipeline/{closure}(Object(Illuminate/Http/Request))
#60 D:/FREELANCE/NONA/BengkelKu-POS/vendor/laravel/framework/src/Illuminate/Pipeline/Pipeline.php(209): Illuminate/Http/Middleware/ValidatePostSize->handle(Object(Illuminate/Http/Request), Object(Closure))
#61 D:/FREELANCE/NONA/BengkelKu-POS/vendor/laravel/framework/src/Illuminate/Foundation/Http/Middleware/PreventRequestsDuringMaintenance.php(110): Illuminate/Pipeline/Pipeline->Illuminate/Pipeline/{closure}(Object(Illuminate/Http/Request))
#62 D:/FREELANCE/NONA/BengkelKu-POS/vendor/laravel/framework/src/Illuminate/Pipeline/Pipeline.php(209): Illuminate/Foundation/Http/Middleware/PreventRequestsDuringMaintenance->handle(Object(Illuminate/Http/Request), Object(Closure))
#63 D:/FREELANCE/NONA/BengkelKu-POS/vendor/laravel/framework/src/Illuminate/Http/Middleware/HandleCors.php(49): Illuminate/Pipeline/Pipeline->Illuminate/Pipeline/{closure}(Object(Illuminate/Http/Request))
#64 D:/FREELANCE/NONA/BengkelKu-POS/vendor/laravel/framework/src/Illuminate/Pipeline/Pipeline.php(209): Illuminate/Http/Middleware/HandleCors->handle(Object(Illuminate/Http/Request), Object(Closure))
#65 D:/FREELANCE/NONA/BengkelKu-POS/vendor/laravel/framework/src/Illuminate/Http/Middleware/TrustProxies.php(58): Illuminate/Pipeline/Pipeline->Illuminate/Pipeline/{closure}(Object(Illuminate/Http/Request))
#66 D:/FREELANCE/NONA/BengkelKu-POS/vendor/laravel/framework/src/Illuminate/Pipeline/Pipeline.php(209): Illuminate/Http/Middleware/TrustProxies->handle(Object(Illuminate/Http/Request), Object(Closure))
#67 D:/FREELANCE/NONA/BengkelKu-POS/vendor/laravel/framework/src/Illuminate/Foundation/Http/Middleware/InvokeDeferredCallbacks.php(22): Illuminate/Pipeline/Pipeline->Illuminate/Pipeline/{closure}(Object(Illuminate/Http/Request))
#68 D:/FREELANCE/NONA/BengkelKu-POS/vendor/laravel/framework/src/Illuminate/Pipeline/Pipeline.php(209): Illuminate/Foundation/Http/Middleware/InvokeDeferredCallbacks->handle(Object(Illuminate/Http/Request), Object(Closure))
#69 D:/FREELANCE/NONA/BengkelKu-POS/vendor/laravel/framework/src/Illuminate/Pipeline/Pipeline.php(127): Illuminate/Pipeline/Pipeline->Illuminate/Pipeline/{closure}(Object(Illuminate/Http/Request))
#70 D:/FREELANCE/NONA/BengkelKu-POS/vendor/laravel/framework/src/Illuminate/Foundation/Http/Kernel.php(176): Illuminate/Pipeline/Pipeline->then(Object(Closure))
#71 D:/FREELANCE/NONA/BengkelKu-POS/vendor/laravel/framework/src/Illuminate/Foundation/Http/Kernel.php(145): Illuminate/Foundation/Http/Kernel->sendRequestThroughRouter(Object(Illuminate/Http/Request))
#72 D:/FREELANCE/NONA/BengkelKu-POS/public/index.php(19): Illuminate/Foundation/Http/Kernel->handle(Object(Illuminate/Http/Request))
#73 D:/FREELANCE/NONA/BengkelKu-POS/vendor/laravel/framework/src/Illuminate/Foundation/resources/server.php(23): require_once('D://FREELANCE//NO...')
#74 {main}
"} 
[2026-08-30 15:10:22] local.ERROR: Cannot redeclare App\Livewire\Pos\Cashier::boot() {"exception":"[object] (Symfony\\Component\\ErrorHandler\\Error\\FatalError(code: 0): Cannot redeclare App\\Livewire\\Pos\\Cashier::boot() at D:/FREELANCE/NONA/BengkelKu-POS/app/Livewire/Pos/Cashier.php:78)
[stacktrace]
#0 {main}
"} 
[2026-08-30 15:10:30] local.ERROR: Cannot redeclare App\Livewire\Pos\Cashier::boot() {"exception":"[object] (Symfony\\Component\\ErrorHandler\\Error\\FatalError(code: 0): Cannot redeclare App\\Livewire\\Pos\\Cashier::boot() at D:/FREELANCE/NONA/BengkelKu-POS/app/Livewire/Pos/Cashier.php:78)
[stacktrace]
#0 {main}
"} 
[2026-08-30 15:10:35] local.ERROR: Cannot redeclare App\Livewire\Pos\Cashier::boot() {"exception":"[object] (Symfony\\Component\\ErrorHandler\\Error\\FatalError(code: 0): Cannot redeclare App\\Livewire\\Pos\\Cashier::boot() at D:/FREELANCE/NONA/BengkelKu-POS/app/Livewire/Pos/Cashier.php:78)
[stacktrace]
#0 {main}
"} 
[2026-08-30 21:11:11] local.ERROR: View [auth.login] not found. {"exception":"[object] (InvalidArgumentException(code: 0): View [auth.login] not found. at D:/FREELANCE/NONA/BengkelKu-POS/vendor/laravel/framework/src/Illuminate/View/FileViewFinder.php:139)
[stacktrace]
#0 D:/FREELANCE/NONA/BengkelKu-POS/vendor/laravel/framework/src/Illuminate/View/FileViewFinder.php(79): Illuminate/View/FileViewFinder->findInPaths('auth.login', Array)
#1 D:/FREELANCE/NONA/BengkelKu-POS/vendor/laravel/framework/src/Illuminate/View/Factory.php(151): Illuminate/View/FileViewFinder->find('auth.login')
#2 D:/FREELANCE/NONA/BengkelKu-POS/vendor/laravel/framework/src/Illuminate/Routing/ResponseFactory.php(90): Illuminate/View/Factory->make('auth.login', Array)
#3 D:/FREELANCE/NONA/BengkelKu-POS/vendor/laravel/framework/src/Illuminate/Routing/ViewController.php(41): Illuminate/Routing/ResponseFactory->view('auth.login', Array, 200, Array)
#4 D:/FREELANCE/NONA/BengkelKu-POS/vendor/laravel/framework/src/Illuminate/Routing/ViewController.php(58): Illuminate/Routing/ViewController->__invoke(view: 'auth.login', data: Array, status: 200, headers: Array)
#5 D:/FREELANCE/NONA/BengkelKu-POS/vendor/laravel/framework/src/Illuminate/Routing/ControllerDispatcher.php(44): Illuminate/Routing/ViewController->callAction('__invoke', Array)
#6 D:/FREELANCE/NONA/BengkelKu-POS/vendor/laravel/framework/src/Illuminate/Routing/Route.php(266): Illuminate/Routing/ControllerDispatcher->dispatch(Object(Illuminate/Routing/Route), Object(Illuminate/Routing/ViewController), '__invoke')
#7 D:/FREELANCE/NONA/BengkelKu-POS/vendor/laravel/framework/src/Illuminate/Routing/Route.php(212): Illuminate/Routing/Route->runController()
#8 D:/FREELANCE/NONA/BengkelKu-POS/vendor/laravel/framework/src/Illuminate/Routing/Router.php(808): Illuminate/Routing/Route->run()
#9 D:/FREELANCE/NONA/BengkelKu-POS/vendor/laravel/framework/src/Illuminate/Pipeline/Pipeline.php(170): Illuminate/Routing/Router->Illuminate/Routing/{closure}(Object(Illuminate/Http/Request))
#10 D:/FREELANCE/NONA/BengkelKu-POS/vendor/laravel/framework/src/Illuminate/Auth/Middleware/RedirectIfAuthenticated.php(35): Illuminate/Pipeline/Pipeline->Illuminate/Pipeline/{closure}(Object(Illuminate/Http/Request))
#11 D:/FREELANCE/NONA/BengkelKu-POS/vendor/laravel/framework/src/Illuminate/Pipeline/Pipeline.php(209): Illuminate/Auth/Middleware/RedirectIfAuthenticated->handle(Object(Illuminate/Http/Request), Object(Closure))
#12 D:/FREELANCE/NONA/BengkelKu-POS/vendor/laravel/framework/src/Illuminate/Routing/Middleware/SubstituteBindings.php(51): Illuminate/Pipeline/Pipeline->Illuminate/Pipeline/{closure}(Object(Illuminate/Http/Request))
#13 D:/FREELANCE/NONA/BengkelKu-POS/vendor/laravel/framework/src/Illuminate/Pipeline/Pipeline.php(209): Illuminate/Routing/Middleware/SubstituteBindings->handle(Object(Illuminate/Http/Request), Object(Closure))
#14 D:/FREELANCE/NONA/BengkelKu-POS/vendor/laravel/framework/src/Illuminate/Foundation/Http/Middleware/VerifyCsrfToken.php(88): Illuminate/Pipeline/Pipeline->Illuminate/Pipeline/{closure}(Object(Illuminate/Http/Request))
#15 D:/FREELANCE/NONA/BengkelKu-POS/vendor/laravel/framework/src/Illuminate/Pipeline/Pipeline.php(209): Illuminate/Foundation/Http/Middleware/VerifyCsrfToken->handle(Object(Illuminate/Http/Request), Object(Closure))
#16 D:/FREELANCE/NONA/BengkelKu-POS/vendor/laravel/framework/src/Illuminate/View/Middleware/ShareErrorsFromSession.php(49): Illuminate/Pipeline/Pipeline->Illuminate/Pipeline/{closure}(Object(Illuminate/Http/Request))
#17 D:/FREELANCE/NONA/BengkelKu-POS/vendor/laravel/framework/src/Illuminate/Pipeline/Pipeline.php(209): Illuminate/View/Middleware/ShareErrorsFromSession->handle(Object(Illuminate/Http/Request), Object(Closure))
#18 D:/FREELANCE/NONA/BengkelKu-POS/vendor/laravel/framework/src/Illuminate/Session/Middleware/StartSession.php(121): Illuminate/Pipeline/Pipeline->Illuminate/Pipeline/{closure}(Object(Illuminate/Http/Request))
#19 D:/FREELANCE/NONA/BengkelKu-POS/vendor/laravel/framework/src/Illuminate/Session/Middleware/StartSession.php(64): Illuminate/Session/Middleware/StartSession->handleStatefulRequest(Object(Illuminate/Http/Request), Object(Illuminate/Session/Store), Object(Closure))
#20 D:/FREELANCE/NONA/BengkelKu-POS/vendor/laravel/framework/src/Illuminate/Pipeline/Pipeline.php(209): Illuminate/Session/Middleware/StartSession->handle(Object(Illuminate/Http/Request), Object(Closure))
#21 D:/FREELANCE/NONA/BengkelKu-POS/vendor/laravel/framework/src/Illuminate/Cookie/Middleware/AddQueuedCookiesToResponse.php(37): Illuminate/Pipeline/Pipeline->Illuminate/Pipeline/{closure}(Object(Illuminate/Http/Request))
#22 D:/FREELANCE/NONA/BengkelKu-POS/vendor/laravel/framework/src/Illuminate/Pipeline/Pipeline.php(209): Illuminate/Cookie/Middleware/AddQueuedCookiesToResponse->handle(Object(Illuminate/Http/Request), Object(Closure))
#23 D:/FREELANCE/NONA/BengkelKu-POS/vendor/laravel/framework/src/Illuminate/Cookie/Middleware/EncryptCookies.php(75): Illuminate/Pipeline/Pipeline->Illuminate/Pipeline/{closure}(Object(Illuminate/Http/Request))
#24 D:/FREELANCE/NONA/BengkelKu-POS/vendor/laravel/framework/src/Illuminate/Pipeline/Pipeline.php(209): Illuminate/Cookie/Middleware/EncryptCookies->handle(Object(Illuminate/Http/Request), Object(Closure))
#25 D:/FREELANCE/NONA/BengkelKu-POS/vendor/laravel/framework/src/Illuminate/Pipeline/Pipeline.php(127): Illuminate/Pipeline/Pipeline->Illuminate/Pipeline/{closure}(Object(Illuminate/Http/Request))
#26 D:/FREELANCE/NONA/BengkelKu-POS/vendor/laravel/framework/src/Illuminate/Routing/Router.php(807): Illuminate/Pipeline/Pipeline->then(Object(Closure))
#27 D:/FREELANCE/NONA/BengkelKu-POS/vendor/laravel/framework/src/Illuminate/Routing/Router.php(786): Illuminate/Routing/Router->runRouteWithinStack(Object(Illuminate/Routing/Route), Object(Illuminate/Http/Request))
#28 D:/FREELANCE/NONA/BengkelKu-POS/vendor/laravel/framework/src/Illuminate/Routing/Router.php(750): Illuminate/Routing/Router->runRoute(Object(Illuminate/Http/Request), Object(Illuminate/Routing/Route))
#29 D:/FREELANCE/NONA/BengkelKu-POS/vendor/laravel/framework/src/Illuminate/Routing/Router.php(739): Illuminate/Routing/Router->dispatchToRoute(Object(Illuminate/Http/Request))
#30 D:/FREELANCE/NONA/BengkelKu-POS/vendor/laravel/framework/src/Illuminate/Foundation/Http/Kernel.php(201): Illuminate/Routing/Router->dispatch(Object(Illuminate/Http/Request))
#31 D:/FREELANCE/NONA/BengkelKu-POS/vendor/laravel/framework/src/Illuminate/Pipeline/Pipeline.php(170): Illuminate/Foundation/Http/Kernel->Illuminate/Foundation/Http/{closure}(Object(Illuminate/Http/Request))
#32 D:/FREELANCE/NONA/BengkelKu-POS/vendor/livewire/livewire/src/Features/SupportDisablingBackButtonCache/DisableBackButtonCacheMiddleware.php(19): Illuminate/Pipeline/Pipeline->Illuminate/Pipeline/{closure}(Object(Illuminate/Http/Request))
#33 D:/FREELANCE/NONA/BengkelKu-POS/vendor/laravel/framework/src/Illuminate/Pipeline/Pipeline.php(209): Livewire/Features/SupportDisablingBackButtonCache/DisableBackButtonCacheMiddleware->handle(Object(Illuminate/Http/Request), Object(Closure))
#34 D:/FREELANCE/NONA/BengkelKu-POS/vendor/laravel/framework/src/Illuminate/Foundation/Http/Middleware/TransformsRequest.php(21): Illuminate/Pipeline/Pipeline->Illuminate/Pipeline/{closure}(Object(Illuminate/Http/Request))
#35 D:/FREELANCE/NONA/BengkelKu-POS/vendor/laravel/framework/src/Illuminate/Foundation/Http/Middleware/ConvertEmptyStringsToNull.php(31): Illuminate/Foundation/Http/Middleware/TransformsRequest->handle(Object(Illuminate/Http/Request), Object(Closure))
#36 D:/FREELANCE/NONA/BengkelKu-POS/vendor/laravel/framework/src/Illuminate/Pipeline/Pipeline.php(209): Illuminate/Foundation/Http/Middleware/ConvertEmptyStringsToNull->handle(Object(Illuminate/Http/Request), Object(Closure))
#37 D:/FREELANCE/NONA/BengkelKu-POS/vendor/laravel/framework/src/Illuminate/Foundation/Http/Middleware/TransformsRequest.php(21): Illuminate/Pipeline/Pipeline->Illuminate/Pipeline/{closure}(Object(Illuminate/Http/Request))
#38 D:/FREELANCE/NONA/BengkelKu-POS/vendor/laravel/framework/src/Illuminate/Foundation/Http/Middleware/TrimStrings.php(51): Illuminate/Foundation/Http/Middleware/TransformsRequest->handle(Object(Illuminate/Http/Request), Object(Closure))
#39 D:/FREELANCE/NONA/BengkelKu-POS/vendor/laravel/framework/src/Illuminate/Pipeline/Pipeline.php(209): Illuminate/Foundation/Http/Middleware/TrimStrings->handle(Object(Illuminate/Http/Request), Object(Closure))
#40 D:/FREELANCE/NONA/BengkelKu-POS/vendor/laravel/framework/src/Illuminate/Http/Middleware/ValidatePostSize.php(27): Illuminate/Pipeline/Pipeline->Illuminate/Pipeline/{closure}(Object(Illuminate/Http/Request))
#41 D:/FREELANCE/NONA/BengkelKu-POS/vendor/laravel/framework/src/Illuminate/Pipeline/Pipeline.php(209): Illuminate/Http/Middleware/ValidatePostSize->handle(Object(Illuminate/Http/Request), Object(Closure))
#42 D:/FREELANCE/NONA/BengkelKu-POS/vendor/laravel/framework/src/Illuminate/Foundation/Http/Middleware/PreventRequestsDuringMaintenance.php(110): Illuminate/Pipeline/Pipeline->Illuminate/Pipeline/{closure}(Object(Illuminate/Http/Request))
#43 D:/FREELANCE/NONA/BengkelKu-POS/vendor/laravel/framework/src/Illuminate/Pipeline/Pipeline.php(209): Illuminate/Foundation/Http/Middleware/PreventRequestsDuringMaintenance->handle(Object(Illuminate/Http/Request), Object(Closure))
#44 D:/FREELANCE/NONA/BengkelKu-POS/vendor/laravel/framework/src/Illuminate/Http/Middleware/HandleCors.php(49): Illuminate/Pipeline/Pipeline->Illuminate/Pipeline/{closure}(Object(Illuminate/Http/Request))
#45 D:/FREELANCE/NONA/BengkelKu-POS/vendor/laravel/framework/src/Illuminate/Pipeline/Pipeline.php(209): Illuminate/Http/Middleware/HandleCors->handle(Object(Illuminate/Http/Request), Object(Closure))
#46 D:/FREELANCE/NONA/BengkelKu-POS/vendor/laravel/framework/src/Illuminate/Http/Middleware/TrustProxies.php(58): Illuminate/Pipeline/Pipeline->Illuminate/Pipeline/{closure}(Object(Illuminate/Http/Request))
#47 D:/FREELANCE/NONA/BengkelKu-POS/vendor/laravel/framework/src/Illuminate/Pipeline/Pipeline.php(209): Illuminate/Http/Middleware/TrustProxies->handle(Object(Illuminate/Http/Request), Object(Closure))
#48 D:/FREELANCE/NONA/BengkelKu-POS/vendor/laravel/framework/src/Illuminate/Foundation/Http/Middleware/InvokeDeferredCallbacks.php(22): Illuminate/Pipeline/Pipeline->Illuminate/Pipeline/{closure}(Object(Illuminate/Http/Request))
#49 D:/FREELANCE/NONA/BengkelKu-POS/vendor/laravel/framework/src/Illuminate/Pipeline/Pipeline.php(209): Illuminate/Foundation/Http/Middleware/InvokeDeferredCallbacks->handle(Object(Illuminate/Http/Request), Object(Closure))
#50 D:/FREELANCE/NONA/BengkelKu-POS/vendor/laravel/framework/src/Illuminate/Pipeline/Pipeline.php(127): Illuminate/Pipeline/Pipeline->Illuminate/Pipeline/{closure}(Object(Illuminate/Http/Request))
#51 D:/FREELANCE/NONA/BengkelKu-POS/vendor/laravel/framework/src/Illuminate/Foundation/Http/Kernel.php(176): Illuminate/Pipeline/Pipeline->then(Object(Closure))
#52 D:/FREELANCE/NONA/BengkelKu-POS/vendor/laravel/framework/src/Illuminate/Foundation/Http/Kernel.php(145): Illuminate/Foundation/Http/Kernel->sendRequestThroughRouter(Object(Illuminate/Http/Request))
#53 D:/FREELANCE/NONA/BengkelKu-POS/public/index.php(19): Illuminate/Foundation/Http/Kernel->handle(Object(Illuminate/Http/Request))
#54 D:/FREELANCE/NONA/BengkelKu-POS/vendor/laravel/framework/src/Illuminate/Foundation/resources/server.php(23): require_once('D://FREELANCE//NO...')
#55 {main}
"} 
[2026-08-30 22:36:42] local.ERROR: Command "tinker" is not defined. {"exception":"[object] (Symfony\\Component\\Console\\Exception\\CommandNotFoundException(code: 0): Command \"tinker\" is not defined. at D:/FREELANCE/NONA/BengkelKu-POS/vendor/symfony/console/Application.php:759)
[stacktrace]
#0 D:/FREELANCE/NONA/BengkelKu-POS/vendor/symfony/console/Application.php(298): Symfony/Component/Console/Application->find('tinker')
#1 D:/FREELANCE/NONA/BengkelKu-POS/vendor/symfony/console/Application.php(195): Symfony/Component/Console/Application->doRun(Object(Symfony/Component/Console/Input/ArgvInput), Object(Symfony/Component/Console/Output/ConsoleOutput))
#2 D:/FREELANCE/NONA/BengkelKu-POS/vendor/laravel/framework/src/Illuminate/Foundation/Console/Kernel.php(198): Symfony/Component/Console/Application->run(Object(Symfony/Component/Console/Input/ArgvInput), Object(Symfony/Component/Console/Output/ConsoleOutput))
#3 D:/FREELANCE/NONA/BengkelKu-POS/artisan(12): Illuminate/Foundation/Console/Kernel->handle(Object(Symfony/Component/Console/Input/ArgvInput), Object(Symfony/Component/Console/Output/ConsoleOutput))
#4 {main}
"} 
[2026-08-30 22:37:11] local.ERROR: Command "tinker" is not defined. {"exception":"[object] (Symfony\\Component\\Console\\Exception\\CommandNotFoundException(code: 0): Command \"tinker\" is not defined. at D:/FREELANCE/NONA/BengkelKu-POS/vendor/symfony/console/Application.php:759)
[stacktrace]
#0 D:/FREELANCE/NONA/BengkelKu-POS/vendor/symfony/console/Application.php(298): Symfony/Component/Console/Application->find('tinker')
#1 D:/FREELANCE/NONA/BengkelKu-POS/vendor/symfony/console/Application.php(195): Symfony/Component/Console/Application->doRun(Object(Symfony/Component/Console/Input/ArgvInput), Object(Symfony/Component/Console/Output/ConsoleOutput))
#2 D:/FREELANCE/NONA/BengkelKu-POS/vendor/laravel/framework/src/Illuminate/Foundation/Console/Kernel.php(198): Symfony/Component/Console/Application->run(Object(Symfony/Component/Console/Input/ArgvInput), Object(Symfony/Component/Console/Output/ConsoleOutput))
#3 D:/FREELANCE/NONA/BengkelKu-POS/artisan(12): Illuminate/Foundation/Console/Kernel->handle(Object(Symfony/Component/Console/Input/ArgvInput), Object(Symfony/Component/Console/Output/ConsoleOutput))
#4 {main}
"} 
[2026-08-30 22:38:02] local.ERROR: Target class [Database\Seeders\AdminUserSeeder] does not exist. {"exception":"[object] (Illuminate\\Contracts\\Container\\BindingResolutionException(code: 0): Target class [Database\\Seeders\\AdminUserSeeder] does not exist. at D:/FREELANCE/NONA/BengkelKu-POS/vendor/laravel/framework/src/Illuminate/Container/Container.php:961)
[stacktrace]
#0 D:/FREELANCE/NONA/BengkelKu-POS/vendor/laravel/framework/src/Illuminate/Container/Container.php(832): Illuminate/Container/Container->build('Database//Seeder...')
#1 D:/FREELANCE/NONA/BengkelKu-POS/vendor/laravel/framework/src/Illuminate/Foundation/Application.php(1078): Illuminate/Container/Container->resolve('Database//Seeder...', Array, true)
#2 D:/FREELANCE/NONA/BengkelKu-POS/vendor/laravel/framework/src/Illuminate/Container/Container.php(763): Illuminate/Foundation/Application->resolve('Database//Seeder...', Array)
#3 D:/FREELANCE/NONA/BengkelKu-POS/vendor/laravel/framework/src/Illuminate/Foundation/Application.php(1058): Illuminate/Container/Container->make('Database//Seeder...', Array)
#4 D:/FREELANCE/NONA/BengkelKu-POS/vendor/laravel/framework/src/Illuminate/Database/Console/Seeds/SeedCommand.php(98): Illuminate/Foundation/Application->make('Database//Seeder...')
#5 D:/FREELANCE/NONA/BengkelKu-POS/vendor/laravel/framework/src/Illuminate/Database/Console/Seeds/SeedCommand.php(70): Illuminate/Database/Console/Seeds/SeedCommand->getSeeder()
#6 D:/FREELANCE/NONA/BengkelKu-POS/vendor/laravel/framework/src/Illuminate/Database/Eloquent/Concerns/GuardsAttributes.php(155): Illuminate/Database/Console/Seeds/SeedCommand->Illuminate/Database/Console/Seeds/{closure}()
#7 D:/FREELANCE/NONA/BengkelKu-POS/vendor/laravel/framework/src/Illuminate/Database/Console/Seeds/SeedCommand.php(69): Illuminate/Database/Eloquent/Model::unguarded(Object(Closure))
#8 D:/FREELANCE/NONA/BengkelKu-POS/vendor/laravel/framework/src/Illuminate/Container/BoundMethod.php(36): Illuminate/Database/Console/Seeds/SeedCommand->handle()
#9 D:/FREELANCE/NONA/BengkelKu-POS/vendor/laravel/framework/src/Illuminate/Container/Util.php(43): Illuminate/Container/BoundMethod::Illuminate/Container/{closure}()
#10 D:/FREELANCE/NONA/BengkelKu-POS/vendor/laravel/framework/src/Illuminate/Container/BoundMethod.php(95): Illuminate/Container/Util::unwrapIfClosure(Object(Closure))
#11 D:/FREELANCE/NONA/BengkelKu-POS/vendor/laravel/framework/src/Illuminate/Container/BoundMethod.php(35): Illuminate/Container/BoundMethod::callBoundMethod(Object(Illuminate/Foundation/Application), Array, Object(Closure))
#12 D:/FREELANCE/NONA/BengkelKu-POS/vendor/laravel/framework/src/Illuminate/Container/Container.php(696): Illuminate/Container/BoundMethod::call(Object(Illuminate/Foundation/Application), Array, Array, NULL)
#13 D:/FREELANCE/NONA/BengkelKu-POS/vendor/laravel/framework/src/Illuminate/Console/Command.php(213): Illuminate/Container/Container->call(Array)
#14 D:/FREELANCE/NONA/BengkelKu-POS/vendor/symfony/console/Command/Command.php(341): Illuminate/Console/Command->execute(Object(Symfony/Component/Console/Input/ArgvInput), Object(Illuminate/Console/OutputStyle))
#15 D:/FREELANCE/NONA/BengkelKu-POS/vendor/laravel/framework/src/Illuminate/Console/Command.php(182): Symfony/Component/Console/Command/Command->run(Object(Symfony/Component/Console/Input/ArgvInput), Object(Illuminate/Console/OutputStyle))
#16 D:/FREELANCE/NONA/BengkelKu-POS/vendor/symfony/console/Application.php(1117): Illuminate/Console/Command->run(Object(Symfony/Component/Console/Input/ArgvInput), Object(Symfony/Component/Console/Output/ConsoleOutput))
#17 D:/FREELANCE/NONA/BengkelKu-POS/vendor/symfony/console/Application.php(356): Symfony/Component/Console/Application->doRunCommand(Object(Illuminate/Database/Console/Seeds/SeedCommand), Object(Symfony/Component/Console/Input/ArgvInput), Object(Symfony/Component/Console/Output/ConsoleOutput))
#18 D:/FREELANCE/NONA/BengkelKu-POS/vendor/symfony/console/Application.php(195): Symfony/Component/Console/Application->doRun(Object(Symfony/Component/Console/Input/ArgvInput), Object(Symfony/Component/Console/Output/ConsoleOutput))
#19 D:/FREELANCE/NONA/BengkelKu-POS/vendor/laravel/framework/src/Illuminate/Foundation/Console/Kernel.php(198): Symfony/Component/Console/Application->run(Object(Symfony/Component/Console/Input/ArgvInput), Object(Symfony/Component/Console/Output/ConsoleOutput))
#20 D:/FREELANCE/NONA/BengkelKu-POS/artisan(12): Illuminate/Foundation/Console/Kernel->handle(Object(Symfony/Component/Console/Input/ArgvInput), Object(Symfony/Component/Console/Output/ConsoleOutput))
#21 {main}

[previous exception] [object] (ReflectionException(code: -1): Class \"Database\\Seeders\\AdminUserSeeder\" does not exist at D:/FREELANCE/NONA/BengkelKu-POS/vendor/laravel/framework/src/Illuminate/Container/Container.php:959)
[stacktrace]
#0 D:/FREELANCE/NONA/BengkelKu-POS/vendor/laravel/framework/src/Illuminate/Container/Container.php(959): ReflectionClass->__construct('Database//Seeder...')
#1 D:/FREELANCE/NONA/BengkelKu-POS/vendor/laravel/framework/src/Illuminate/Container/Container.php(832): Illuminate/Container/Container->build('Database//Seeder...')
#2 D:/FREELANCE/NONA/BengkelKu-POS/vendor/laravel/framework/src/Illuminate/Foundation/Application.php(1078): Illuminate/Container/Container->resolve('Database//Seeder...', Array, true)
#3 D:/FREELANCE/NONA/BengkelKu-POS/vendor/laravel/framework/src/Illuminate/Container/Container.php(763): Illuminate/Foundation/Application->resolve('Database//Seeder...', Array)
#4 D:/FREELANCE/NONA/BengkelKu-POS/vendor/laravel/framework/src/Illuminate/Foundation/Application.php(1058): Illuminate/Container/Container->make('Database//Seeder...', Array)
#5 D:/FREELANCE/NONA/BengkelKu-POS/vendor/laravel/framework/src/Illuminate/Database/Console/Seeds/SeedCommand.php(98): Illuminate/Foundation/Application->make('Database//Seeder...')
#6 D:/FREELANCE/NONA/BengkelKu-POS/vendor/laravel/framework/src/Illuminate/Database/Console/Seeds/SeedCommand.php(70): Illuminate/Database/Console/Seeds/SeedCommand->getSeeder()
#7 D:/FREELANCE/NONA/BengkelKu-POS/vendor/laravel/framework/src/Illuminate/Database/Eloquent/Concerns/GuardsAttributes.php(155): Illuminate/Database/Console/Seeds/SeedCommand->Illuminate/Database/Console/Seeds/{closure}()
#8 D:/FREELANCE/NONA/BengkelKu-POS/vendor/laravel/framework/src/Illuminate/Database/Console/Seeds/SeedCommand.php(69): Illuminate/Database/Eloquent/Model::unguarded(Object(Closure))
#9 D:/FREELANCE/NONA/BengkelKu-POS/vendor/laravel/framework/src/Illuminate/Container/BoundMethod.php(36): Illuminate/Database/Console/Seeds/SeedCommand->handle()
#10 D:/FREELANCE/NONA/BengkelKu-POS/vendor/laravel/framework/src/Illuminate/Container/Util.php(43): Illuminate/Container/BoundMethod::Illuminate/Container/{closure}()
#11 D:/FREELANCE/NONA/BengkelKu-POS/vendor/laravel/framework/src/Illuminate/Container/BoundMethod.php(95): Illuminate/Container/Util::unwrapIfClosure(Object(Closure))
#12 D:/FREELANCE/NONA/BengkelKu-POS/vendor/laravel/framework/src/Illuminate/Container/BoundMethod.php(35): Illuminate/Container/BoundMethod::callBoundMethod(Object(Illuminate/Foundation/Application), Array, Object(Closure))
#13 D:/FREELANCE/NONA/BengkelKu-POS/vendor/laravel/framework/src/Illuminate/Container/Container.php(696): Illuminate/Container/BoundMethod::call(Object(Illuminate/Foundation/Application), Array, Array, NULL)
#14 D:/FREELANCE/NONA/BengkelKu-POS/vendor/laravel/framework/src/Illuminate/Console/Command.php(213): Illuminate/Container/Container->call(Array)
#15 D:/FREELANCE/NONA/BengkelKu-POS/vendor/symfony/console/Command/Command.php(341): Illuminate/Console/Command->execute(Object(Symfony/Component/Console/Input/ArgvInput), Object(Illuminate/Console/OutputStyle))
#16 D:/FREELANCE/NONA/BengkelKu-POS/vendor/laravel/framework/src/Illuminate/Console/Command.php(182): Symfony/Component/Console/Command/Command->run(Object(Symfony/Component/Console/Input/ArgvInput), Object(Illuminate/Console/OutputStyle))
#17 D:/FREELANCE/NONA/BengkelKu-POS/vendor/symfony/console/Application.php(1117): Illuminate/Console/Command->run(Object(Symfony/Component/Console/Input/ArgvInput), Object(Symfony/Component/Console/Output/ConsoleOutput))
#18 D:/FREELANCE/NONA/BengkelKu-POS/vendor/symfony/console/Application.php(356): Symfony/Component/Console/Application->doRunCommand(Object(Illuminate/Database/Console/Seeds/SeedCommand), Object(Symfony/Component/Console/Input/ArgvInput), Object(Symfony/Component/Console/Output/ConsoleOutput))
#19 D:/FREELANCE/NONA/BengkelKu-POS/vendor/symfony/console/Application.php(195): Symfony/Component/Console/Application->doRun(Object(Symfony/Component/Console/Input/ArgvInput), Object(Symfony/Component/Console/Output/ConsoleOutput))
#20 D:/FREELANCE/NONA/BengkelKu-POS/vendor/laravel/framework/src/Illuminate/Foundation/Console/Kernel.php(198): Symfony/Component/Console/Application->run(Object(Symfony/Component/Console/Input/ArgvInput), Object(Symfony/Component/Console/Output/ConsoleOutput))
#21 D:/FREELANCE/NONA/BengkelKu-POS/artisan(12): Illuminate/Foundation/Console/Kernel->handle(Object(Symfony/Component/Console/Input/ArgvInput), Object(Symfony/Component/Console/Output/ConsoleOutput))
#22 {main}
"} 
[2026-08-30 22:38:31] local.ERROR: Target class [Database\Seeders\AdminUserSeeder] does not exist. {"exception":"[object] (Illuminate\\Contracts\\Container\\BindingResolutionException(code: 0): Target class [Database\\Seeders\\AdminUserSeeder] does not exist. at D:/FREELANCE/NONA/BengkelKu-POS/vendor/laravel/framework/src/Illuminate/Container/Container.php:961)
[stacktrace]
#0 D:/FREELANCE/NONA/BengkelKu-POS/vendor/laravel/framework/src/Illuminate/Container/Container.php(832): Illuminate/Container/Container->build('Database//Seeder...')
#1 D:/FREELANCE/NONA/BengkelKu-POS/vendor/laravel/framework/src/Illuminate/Foundation/Application.php(1078): Illuminate/Container/Container->resolve('Database//Seeder...', Array, true)
#2 D:/FREELANCE/NONA/BengkelKu-POS/vendor/laravel/framework/src/Illuminate/Container/Container.php(763): Illuminate/Foundation/Application->resolve('Database//Seeder...', Array)
#3 D:/FREELANCE/NONA/BengkelKu-POS/vendor/laravel/framework/src/Illuminate/Foundation/Application.php(1058): Illuminate/Container/Container->make('Database//Seeder...', Array)
#4 D:/FREELANCE/NONA/BengkelKu-POS/vendor/laravel/framework/src/Illuminate/Database/Console/Seeds/SeedCommand.php(98): Illuminate/Foundation/Application->make('Database//Seeder...')
#5 D:/FREELANCE/NONA/BengkelKu-POS/vendor/laravel/framework/src/Illuminate/Database/Console/Seeds/SeedCommand.php(70): Illuminate/Database/Console/Seeds/SeedCommand->getSeeder()
#6 D:/FREELANCE/NONA/BengkelKu-POS/vendor/laravel/framework/src/Illuminate/Database/Eloquent/Concerns/GuardsAttributes.php(155): Illuminate/Database/Console/Seeds/SeedCommand->Illuminate/Database/Console/Seeds/{closure}()
#7 D:/FREELANCE/NONA/BengkelKu-POS/vendor/laravel/framework/src/Illuminate/Database/Console/Seeds/SeedCommand.php(69): Illuminate/Database/Eloquent/Model::unguarded(Object(Closure))
#8 D:/FREELANCE/NONA/BengkelKu-POS/vendor/laravel/framework/src/Illuminate/Container/BoundMethod.php(36): Illuminate/Database/Console/Seeds/SeedCommand->handle()
#9 D:/FREELANCE/NONA/BengkelKu-POS/vendor/laravel/framework/src/Illuminate/Container/Util.php(43): Illuminate/Container/BoundMethod::Illuminate/Container/{closure}()
#10 D:/FREELANCE/NONA/BengkelKu-POS/vendor/laravel/framework/src/Illuminate/Container/BoundMethod.php(95): Illuminate/Container/Util::unwrapIfClosure(Object(Closure))
#11 D:/FREELANCE/NONA/BengkelKu-POS/vendor/laravel/framework/src/Illuminate/Container/BoundMethod.php(35): Illuminate/Container/BoundMethod::callBoundMethod(Object(Illuminate/Foundation/Application), Array, Object(Closure))
#12 D:/FREELANCE/NONA/BengkelKu-POS/vendor/laravel/framework/src/Illuminate/Container/Container.php(696): Illuminate/Container/BoundMethod::call(Object(Illuminate/Foundation/Application), Array, Array, NULL)
#13 D:/FREELANCE/NONA/BengkelKu-POS/vendor/laravel/framework/src/Illuminate/Console/Command.php(213): Illuminate/Container/Container->call(Array)
#14 D:/FREELANCE/NONA/BengkelKu-POS/vendor/symfony/console/Command/Command.php(341): Illuminate/Console/Command->execute(Object(Symfony/Component/Console/Input/ArgvInput), Object(Illuminate/Console/OutputStyle))
#15 D:/FREELANCE/NONA/BengkelKu-POS/vendor/laravel/framework/src/Illuminate/Console/Command.php(182): Symfony/Component/Console/Command/Command->run(Object(Symfony/Component/Console/Input/ArgvInput), Object(Illuminate/Console/OutputStyle))
#16 D:/FREELANCE/NONA/BengkelKu-POS/vendor/symfony/console/Application.php(1117): Illuminate/Console/Command->run(Object(Symfony/Component/Console/Input/ArgvInput), Object(Symfony/Component/Console/Output/ConsoleOutput))
#17 D:/FREELANCE/NONA/BengkelKu-POS/vendor/symfony/console/Application.php(356): Symfony/Component/Console/Application->doRunCommand(Object(Illuminate/Database/Console/Seeds/SeedCommand), Object(Symfony/Component/Console/Input/ArgvInput), Object(Symfony/Component/Console/Output/ConsoleOutput))
#18 D:/FREELANCE/NONA/BengkelKu-POS/vendor/symfony/console/Application.php(195): Symfony/Component/Console/Application->doRun(Object(Symfony/Component/Console/Input/ArgvInput), Object(Symfony/Component/Console/Output/ConsoleOutput))
#19 D:/FREELANCE/NONA/BengkelKu-POS/vendor/laravel/framework/src/Illuminate/Foundation/Console/Kernel.php(198): Symfony/Component/Console/Application->run(Object(Symfony/Component/Console/Input/ArgvInput), Object(Symfony/Component/Console/Output/ConsoleOutput))
#20 D:/FREELANCE/NONA/BengkelKu-POS/artisan(12): Illuminate/Foundation/Console/Kernel->handle(Object(Symfony/Component/Console/Input/ArgvInput), Object(Symfony/Component/Console/Output/ConsoleOutput))
#21 {main}

[previous exception] [object] (ReflectionException(code: -1): Class \"Database\\Seeders\\AdminUserSeeder\" does not exist at D:/FREELANCE/NONA/BengkelKu-POS/vendor/laravel/framework/src/Illuminate/Container/Container.php:959)
[stacktrace]
#0 D:/FREELANCE/NONA/BengkelKu-POS/vendor/laravel/framework/src/Illuminate/Container/Container.php(959): ReflectionClass->__construct('Database//Seeder...')
#1 D:/FREELANCE/NONA/BengkelKu-POS/vendor/laravel/framework/src/Illuminate/Container/Container.php(832): Illuminate/Container/Container->build('Database//Seeder...')
#2 D:/FREELANCE/NONA/BengkelKu-POS/vendor/laravel/framework/src/Illuminate/Foundation/Application.php(1078): Illuminate/Container/Container->resolve('Database//Seeder...', Array, true)
#3 D:/FREELANCE/NONA/BengkelKu-POS/vendor/laravel/framework/src/Illuminate/Container/Container.php(763): Illuminate/Foundation/Application->resolve('Database//Seeder...', Array)
#4 D:/FREELANCE/NONA/BengkelKu-POS/vendor/laravel/framework/src/Illuminate/Foundation/Application.php(1058): Illuminate/Container/Container->make('Database//Seeder...', Array)
#5 D:/FREELANCE/NONA/BengkelKu-POS/vendor/laravel/framework/src/Illuminate/Database/Console/Seeds/SeedCommand.php(98): Illuminate/Foundation/Application->make('Database//Seeder...')
#6 D:/FREELANCE/NONA/BengkelKu-POS/vendor/laravel/framework/src/Illuminate/Database/Console/Seeds/SeedCommand.php(70): Illuminate/Database/Console/Seeds/SeedCommand->getSeeder()
#7 D:/FREELANCE/NONA/BengkelKu-POS/vendor/laravel/framework/src/Illuminate/Database/Eloquent/Concerns/GuardsAttributes.php(155): Illuminate/Database/Console/Seeds/SeedCommand->Illuminate/Database/Console/Seeds/{closure}()
#8 D:/FREELANCE/NONA/BengkelKu-POS/vendor/laravel/framework/src/Illuminate/Database/Console/Seeds/SeedCommand.php(69): Illuminate/Database/Eloquent/Model::unguarded(Object(Closure))
#9 D:/FREELANCE/NONA/BengkelKu-POS/vendor/laravel/framework/src/Illuminate/Container/BoundMethod.php(36): Illuminate/Database/Console/Seeds/SeedCommand->handle()
#10 D:/FREELANCE/NONA/BengkelKu-POS/vendor/laravel/framework/src/Illuminate/Container/Util.php(43): Illuminate/Container/BoundMethod::Illuminate/Container/{closure}()
#11 D:/FREELANCE/NONA/BengkelKu-POS/vendor/laravel/framework/src/Illuminate/Container/BoundMethod.php(95): Illuminate/Container/Util::unwrapIfClosure(Object(Closure))
#12 D:/FREELANCE/NONA/BengkelKu-POS/vendor/laravel/framework/src/Illuminate/Container/BoundMethod.php(35): Illuminate/Container/BoundMethod::callBoundMethod(Object(Illuminate/Foundation/Application), Array, Object(Closure))
#13 D:/FREELANCE/NONA/BengkelKu-POS/vendor/laravel/framework/src/Illuminate/Container/Container.php(696): Illuminate/Container/BoundMethod::call(Object(Illuminate/Foundation/Application), Array, Array, NULL)
#14 D:/FREELANCE/NONA/BengkelKu-POS/vendor/laravel/framework/src/Illuminate/Console/Command.php(213): Illuminate/Container/Container->call(Array)
#15 D:/FREELANCE/NONA/BengkelKu-POS/vendor/symfony/console/Command/Command.php(341): Illuminate/Console/Command->execute(Object(Symfony/Component/Console/Input/ArgvInput), Object(Illuminate/Console/OutputStyle))
#16 D:/FREELANCE/NONA/BengkelKu-POS/vendor/laravel/framework/src/Illuminate/Console/Command.php(182): Symfony/Component/Console/Command/Command->run(Object(Symfony/Component/Console/Input/ArgvInput), Object(Illuminate/Console/OutputStyle))
#17 D:/FREELANCE/NONA/BengkelKu-POS/vendor/symfony/console/Application.php(1117): Illuminate/Console/Command->run(Object(Symfony/Component/Console/Input/ArgvInput), Object(Symfony/Component/Console/Output/ConsoleOutput))
#18 D:/FREELANCE/NONA/BengkelKu-POS/vendor/symfony/console/Application.php(356): Symfony/Component/Console/Application->doRunCommand(Object(Illuminate/Database/Console/Seeds/SeedCommand), Object(Symfony/Component/Console/Input/ArgvInput), Object(Symfony/Component/Console/Output/ConsoleOutput))
#19 D:/FREELANCE/NONA/BengkelKu-POS/vendor/symfony/console/Application.php(195): Symfony/Component/Console/Application->doRun(Object(Symfony/Component/Console/Input/ArgvInput), Object(Symfony/Component/Console/Output/ConsoleOutput))
#20 D:/FREELANCE/NONA/BengkelKu-POS/vendor/laravel/framework/src/Illuminate/Foundation/Console/Kernel.php(198): Symfony/Component/Console/Application->run(Object(Symfony/Component/Console/Input/ArgvInput), Object(Symfony/Component/Console/Output/ConsoleOutput))
#21 D:/FREELANCE/NONA/BengkelKu-POS/artisan(12): Illuminate/Foundation/Console/Kernel->handle(Object(Symfony/Component/Console/Input/ArgvInput), Object(Symfony/Component/Console/Output/ConsoleOutput))
#22 {main}
"} 
[2026-08-30 22:41:54] local.ERROR: Target class [Database\Seeders\AdminUserSeeder] does not exist. {"exception":"[object] (Illuminate\\Contracts\\Container\\BindingResolutionException(code: 0): Target class [Database\\Seeders\\AdminUserSeeder] does not exist. at D:/FREELANCE/NONA/BengkelKu-POS/vendor/laravel/framework/src/Illuminate/Container/Container.php:961)
[stacktrace]
#0 D:/FREELANCE/NONA/BengkelKu-POS/vendor/laravel/framework/src/Illuminate/Container/Container.php(832): Illuminate/Container/Container->build('Database//Seeder...')
#1 D:/FREELANCE/NONA/BengkelKu-POS/vendor/laravel/framework/src/Illuminate/Foundation/Application.php(1078): Illuminate/Container/Container->resolve('Database//Seeder...', Array, true)
#2 D:/FREELANCE/NONA/BengkelKu-POS/vendor/laravel/framework/src/Illuminate/Container/Container.php(763): Illuminate/Foundation/Application->resolve('Database//Seeder...', Array)
#3 D:/FREELANCE/NONA/BengkelKu-POS/vendor/laravel/framework/src/Illuminate/Foundation/Application.php(1058): Illuminate/Container/Container->make('Database//Seeder...', Array)
#4 D:/FREELANCE/NONA/BengkelKu-POS/vendor/laravel/framework/src/Illuminate/Database/Console/Seeds/SeedCommand.php(98): Illuminate/Foundation/Application->make('Database//Seeder...')
#5 D:/FREELANCE/NONA/BengkelKu-POS/vendor/laravel/framework/src/Illuminate/Database/Console/Seeds/SeedCommand.php(70): Illuminate/Database/Console/Seeds/SeedCommand->getSeeder()
#6 D:/FREELANCE/NONA/BengkelKu-POS/vendor/laravel/framework/src/Illuminate/Database/Eloquent/Concerns/GuardsAttributes.php(155): Illuminate/Database/Console/Seeds/SeedCommand->Illuminate/Database/Console/Seeds/{closure}()
#7 D:/FREELANCE/NONA/BengkelKu-POS/vendor/laravel/framework/src/Illuminate/Database/Console/Seeds/SeedCommand.php(69): Illuminate/Database/Eloquent/Model::unguarded(Object(Closure))
#8 D:/FREELANCE/NONA/BengkelKu-POS/vendor/laravel/framework/src/Illuminate/Container/BoundMethod.php(36): Illuminate/Database/Console/Seeds/SeedCommand->handle()
#9 D:/FREELANCE/NONA/BengkelKu-POS/vendor/laravel/framework/src/Illuminate/Container/Util.php(43): Illuminate/Container/BoundMethod::Illuminate/Container/{closure}()
#10 D:/FREELANCE/NONA/BengkelKu-POS/vendor/laravel/framework/src/Illuminate/Container/BoundMethod.php(95): Illuminate/Container/Util::unwrapIfClosure(Object(Closure))
#11 D:/FREELANCE/NONA/BengkelKu-POS/vendor/laravel/framework/src/Illuminate/Container/BoundMethod.php(35): Illuminate/Container/BoundMethod::callBoundMethod(Object(Illuminate/Foundation/Application), Array, Object(Closure))
#12 D:/FREELANCE/NONA/BengkelKu-POS/vendor/laravel/framework/src/Illuminate/Container/Container.php(696): Illuminate/Container/BoundMethod::call(Object(Illuminate/Foundation/Application), Array, Array, NULL)
#13 D:/FREELANCE/NONA/BengkelKu-POS/vendor/laravel/framework/src/Illuminate/Console/Command.php(213): Illuminate/Container/Container->call(Array)
#14 D:/FREELANCE/NONA/BengkelKu-POS/vendor/symfony/console/Command/Command.php(341): Illuminate/Console/Command->execute(Object(Symfony/Component/Console/Input/ArgvInput), Object(Illuminate/Console/OutputStyle))
#15 D:/FREELANCE/NONA/BengkelKu-POS/vendor/laravel/framework/src/Illuminate/Console/Command.php(182): Symfony/Component/Console/Command/Command->run(Object(Symfony/Component/Console/Input/ArgvInput), Object(Illuminate/Console/OutputStyle))
#16 D:/FREELANCE/NONA/BengkelKu-POS/vendor/symfony/console/Application.php(1117): Illuminate/Console/Command->run(Object(Symfony/Component/Console/Input/ArgvInput), Object(Symfony/Component/Console/Output/ConsoleOutput))
#17 D:/FREELANCE/NONA/BengkelKu-POS/vendor/symfony/console/Application.php(356): Symfony/Component/Console/Application->doRunCommand(Object(Illuminate/Database/Console/Seeds/SeedCommand), Object(Symfony/Component/Console/Input/ArgvInput), Object(Symfony/Component/Console/Output/ConsoleOutput))
#18 D:/FREELANCE/NONA/BengkelKu-POS/vendor/symfony/console/Application.php(195): Symfony/Component/Console/Application->doRun(Object(Symfony/Component/Console/Input/ArgvInput), Object(Symfony/Component/Console/Output/ConsoleOutput))
#19 D:/FREELANCE/NONA/BengkelKu-POS/vendor/laravel/framework/src/Illuminate/Foundation/Console/Kernel.php(198): Symfony/Component/Console/Application->run(Object(Symfony/Component/Console/Input/ArgvInput), Object(Symfony/Component/Console/Output/ConsoleOutput))
#20 D:/FREELANCE/NONA/BengkelKu-POS/artisan(12): Illuminate/Foundation/Console/Kernel->handle(Object(Symfony/Component/Console/Input/ArgvInput), Object(Symfony/Component/Console/Output/ConsoleOutput))
#21 {main}

[previous exception] [object] (ReflectionException(code: -1): Class \"Database\\Seeders\\AdminUserSeeder\" does not exist at D:/FREELANCE/NONA/BengkelKu-POS/vendor/laravel/framework/src/Illuminate/Container/Container.php:959)
[stacktrace]
#0 D:/FREELANCE/NONA/BengkelKu-POS/vendor/laravel/framework/src/Illuminate/Container/Container.php(959): ReflectionClass->__construct('Database//Seeder...')
#1 D:/FREELANCE/NONA/BengkelKu-POS/vendor/laravel/framework/src/Illuminate/Container/Container.php(832): Illuminate/Container/Container->build('Database//Seeder...')
#2 D:/FREELANCE/NONA/BengkelKu-POS/vendor/laravel/framework/src/Illuminate/Foundation/Application.php(1078): Illuminate/Container/Container->resolve('Database//Seeder...', Array, true)
#3 D:/FREELANCE/NONA/BengkelKu-POS/vendor/laravel/framework/src/Illuminate/Container/Container.php(763): Illuminate/Foundation/Application->resolve('Database//Seeder...', Array)
#4 D:/FREELANCE/NONA/BengkelKu-POS/vendor/laravel/framework/src/Illuminate/Foundation/Application.php(1058): Illuminate/Container/Container->make('Database//Seeder...', Array)
#5 D:/FREELANCE/NONA/BengkelKu-POS/vendor/laravel/framework/src/Illuminate/Database/Console/Seeds/SeedCommand.php(98): Illuminate/Foundation/Application->make('Database//Seeder...')
#6 D:/FREELANCE/NONA/BengkelKu-POS/vendor/laravel/framework/src/Illuminate/Database/Console/Seeds/SeedCommand.php(70): Illuminate/Database/Console/Seeds/SeedCommand->getSeeder()
#7 D:/FREELANCE/NONA/BengkelKu-POS/vendor/laravel/framework/src/Illuminate/Database/Eloquent/Concerns/GuardsAttributes.php(155): Illuminate/Database/Console/Seeds/SeedCommand->Illuminate/Database/Console/Seeds/{closure}()
#8 D:/FREELANCE/NONA/BengkelKu-POS/vendor/laravel/framework/src/Illuminate/Database/Console/Seeds/SeedCommand.php(69): Illuminate/Database/Eloquent/Model::unguarded(Object(Closure))
#9 D:/FREELANCE/NONA/BengkelKu-POS/vendor/laravel/framework/src/Illuminate/Container/BoundMethod.php(36): Illuminate/Database/Console/Seeds/SeedCommand->handle()
#10 D:/FREELANCE/NONA/BengkelKu-POS/vendor/laravel/framework/src/Illuminate/Container/Util.php(43): Illuminate/Container/BoundMethod::Illuminate/Container/{closure}()
#11 D:/FREELANCE/NONA/BengkelKu-POS/vendor/laravel/framework/src/Illuminate/Container/BoundMethod.php(95): Illuminate/Container/Util::unwrapIfClosure(Object(Closure))
#12 D:/FREELANCE/NONA/BengkelKu-POS/vendor/laravel/framework/src/Illuminate/Container/BoundMethod.php(35): Illuminate/Container/BoundMethod::callBoundMethod(Object(Illuminate/Foundation/Application), Array, Object(Closure))
#13 D:/FREELANCE/NONA/BengkelKu-POS/vendor/laravel/framework/src/Illuminate/Container/Container.php(696): Illuminate/Container/BoundMethod::call(Object(Illuminate/Foundation/Application), Array, Array, NULL)
#14 D:/FREELANCE/NONA/BengkelKu-POS/vendor/laravel/framework/src/Illuminate/Console/Command.php(213): Illuminate/Container/Container->call(Array)
#15 D:/FREELANCE/NONA/BengkelKu-POS/vendor/symfony/console/Command/Command.php(341): Illuminate/Console/Command->execute(Object(Symfony/Component/Console/Input/ArgvInput), Object(Illuminate/Console/OutputStyle))
#16 D:/FREELANCE/NONA/BengkelKu-POS/vendor/laravel/framework/src/Illuminate/Console/Command.php(182): Symfony/Component/Console/Command/Command->run(Object(Symfony/Component/Console/Input/ArgvInput), Object(Illuminate/Console/OutputStyle))
#17 D:/FREELANCE/NONA/BengkelKu-POS/vendor/symfony/console/Application.php(1117): Illuminate/Console/Command->run(Object(Symfony/Component/Console/Input/ArgvInput), Object(Symfony/Component/Console/Output/ConsoleOutput))
#18 D:/FREELANCE/NONA/BengkelKu-POS/vendor/symfony/console/Application.php(356): Symfony/Component/Console/Application->doRunCommand(Object(Illuminate/Database/Console/Seeds/SeedCommand), Object(Symfony/Component/Console/Input/ArgvInput), Object(Symfony/Component/Console/Output/ConsoleOutput))
#19 D:/FREELANCE/NONA/BengkelKu-POS/vendor/symfony/console/Application.php(195): Symfony/Component/Console/Application->doRun(Object(Symfony/Component/Console/Input/ArgvInput), Object(Symfony/Component/Console/Output/ConsoleOutput))
#20 D:/FREELANCE/NONA/BengkelKu-POS/vendor/laravel/framework/src/Illuminate/Foundation/Console/Kernel.php(198): Symfony/Component/Console/Application->run(Object(Symfony/Component/Console/Input/ArgvInput), Object(Symfony/Component/Console/Output/ConsoleOutput))
#21 D:/FREELANCE/NONA/BengkelKu-POS/artisan(12): Illuminate/Foundation/Console/Kernel->handle(Object(Symfony/Component/Console/Input/ArgvInput), Object(Symfony/Component/Console/Output/ConsoleOutput))
#22 {main}
"} 
[2026-08-30 22:43:56] local.ERROR: Livewire only supports one HTML element per component. Multiple root elements detected for component: [dashboard] {"userId":"a2a12424-3bbe-4cb5-b0d9-5e931f25e6ec","exception":"[object] (Livewire\\Features\\SupportMultipleRootElementDetection\\MultipleRootElementsDetectedException(code: 0): Livewire only supports one HTML element per component. Multiple root elements detected for component: [dashboard] at D:/FREELANCE/NONA/BengkelKu-POS/vendor/livewire/livewire/src/Features/SupportMultipleRootElementDetection/SupportMultipleRootElementDetection.php:27)
[stacktrace]
#0 D:/FREELANCE/NONA/BengkelKu-POS/vendor/livewire/livewire/src/Features/SupportMultipleRootElementDetection/SupportMultipleRootElementDetection.php(16): Livewire/Features/SupportMultipleRootElementDetection/SupportMultipleRootElementDetection->warnAgainstMoreThanOneRootElement(Object(App/Livewire/Dashboard), '<div wire:snaps...')
#1 D:/FREELANCE/NONA/BengkelKu-POS/vendor/livewire/livewire/src/EventBus.php(73): Livewire/Features/SupportMultipleRootElementDetection/SupportMultipleRootElementDetection::Livewire/Features/SupportMultipleRootElementDetection/{closure}('<div wire:snaps...', Array)
#2 D:/FREELANCE/NONA/BengkelKu-POS/vendor/livewire/livewire/src/Mechanisms/HandleComponents/HandleComponents.php(72): Livewire/EventBus->Livewire/{closure}('<div wire:snaps...', Array)
#3 D:/FREELANCE/NONA/BengkelKu-POS/vendor/livewire/livewire/src/LivewireManager.php(73): Livewire/Mechanisms/HandleComponents/HandleComponents->mount('App//Livewire//Da...', Array, NULL)
#4 D:/FREELANCE/NONA/BengkelKu-POS/vendor/livewire/livewire/src/Features/SupportPageComponents/HandlesPageComponents.php(17): Livewire/LivewireManager->mount('App//Livewire//Da...', Array)
#5 D:/FREELANCE/NONA/BengkelKu-POS/vendor/livewire/livewire/src/Features/SupportPageComponents/SupportPageComponents.php(117): Livewire/Component->Livewire/Features/SupportPageComponents/{closure}()
#6 D:/FREELANCE/NONA/BengkelKu-POS/vendor/livewire/livewire/src/Features/SupportPageComponents/HandlesPageComponents.php(14): Livewire/Features/SupportPageComponents/SupportPageComponents::interceptTheRenderOfTheComponentAndRetreiveTheLayoutConfiguration(Object(Closure))
#7 D:/FREELANCE/NONA/BengkelKu-POS/vendor/laravel/framework/src/Illuminate/Routing/ControllerDispatcher.php(47): Livewire/Component->__invoke()
#8 D:/FREELANCE/NONA/BengkelKu-POS/vendor/laravel/framework/src/Illuminate/Routing/Route.php(266): Illuminate/Routing/ControllerDispatcher->dispatch(Object(Illuminate/Routing/Route), Object(App/Livewire/Dashboard), '__invoke')
#9 D:/FREELANCE/NONA/BengkelKu-POS/vendor/laravel/framework/src/Illuminate/Routing/Route.php(212): Illuminate/Routing/Route->runController()
#10 D:/FREELANCE/NONA/BengkelKu-POS/vendor/laravel/framework/src/Illuminate/Routing/Router.php(808): Illuminate/Routing/Route->run()
#11 D:/FREELANCE/NONA/BengkelKu-POS/vendor/laravel/framework/src/Illuminate/Pipeline/Pipeline.php(170): Illuminate/Routing/Router->Illuminate/Routing/{closure}(Object(Illuminate/Http/Request))
#12 D:/FREELANCE/NONA/BengkelKu-POS/vendor/laravel/framework/src/Illuminate/Routing/Middleware/SubstituteBindings.php(51): Illuminate/Pipeline/Pipeline->Illuminate/Pipeline/{closure}(Object(Illuminate/Http/Request))
#13 D:/FREELANCE/NONA/BengkelKu-POS/vendor/laravel/framework/src/Illuminate/Pipeline/Pipeline.php(209): Illuminate/Routing/Middleware/SubstituteBindings->handle(Object(Illuminate/Http/Request), Object(Closure))
#14 D:/FREELANCE/NONA/BengkelKu-POS/vendor/laravel/framework/src/Illuminate/Auth/Middleware/Authenticate.php(64): Illuminate/Pipeline/Pipeline->Illuminate/Pipeline/{closure}(Object(Illuminate/Http/Request))
#15 D:/FREELANCE/NONA/BengkelKu-POS/vendor/laravel/framework/src/Illuminate/Pipeline/Pipeline.php(209): Illuminate/Auth/Middleware/Authenticate->handle(Object(Illuminate/Http/Request), Object(Closure))
#16 D:/FREELANCE/NONA/BengkelKu-POS/vendor/laravel/framework/src/Illuminate/Foundation/Http/Middleware/VerifyCsrfToken.php(88): Illuminate/Pipeline/Pipeline->Illuminate/Pipeline/{closure}(Object(Illuminate/Http/Request))
#17 D:/FREELANCE/NONA/BengkelKu-POS/vendor/laravel/framework/src/Illuminate/Pipeline/Pipeline.php(209): Illuminate/Foundation/Http/Middleware/VerifyCsrfToken->handle(Object(Illuminate/Http/Request), Object(Closure))
#18 D:/FREELANCE/NONA/BengkelKu-POS/vendor/laravel/framework/src/Illuminate/View/Middleware/ShareErrorsFromSession.php(49): Illuminate/Pipeline/Pipeline->Illuminate/Pipeline/{closure}(Object(Illuminate/Http/Request))
#19 D:/FREELANCE/NONA/BengkelKu-POS/vendor/laravel/framework/src/Illuminate/Pipeline/Pipeline.php(209): Illuminate/View/Middleware/ShareErrorsFromSession->handle(Object(Illuminate/Http/Request), Object(Closure))
#20 D:/FREELANCE/NONA/BengkelKu-POS/vendor/laravel/framework/src/Illuminate/Session/Middleware/StartSession.php(121): Illuminate/Pipeline/Pipeline->Illuminate/Pipeline/{closure}(Object(Illuminate/Http/Request))
#21 D:/FREELANCE/NONA/BengkelKu-POS/vendor/laravel/framework/src/Illuminate/Session/Middleware/StartSession.php(64): Illuminate/Session/Middleware/StartSession->handleStatefulRequest(Object(Illuminate/Http/Request), Object(Illuminate/Session/Store), Object(Closure))
#22 D:/FREELANCE/NONA/BengkelKu-POS/vendor/laravel/framework/src/Illuminate/Pipeline/Pipeline.php(209): Illuminate/Session/Middleware/StartSession->handle(Object(Illuminate/Http/Request), Object(Closure))
#23 D:/FREELANCE/NONA/BengkelKu-POS/vendor/laravel/framework/src/Illuminate/Cookie/Middleware/AddQueuedCookiesToResponse.php(37): Illuminate/Pipeline/Pipeline->Illuminate/Pipeline/{closure}(Object(Illuminate/Http/Request))
#24 D:/FREELANCE/NONA/BengkelKu-POS/vendor/laravel/framework/src/Illuminate/Pipeline/Pipeline.php(209): Illuminate/Cookie/Middleware/AddQueuedCookiesToResponse->handle(Object(Illuminate/Http/Request), Object(Closure))
#25 D:/FREELANCE/NONA/BengkelKu-POS/vendor/laravel/framework/src/Illuminate/Cookie/Middleware/EncryptCookies.php(75): Illuminate/Pipeline/Pipeline->Illuminate/Pipeline/{closure}(Object(Illuminate/Http/Request))
#26 D:/FREELANCE/NONA/BengkelKu-POS/vendor/laravel/framework/src/Illuminate/Pipeline/Pipeline.php(209): Illuminate/Cookie/Middleware/EncryptCookies->handle(Object(Illuminate/Http/Request), Object(Closure))
#27 D:/FREELANCE/NONA/BengkelKu-POS/vendor/laravel/framework/src/Illuminate/Pipeline/Pipeline.php(127): Illuminate/Pipeline/Pipeline->Illuminate/Pipeline/{closure}(Object(Illuminate/Http/Request))
#28 D:/FREELANCE/NONA/BengkelKu-POS/vendor/laravel/framework/src/Illuminate/Routing/Router.php(807): Illuminate/Pipeline/Pipeline->then(Object(Closure))
#29 D:/FREELANCE/NONA/BengkelKu-POS/vendor/laravel/framework/src/Illuminate/Routing/Router.php(786): Illuminate/Routing/Router->runRouteWithinStack(Object(Illuminate/Routing/Route), Object(Illuminate/Http/Request))
#30 D:/FREELANCE/NONA/BengkelKu-POS/vendor/laravel/framework/src/Illuminate/Routing/Router.php(750): Illuminate/Routing/Router->runRoute(Object(Illuminate/Http/Request), Object(Illuminate/Routing/Route))
#31 D:/FREELANCE/NONA/BengkelKu-POS/vendor/laravel/framework/src/Illuminate/Routing/Router.php(739): Illuminate/Routing/Router->dispatchToRoute(Object(Illuminate/Http/Request))
#32 D:/FREELANCE/NONA/BengkelKu-POS/vendor/laravel/framework/src/Illuminate/Foundation/Http/Kernel.php(201): Illuminate/Routing/Router->dispatch(Object(Illuminate/Http/Request))
#33 D:/FREELANCE/NONA/BengkelKu-POS/vendor/laravel/framework/src/Illuminate/Pipeline/Pipeline.php(170): Illuminate/Foundation/Http/Kernel->Illuminate/Foundation/Http/{closure}(Object(Illuminate/Http/Request))
#34 D:/FREELANCE/NONA/BengkelKu-POS/vendor/livewire/livewire/src/Features/SupportDisablingBackButtonCache/DisableBackButtonCacheMiddleware.php(19): Illuminate/Pipeline/Pipeline->Illuminate/Pipeline/{closure}(Object(Illuminate/Http/Request))
#35 D:/FREELANCE/NONA/BengkelKu-POS/vendor/laravel/framework/src/Illuminate/Pipeline/Pipeline.php(209): Livewire/Features/SupportDisablingBackButtonCache/DisableBackButtonCacheMiddleware->handle(Object(Illuminate/Http/Request), Object(Closure))
#36 D:/FREELANCE/NONA/BengkelKu-POS/vendor/laravel/framework/src/Illuminate/Foundation/Http/Middleware/TransformsRequest.php(21): Illuminate/Pipeline/Pipeline->Illuminate/Pipeline/{closure}(Object(Illuminate/Http/Request))
#37 D:/FREELANCE/NONA/BengkelKu-POS/vendor/laravel/framework/src/Illuminate/Foundation/Http/Middleware/ConvertEmptyStringsToNull.php(31): Illuminate/Foundation/Http/Middleware/TransformsRequest->handle(Object(Illuminate/Http/Request), Object(Closure))
#38 D:/FREELANCE/NONA/BengkelKu-POS/vendor/laravel/framework/src/Illuminate/Pipeline/Pipeline.php(209): Illuminate/Foundation/Http/Middleware/ConvertEmptyStringsToNull->handle(Object(Illuminate/Http/Request), Object(Closure))
#39 D:/FREELANCE/NONA/BengkelKu-POS/vendor/laravel/framework/src/Illuminate/Foundation/Http/Middleware/TransformsRequest.php(21): Illuminate/Pipeline/Pipeline->Illuminate/Pipeline/{closure}(Object(Illuminate/Http/Request))
#40 D:/FREELANCE/NONA/BengkelKu-POS/vendor/laravel/framework/src/Illuminate/Foundation/Http/Middleware/TrimStrings.php(51): Illuminate/Foundation/Http/Middleware/TransformsRequest->handle(Object(Illuminate/Http/Request), Object(Closure))
#41 D:/FREELANCE/NONA/BengkelKu-POS/vendor/laravel/framework/src/Illuminate/Pipeline/Pipeline.php(209): Illuminate/Foundation/Http/Middleware/TrimStrings->handle(Object(Illuminate/Http/Request), Object(Closure))
#42 D:/FREELANCE/NONA/BengkelKu-POS/vendor/laravel/framework/src/Illuminate/Http/Middleware/ValidatePostSize.php(27): Illuminate/Pipeline/Pipeline->Illuminate/Pipeline/{closure}(Object(Illuminate/Http/Request))
#43 D:/FREELANCE/NONA/BengkelKu-POS/vendor/laravel/framework/src/Illuminate/Pipeline/Pipeline.php(209): Illuminate/Http/Middleware/ValidatePostSize->handle(Object(Illuminate/Http/Request), Object(Closure))
#44 D:/FREELANCE/NONA/BengkelKu-POS/vendor/laravel/framework/src/Illuminate/Foundation/Http/Middleware/PreventRequestsDuringMaintenance.php(110): Illuminate/Pipeline/Pipeline->Illuminate/Pipeline/{closure}(Object(Illuminate/Http/Request))
#45 D:/FREELANCE/NONA/BengkelKu-POS/vendor/laravel/framework/src/Illuminate/Pipeline/Pipeline.php(209): Illuminate/Foundation/Http/Middleware/PreventRequestsDuringMaintenance->handle(Object(Illuminate/Http/Request), Object(Closure))
#46 D:/FREELANCE/NONA/BengkelKu-POS/vendor/laravel/framework/src/Illuminate/Http/Middleware/HandleCors.php(49): Illuminate/Pipeline/Pipeline->Illuminate/Pipeline/{closure}(Object(Illuminate/Http/Request))
#47 D:/FREELANCE/NONA/BengkelKu-POS/vendor/laravel/framework/src/Illuminate/Pipeline/Pipeline.php(209): Illuminate/Http/Middleware/HandleCors->handle(Object(Illuminate/Http/Request), Object(Closure))
#48 D:/FREELANCE/NONA/BengkelKu-POS/vendor/laravel/framework/src/Illuminate/Http/Middleware/TrustProxies.php(58): Illuminate/Pipeline/Pipeline->Illuminate/Pipeline/{closure}(Object(Illuminate/Http/Request))
#49 D:/FREELANCE/NONA/BengkelKu-POS/vendor/laravel/framework/src/Illuminate/Pipeline/Pipeline.php(209): Illuminate/Http/Middleware/TrustProxies->handle(Object(Illuminate/Http/Request), Object(Closure))
#50 D:/FREELANCE/NONA/BengkelKu-POS/vendor/laravel/framework/src/Illuminate/Foundation/Http/Middleware/InvokeDeferredCallbacks.php(22): Illuminate/Pipeline/Pipeline->Illuminate/Pipeline/{closure}(Object(Illuminate/Http/Request))
#51 D:/FREELANCE/NONA/BengkelKu-POS/vendor/laravel/framework/src/Illuminate/Pipeline/Pipeline.php(209): Illuminate/Foundation/Http/Middleware/InvokeDeferredCallbacks->handle(Object(Illuminate/Http/Request), Object(Closure))
#52 D:/FREELANCE/NONA/BengkelKu-POS/vendor/laravel/framework/src/Illuminate/Pipeline/Pipeline.php(127): Illuminate/Pipeline/Pipeline->Illuminate/Pipeline/{closure}(Object(Illuminate/Http/Request))
#53 D:/FREELANCE/NONA/BengkelKu-POS/vendor/laravel/framework/src/Illuminate/Foundation/Http/Kernel.php(176): Illuminate/Pipeline/Pipeline->then(Object(Closure))
#54 D:/FREELANCE/NONA/BengkelKu-POS/vendor/laravel/framework/src/Illuminate/Foundation/Http/Kernel.php(145): Illuminate/Foundation/Http/Kernel->sendRequestThroughRouter(Object(Illuminate/Http/Request))
#55 D:/FREELANCE/NONA/BengkelKu-POS/public/index.php(19): Illuminate/Foundation/Http/Kernel->handle(Object(Illuminate/Http/Request))
#56 D:/FREELANCE/NONA/BengkelKu-POS/vendor/laravel/framework/src/Illuminate/Foundation/resources/server.php(23): require_once('D://FREELANCE//NO...')
#57 {main}
"} 
[2026-08-30 23:04:32] local.ERROR: Route [filament.admin.resources.work-orders.create] not defined. (View: D:\FREELANCE\NONA\BengkelKu-POS\resources\views\livewire\pos\cashier.blade.php) {"userId":"a2a12424-3bbe-4cb5-b0d9-5e931f25e6ec","exception":"[object] (Illuminate\\View\\ViewException(code: 0): Route [filament.admin.resources.work-orders.create] not defined. (View: D:\\FREELANCE\\NONA\\BengkelKu-POS\\resources\\views\\livewire\\pos\\cashier.blade.php) at D:/FREELANCE/NONA/BengkelKu-POS/vendor/laravel/framework/src/Illuminate/Routing/UrlGenerator.php:517)
[stacktrace]
#0 D:/FREELANCE/NONA/BengkelKu-POS/vendor/livewire/livewire/src/Mechanisms/ExtendBlade/ExtendedCompilerEngine.php(58): Illuminate/View/Engines/CompilerEngine->handleViewException(Object(Symfony/Component/Routing/Exception/RouteNotFoundException), 1)
#1 D:/FREELANCE/NONA/BengkelKu-POS/vendor/livewire/livewire/src/Mechanisms/ExtendBlade/ExtendedCompilerEngine.php(40): Livewire/Mechanisms/ExtendBlade/ExtendedCompilerEngine->handleViewException(Object(Symfony/Component/Routing/Exception/RouteNotFoundException), 1)
#2 D:/FREELANCE/NONA/BengkelKu-POS/vendor/laravel/framework/src/Illuminate/View/Engines/CompilerEngine.php(75): Livewire/Mechanisms/ExtendBlade/ExtendedCompilerEngine->evaluatePath('D://FREELANCE//NO...', Array)
#3 D:/FREELANCE/NONA/BengkelKu-POS/vendor/livewire/livewire/src/Mechanisms/ExtendBlade/ExtendedCompilerEngine.php(16): Illuminate/View/Engines/CompilerEngine->get('D://FREELANCE//NO...', Array)
#4 D:/FREELANCE/NONA/BengkelKu-POS/vendor/laravel/framework/src/Illuminate/View/View.php(209): Livewire/Mechanisms/ExtendBlade/ExtendedCompilerEngine->get('D://FREELANCE//NO...', Array)
#5 D:/FREELANCE/NONA/BengkelKu-POS/vendor/laravel/framework/src/Illuminate/View/View.php(192): Illuminate/View/View->getContents()
#6 D:/FREELANCE/NONA/BengkelKu-POS/vendor/laravel/framework/src/Illuminate/View/View.php(161): Illuminate/View/View->renderContents()
#7 D:/FREELANCE/NONA/BengkelKu-POS/vendor/livewire/livewire/src/Mechanisms/HandleComponents/HandleComponents.php(288): Illuminate/View/View->render(Object(Closure))
#8 D:/FREELANCE/NONA/BengkelKu-POS/vendor/livewire/livewire/src/Mechanisms/HandleComponents/HandleComponents.php(332): Livewire/Mechanisms/HandleComponents/HandleComponents->Livewire/Mechanisms/HandleComponents/{closure}()
#9 D:/FREELANCE/NONA/BengkelKu-POS/vendor/livewire/livewire/src/Mechanisms/HandleComponents/HandleComponents.php(280): Livewire/Mechanisms/HandleComponents/HandleComponents->trackInRenderStack(Object(App/Livewire/Pos/Cashier), Object(Closure))
#10 D:/FREELANCE/NONA/BengkelKu-POS/vendor/livewire/livewire/src/Mechanisms/HandleComponents/HandleComponents.php(54): Livewire/Mechanisms/HandleComponents/HandleComponents->render(Object(App/Livewire/Pos/Cashier), '<div></div>')
#11 D:/FREELANCE/NONA/BengkelKu-POS/vendor/livewire/livewire/src/LivewireManager.php(73): Livewire/Mechanisms/HandleComponents/HandleComponents->mount('App//Livewire//Po...', Array, NULL)
#12 D:/FREELANCE/NONA/BengkelKu-POS/vendor/livewire/livewire/src/Features/SupportPageComponents/HandlesPageComponents.php(17): Livewire/LivewireManager->mount('App//Livewire//Po...', Array)
#13 D:/FREELANCE/NONA/BengkelKu-POS/vendor/livewire/livewire/src/Features/SupportPageComponents/SupportPageComponents.php(117): Livewire/Component->Livewire/Features/SupportPageComponents/{closure}()
#14 D:/FREELANCE/NONA/BengkelKu-POS/vendor/livewire/livewire/src/Features/SupportPageComponents/HandlesPageComponents.php(14): Livewire/Features/SupportPageComponents/SupportPageComponents::interceptTheRenderOfTheComponentAndRetreiveTheLayoutConfiguration(Object(Closure))
#15 D:/FREELANCE/NONA/BengkelKu-POS/vendor/laravel/framework/src/Illuminate/Routing/ControllerDispatcher.php(47): Livewire/Component->__invoke()
#16 D:/FREELANCE/NONA/BengkelKu-POS/vendor/laravel/framework/src/Illuminate/Routing/Route.php(266): Illuminate/Routing/ControllerDispatcher->dispatch(Object(Illuminate/Routing/Route), Object(App/Livewire/Pos/Cashier), '__invoke')
#17 D:/FREELANCE/NONA/BengkelKu-POS/vendor/laravel/framework/src/Illuminate/Routing/Route.php(212): Illuminate/Routing/Route->runController()
#18 D:/FREELANCE/NONA/BengkelKu-POS/vendor/laravel/framework/src/Illuminate/Routing/Router.php(808): Illuminate/Routing/Route->run()
#19 D:/FREELANCE/NONA/BengkelKu-POS/vendor/laravel/framework/src/Illuminate/Pipeline/Pipeline.php(170): Illuminate/Routing/Router->Illuminate/Routing/{closure}(Object(Illuminate/Http/Request))
#20 D:/FREELANCE/NONA/BengkelKu-POS/vendor/laravel/framework/src/Illuminate/Routing/Middleware/SubstituteBindings.php(51): Illuminate/Pipeline/Pipeline->Illuminate/Pipeline/{closure}(Object(Illuminate/Http/Request))
#21 D:/FREELANCE/NONA/BengkelKu-POS/vendor/laravel/framework/src/Illuminate/Pipeline/Pipeline.php(209): Illuminate/Routing/Middleware/SubstituteBindings->handle(Object(Illuminate/Http/Request), Object(Closure))
#22 D:/FREELANCE/NONA/BengkelKu-POS/vendor/laravel/framework/src/Illuminate/Auth/Middleware/Authenticate.php(64): Illuminate/Pipeline/Pipeline->Illuminate/Pipeline/{closure}(Object(Illuminate/Http/Request))
#23 D:/FREELANCE/NONA/BengkelKu-POS/vendor/laravel/framework/src/Illuminate/Pipeline/Pipeline.php(209): Illuminate/Auth/Middleware/Authenticate->handle(Object(Illuminate/Http/Request), Object(Closure))
#24 D:/FREELANCE/NONA/BengkelKu-POS/vendor/laravel/framework/src/Illuminate/Foundation/Http/Middleware/VerifyCsrfToken.php(88): Illuminate/Pipeline/Pipeline->Illuminate/Pipeline/{closure}(Object(Illuminate/Http/Request))
#25 D:/FREELANCE/NONA/BengkelKu-POS/vendor/laravel/framework/src/Illuminate/Pipeline/Pipeline.php(209): Illuminate/Foundation/Http/Middleware/VerifyCsrfToken->handle(Object(Illuminate/Http/Request), Object(Closure))
#26 D:/FREELANCE/NONA/BengkelKu-POS/vendor/laravel/framework/src/Illuminate/View/Middleware/ShareErrorsFromSession.php(49): Illuminate/Pipeline/Pipeline->Illuminate/Pipeline/{closure}(Object(Illuminate/Http/Request))
#27 D:/FREELANCE/NONA/BengkelKu-POS/vendor/laravel/framework/src/Illuminate/Pipeline/Pipeline.php(209): Illuminate/View/Middleware/ShareErrorsFromSession->handle(Object(Illuminate/Http/Request), Object(Closure))
#28 D:/FREELANCE/NONA/BengkelKu-POS/vendor/laravel/framework/src/Illuminate/Session/Middleware/StartSession.php(121): Illuminate/Pipeline/Pipeline->Illuminate/Pipeline/{closure}(Object(Illuminate/Http/Request))
#29 D:/FREELANCE/NONA/BengkelKu-POS/vendor/laravel/framework/src/Illuminate/Session/Middleware/StartSession.php(64): Illuminate/Session/Middleware/StartSession->handleStatefulRequest(Object(Illuminate/Http/Request), Object(Illuminate/Session/Store), Object(Closure))
#30 D:/FREELANCE/NONA/BengkelKu-POS/vendor/laravel/framework/src/Illuminate/Pipeline/Pipeline.php(209): Illuminate/Session/Middleware/StartSession->handle(Object(Illuminate/Http/Request), Object(Closure))
#31 D:/FREELANCE/NONA/BengkelKu-POS/vendor/laravel/framework/src/Illuminate/Cookie/Middleware/AddQueuedCookiesToResponse.php(37): Illuminate/Pipeline/Pipeline->Illuminate/Pipeline/{closure}(Object(Illuminate/Http/Request))
#32 D:/FREELANCE/NONA/BengkelKu-POS/vendor/laravel/framework/src/Illuminate/Pipeline/Pipeline.php(209): Illuminate/Cookie/Middleware/AddQueuedCookiesToResponse->handle(Object(Illuminate/Http/Request), Object(Closure))
#33 D:/FREELANCE/NONA/BengkelKu-POS/vendor/laravel/framework/src/Illuminate/Cookie/Middleware/EncryptCookies.php(75): Illuminate/Pipeline/Pipeline->Illuminate/Pipeline/{closure}(Object(Illuminate/Http/Request))
#34 D:/FREELANCE/NONA/BengkelKu-POS/vendor/laravel/framework/src/Illuminate/Pipeline/Pipeline.php(209): Illuminate/Cookie/Middleware/EncryptCookies->handle(Object(Illuminate/Http/Request), Object(Closure))
#35 D:/FREELANCE/NONA/BengkelKu-POS/vendor/laravel/framework/src/Illuminate/Pipeline/Pipeline.php(127): Illuminate/Pipeline/Pipeline->Illuminate/Pipeline/{closure}(Object(Illuminate/Http/Request))
#36 D:/FREELANCE/NONA/BengkelKu-POS/vendor/laravel/framework/src/Illuminate/Routing/Router.php(807): Illuminate/Pipeline/Pipeline->then(Object(Closure))
#37 D:/FREELANCE/NONA/BengkelKu-POS/vendor/laravel/framework/src/Illuminate/Routing/Router.php(786): Illuminate/Routing/Router->runRouteWithinStack(Object(Illuminate/Routing/Route), Object(Illuminate/Http/Request))
#38 D:/FREELANCE/NONA/BengkelKu-POS/vendor/laravel/framework/src/Illuminate/Routing/Router.php(750): Illuminate/Routing/Router->runRoute(Object(Illuminate/Http/Request), Object(Illuminate/Routing/Route))
#39 D:/FREELANCE/NONA/BengkelKu-POS/vendor/laravel/framework/src/Illuminate/Routing/Router.php(739): Illuminate/Routing/Router->dispatchToRoute(Object(Illuminate/Http/Request))
#40 D:/FREELANCE/NONA/BengkelKu-POS/vendor/laravel/framework/src/Illuminate/Foundation/Http/Kernel.php(201): Illuminate/Routing/Router->dispatch(Object(Illuminate/Http/Request))
#41 D:/FREELANCE/NONA/BengkelKu-POS/vendor/laravel/framework/src/Illuminate/Pipeline/Pipeline.php(170): Illuminate/Foundation/Http/Kernel->Illuminate/Foundation/Http/{closure}(Object(Illuminate/Http/Request))
#42 D:/FREELANCE/NONA/BengkelKu-POS/vendor/livewire/livewire/src/Features/SupportDisablingBackButtonCache/DisableBackButtonCacheMiddleware.php(19): Illuminate/Pipeline/Pipeline->Illuminate/Pipeline/{closure}(Object(Illuminate/Http/Request))
#43 D:/FREELANCE/NONA/BengkelKu-POS/vendor/laravel/framework/src/Illuminate/Pipeline/Pipeline.php(209): Livewire/Features/SupportDisablingBackButtonCache/DisableBackButtonCacheMiddleware->handle(Object(Illuminate/Http/Request), Object(Closure))
#44 D:/FREELANCE/NONA/BengkelKu-POS/vendor/laravel/framework/src/Illuminate/Foundation/Http/Middleware/TransformsRequest.php(21): Illuminate/Pipeline/Pipeline->Illuminate/Pipeline/{closure}(Object(Illuminate/Http/Request))
#45 D:/FREELANCE/NONA/BengkelKu-POS/vendor/laravel/framework/src/Illuminate/Foundation/Http/Middleware/ConvertEmptyStringsToNull.php(31): Illuminate/Foundation/Http/Middleware/TransformsRequest->handle(Object(Illuminate/Http/Request), Object(Closure))
#46 D:/FREELANCE/NONA/BengkelKu-POS/vendor/laravel/framework/src/Illuminate/Pipeline/Pipeline.php(209): Illuminate/Foundation/Http/Middleware/ConvertEmptyStringsToNull->handle(Object(Illuminate/Http/Request), Object(Closure))
#47 D:/FREELANCE/NONA/BengkelKu-POS/vendor/laravel/framework/src/Illuminate/Foundation/Http/Middleware/TransformsRequest.php(21): Illuminate/Pipeline/Pipeline->Illuminate/Pipeline/{closure}(Object(Illuminate/Http/Request))
#48 D:/FREELANCE/NONA/BengkelKu-POS/vendor/laravel/framework/src/Illuminate/Foundation/Http/Middleware/TrimStrings.php(51): Illuminate/Foundation/Http/Middleware/TransformsRequest->handle(Object(Illuminate/Http/Request), Object(Closure))
#49 D:/FREELANCE/NONA/BengkelKu-POS/vendor/laravel/framework/src/Illuminate/Pipeline/Pipeline.php(209): Illuminate/Foundation/Http/Middleware/TrimStrings->handle(Object(Illuminate/Http/Request), Object(Closure))
#50 D:/FREELANCE/NONA/BengkelKu-POS/vendor/laravel/framework/src/Illuminate/Http/Middleware/ValidatePostSize.php(27): Illuminate/Pipeline/Pipeline->Illuminate/Pipeline/{closure}(Object(Illuminate/Http/Request))
#51 D:/FREELANCE/NONA/BengkelKu-POS/vendor/laravel/framework/src/Illuminate/Pipeline/Pipeline.php(209): Illuminate/Http/Middleware/ValidatePostSize->handle(Object(Illuminate/Http/Request), Object(Closure))
#52 D:/FREELANCE/NONA/BengkelKu-POS/vendor/laravel/framework/src/Illuminate/Foundation/Http/Middleware/PreventRequestsDuringMaintenance.php(110): Illuminate/Pipeline/Pipeline->Illuminate/Pipeline/{closure}(Object(Illuminate/Http/Request))
#53 D:/FREELANCE/NONA/BengkelKu-POS/vendor/laravel/framework/src/Illuminate/Pipeline/Pipeline.php(209): Illuminate/Foundation/Http/Middleware/PreventRequestsDuringMaintenance->handle(Object(Illuminate/Http/Request), Object(Closure))
#54 D:/FREELANCE/NONA/BengkelKu-POS/vendor/laravel/framework/src/Illuminate/Http/Middleware/HandleCors.php(49): Illuminate/Pipeline/Pipeline->Illuminate/Pipeline/{closure}(Object(Illuminate/Http/Request))
#55 D:/FREELANCE/NONA/BengkelKu-POS/vendor/laravel/framework/src/Illuminate/Pipeline/Pipeline.php(209): Illuminate/Http/Middleware/HandleCors->handle(Object(Illuminate/Http/Request), Object(Closure))
#56 D:/FREELANCE/NONA/BengkelKu-POS/vendor/laravel/framework/src/Illuminate/Http/Middleware/TrustProxies.php(58): Illuminate/Pipeline/Pipeline->Illuminate/Pipeline/{closure}(Object(Illuminate/Http/Request))
#57 D:/FREELANCE/NONA/BengkelKu-POS/vendor/laravel/framework/src/Illuminate/Pipeline/Pipeline.php(209): Illuminate/Http/Middleware/TrustProxies->handle(Object(Illuminate/Http/Request), Object(Closure))
#58 D:/FREELANCE/NONA/BengkelKu-POS/vendor/laravel/framework/src/Illuminate/Foundation/Http/Middleware/InvokeDeferredCallbacks.php(22): Illuminate/Pipeline/Pipeline->Illuminate/Pipeline/{closure}(Object(Illuminate/Http/Request))
#59 D:/FREELANCE/NONA/BengkelKu-POS/vendor/laravel/framework/src/Illuminate/Pipeline/Pipeline.php(209): Illuminate/Foundation/Http/Middleware/InvokeDeferredCallbacks->handle(Object(Illuminate/Http/Request), Object(Closure))
#60 D:/FREELANCE/NONA/BengkelKu-POS/vendor/laravel/framework/src/Illuminate/Pipeline/Pipeline.php(127): Illuminate/Pipeline/Pipeline->Illuminate/Pipeline/{closure}(Object(Illuminate/Http/Request))
#61 D:/FREELANCE/NONA/BengkelKu-POS/vendor/laravel/framework/src/Illuminate/Foundation/Http/Kernel.php(176): Illuminate/Pipeline/Pipeline->then(Object(Closure))
#62 D:/FREELANCE/NONA/BengkelKu-POS/vendor/laravel/framework/src/Illuminate/Foundation/Http/Kernel.php(145): Illuminate/Foundation/Http/Kernel->sendRequestThroughRouter(Object(Illuminate/Http/Request))
#63 D:/FREELANCE/NONA/BengkelKu-POS/public/index.php(19): Illuminate/Foundation/Http/Kernel->handle(Object(Illuminate/Http/Request))
#64 D:/FREELANCE/NONA/BengkelKu-POS/vendor/laravel/framework/src/Illuminate/Foundation/resources/server.php(23): require_once('D://FREELANCE//NO...')
#65 {main}

[previous exception] [object] (Symfony\\Component\\Routing\\Exception\\RouteNotFoundException(code: 0): Route [filament.admin.resources.work-orders.create] not defined. at D:/FREELANCE/NONA/BengkelKu-POS/vendor/laravel/framework/src/Illuminate/Routing/UrlGenerator.php:517)
[stacktrace]
#0 D:/FREELANCE/NONA/BengkelKu-POS/vendor/laravel/framework/src/Illuminate/Foundation/helpers.php(853): Illuminate/Routing/UrlGenerator->route('filament.admin....', Array, true)
#1 D:/FREELANCE/NONA/BengkelKu-POS/storage/framework/views/8c9295ba4dacd35f96c2c330b99da7de.php(292): route('filament.admin....')
#2 D:/FREELANCE/NONA/BengkelKu-POS/vendor/livewire/livewire/src/Mechanisms/ExtendBlade/ExtendedCompilerEngine.php(37): include('D://FREELANCE//NO...')
#3 D:/FREELANCE/NONA/BengkelKu-POS/vendor/livewire/livewire/src/Mechanisms/ExtendBlade/ExtendedCompilerEngine.php(38): App/Livewire/Pos/Cashier->Livewire/Mechanisms/ExtendBlade/{closure}()
#4 D:/FREELANCE/NONA/BengkelKu-POS/vendor/laravel/framework/src/Illuminate/View/Engines/CompilerEngine.php(75): Livewire/Mechanisms/ExtendBlade/ExtendedCompilerEngine->evaluatePath('D://FREELANCE//NO...', Array)
#5 D:/FREELANCE/NONA/BengkelKu-POS/vendor/livewire/livewire/src/Mechanisms/ExtendBlade/ExtendedCompilerEngine.php(16): Illuminate/View/Engines/CompilerEngine->get('D://FREELANCE//NO...', Array)
#6 D:/FREELANCE/NONA/BengkelKu-POS/vendor/laravel/framework/src/Illuminate/View/View.php(209): Livewire/Mechanisms/ExtendBlade/ExtendedCompilerEngine->get('D://FREELANCE//NO...', Array)
#7 D:/FREELANCE/NONA/BengkelKu-POS/vendor/laravel/framework/src/Illuminate/View/View.php(192): Illuminate/View/View->getContents()
#8 D:/FREELANCE/NONA/BengkelKu-POS/vendor/laravel/framework/src/Illuminate/View/View.php(161): Illuminate/View/View->renderContents()
#9 D:/FREELANCE/NONA/BengkelKu-POS/vendor/livewire/livewire/src/Mechanisms/HandleComponents/HandleComponents.php(288): Illuminate/View/View->render(Object(Closure))
#10 D:/FREELANCE/NONA/BengkelKu-POS/vendor/livewire/livewire/src/Mechanisms/HandleComponents/HandleComponents.php(332): Livewire/Mechanisms/HandleComponents/HandleComponents->Livewire/Mechanisms/HandleComponents/{closure}()
#11 D:/FREELANCE/NONA/BengkelKu-POS/vendor/livewire/livewire/src/Mechanisms/HandleComponents/HandleComponents.php(280): Livewire/Mechanisms/HandleComponents/HandleComponents->trackInRenderStack(Object(App/Livewire/Pos/Cashier), Object(Closure))
#12 D:/FREELANCE/NONA/BengkelKu-POS/vendor/livewire/livewire/src/Mechanisms/HandleComponents/HandleComponents.php(54): Livewire/Mechanisms/HandleComponents/HandleComponents->render(Object(App/Livewire/Pos/Cashier), '<div></div>')
#13 D:/FREELANCE/NONA/BengkelKu-POS/vendor/livewire/livewire/src/LivewireManager.php(73): Livewire/Mechanisms/HandleComponents/HandleComponents->mount('App//Livewire//Po...', Array, NULL)
#14 D:/FREELANCE/NONA/BengkelKu-POS/vendor/livewire/livewire/src/Features/SupportPageComponents/HandlesPageComponents.php(17): Livewire/LivewireManager->mount('App//Livewire//Po...', Array)
#15 D:/FREELANCE/NONA/BengkelKu-POS/vendor/livewire/livewire/src/Features/SupportPageComponents/SupportPageComponents.php(117): Livewire/Component->Livewire/Features/SupportPageComponents/{closure}()
#16 D:/FREELANCE/NONA/BengkelKu-POS/vendor/livewire/livewire/src/Features/SupportPageComponents/HandlesPageComponents.php(14): Livewire/Features/SupportPageComponents/SupportPageComponents::interceptTheRenderOfTheComponentAndRetreiveTheLayoutConfiguration(Object(Closure))
#17 D:/FREELANCE/NONA/BengkelKu-POS/vendor/laravel/framework/src/Illuminate/Routing/ControllerDispatcher.php(47): Livewire/Component->__invoke()
#18 D:/FREELANCE/NONA/BengkelKu-POS/vendor/laravel/framework/src/Illuminate/Routing/Route.php(266): Illuminate/Routing/ControllerDispatcher->dispatch(Object(Illuminate/Routing/Route), Object(App/Livewire/Pos/Cashier), '__invoke')
#19 D:/FREELANCE/NONA/BengkelKu-POS/vendor/laravel/framework/src/Illuminate/Routing/Route.php(212): Illuminate/Routing/Route->runController()
#20 D:/FREELANCE/NONA/BengkelKu-POS/vendor/laravel/framework/src/Illuminate/Routing/Router.php(808): Illuminate/Routing/Route->run()
#21 D:/FREELANCE/NONA/BengkelKu-POS/vendor/laravel/framework/src/Illuminate/Pipeline/Pipeline.php(170): Illuminate/Routing/Router->Illuminate/Routing/{closure}(Object(Illuminate/Http/Request))
#22 D:/FREELANCE/NONA/BengkelKu-POS/vendor/laravel/framework/src/Illuminate/Routing/Middleware/SubstituteBindings.php(51): Illuminate/Pipeline/Pipeline->Illuminate/Pipeline/{closure}(Object(Illuminate/Http/Request))
#23 D:/FREELANCE/NONA/BengkelKu-POS/vendor/laravel/framework/src/Illuminate/Pipeline/Pipeline.php(209): Illuminate/Routing/Middleware/SubstituteBindings->handle(Object(Illuminate/Http/Request), Object(Closure))
#24 D:/FREELANCE/NONA/BengkelKu-POS/vendor/laravel/framework/src/Illuminate/Auth/Middleware/Authenticate.php(64): Illuminate/Pipeline/Pipeline->Illuminate/Pipeline/{closure}(Object(Illuminate/Http/Request))
#25 D:/FREELANCE/NONA/BengkelKu-POS/vendor/laravel/framework/src/Illuminate/Pipeline/Pipeline.php(209): Illuminate/Auth/Middleware/Authenticate->handle(Object(Illuminate/Http/Request), Object(Closure))
#26 D:/FREELANCE/NONA/BengkelKu-POS/vendor/laravel/framework/src/Illuminate/Foundation/Http/Middleware/VerifyCsrfToken.php(88): Illuminate/Pipeline/Pipeline->Illuminate/Pipeline/{closure}(Object(Illuminate/Http/Request))
#27 D:/FREELANCE/NONA/BengkelKu-POS/vendor/laravel/framework/src/Illuminate/Pipeline/Pipeline.php(209): Illuminate/Foundation/Http/Middleware/VerifyCsrfToken->handle(Object(Illuminate/Http/Request), Object(Closure))
#28 D:/FREELANCE/NONA/BengkelKu-POS/vendor/laravel/framework/src/Illuminate/View/Middleware/ShareErrorsFromSession.php(49): Illuminate/Pipeline/Pipeline->Illuminate/Pipeline/{closure}(Object(Illuminate/Http/Request))
#29 D:/FREELANCE/NONA/BengkelKu-POS/vendor/laravel/framework/src/Illuminate/Pipeline/Pipeline.php(209): Illuminate/View/Middleware/ShareErrorsFromSession->handle(Object(Illuminate/Http/Request), Object(Closure))
#30 D:/FREELANCE/NONA/BengkelKu-POS/vendor/laravel/framework/src/Illuminate/Session/Middleware/StartSession.php(121): Illuminate/Pipeline/Pipeline->Illuminate/Pipeline/{closure}(Object(Illuminate/Http/Request))
#31 D:/FREELANCE/NONA/BengkelKu-POS/vendor/laravel/framework/src/Illuminate/Session/Middleware/StartSession.php(64): Illuminate/Session/Middleware/StartSession->handleStatefulRequest(Object(Illuminate/Http/Request), Object(Illuminate/Session/Store), Object(Closure))
#32 D:/FREELANCE/NONA/BengkelKu-POS/vendor/laravel/framework/src/Illuminate/Pipeline/Pipeline.php(209): Illuminate/Session/Middleware/StartSession->handle(Object(Illuminate/Http/Request), Object(Closure))
#33 D:/FREELANCE/NONA/BengkelKu-POS/vendor/laravel/framework/src/Illuminate/Cookie/Middleware/AddQueuedCookiesToResponse.php(37): Illuminate/Pipeline/Pipeline->Illuminate/Pipeline/{closure}(Object(Illuminate/Http/Request))
#34 D:/FREELANCE/NONA/BengkelKu-POS/vendor/laravel/framework/src/Illuminate/Pipeline/Pipeline.php(209): Illuminate/Cookie/Middleware/AddQueuedCookiesToResponse->handle(Object(Illuminate/Http/Request), Object(Closure))
#35 D:/FREELANCE/NONA/BengkelKu-POS/vendor/laravel/framework/src/Illuminate/Cookie/Middleware/EncryptCookies.php(75): Illuminate/Pipeline/Pipeline->Illuminate/Pipeline/{closure}(Object(Illuminate/Http/Request))
#36 D:/FREELANCE/NONA/BengkelKu-POS/vendor/laravel/framework/src/Illuminate/Pipeline/Pipeline.php(209): Illuminate/Cookie/Middleware/EncryptCookies->handle(Object(Illuminate/Http/Request), Object(Closure))
#37 D:/FREELANCE/NONA/BengkelKu-POS/vendor/laravel/framework/src/Illuminate/Pipeline/Pipeline.php(127): Illuminate/Pipeline/Pipeline->Illuminate/Pipeline/{closure}(Object(Illuminate/Http/Request))
#38 D:/FREELANCE/NONA/BengkelKu-POS/vendor/laravel/framework/src/Illuminate/Routing/Router.php(807): Illuminate/Pipeline/Pipeline->then(Object(Closure))
#39 D:/FREELANCE/NONA/BengkelKu-POS/vendor/laravel/framework/src/Illuminate/Routing/Router.php(786): Illuminate/Routing/Router->runRouteWithinStack(Object(Illuminate/Routing/Route), Object(Illuminate/Http/Request))
#40 D:/FREELANCE/NONA/BengkelKu-POS/vendor/laravel/framework/src/Illuminate/Routing/Router.php(750): Illuminate/Routing/Router->runRoute(Object(Illuminate/Http/Request), Object(Illuminate/Routing/Route))
#41 D:/FREELANCE/NONA/BengkelKu-POS/vendor/laravel/framework/src/Illuminate/Routing/Router.php(739): Illuminate/Routing/Router->dispatchToRoute(Object(Illuminate/Http/Request))
#42 D:/FREELANCE/NONA/BengkelKu-POS/vendor/laravel/framework/src/Illuminate/Foundation/Http/Kernel.php(201): Illuminate/Routing/Router->dispatch(Object(Illuminate/Http/Request))
#43 D:/FREELANCE/NONA/BengkelKu-POS/vendor/laravel/framework/src/Illuminate/Pipeline/Pipeline.php(170): Illuminate/Foundation/Http/Kernel->Illuminate/Foundation/Http/{closure}(Object(Illuminate/Http/Request))
#44 D:/FREELANCE/NONA/BengkelKu-POS/vendor/livewire/livewire/src/Features/SupportDisablingBackButtonCache/DisableBackButtonCacheMiddleware.php(19): Illuminate/Pipeline/Pipeline->Illuminate/Pipeline/{closure}(Object(Illuminate/Http/Request))
#45 D:/FREELANCE/NONA/BengkelKu-POS/vendor/laravel/framework/src/Illuminate/Pipeline/Pipeline.php(209): Livewire/Features/SupportDisablingBackButtonCache/DisableBackButtonCacheMiddleware->handle(Object(Illuminate/Http/Request), Object(Closure))
#46 D:/FREELANCE/NONA/BengkelKu-POS/vendor/laravel/framework/src/Illuminate/Foundation/Http/Middleware/TransformsRequest.php(21): Illuminate/Pipeline/Pipeline->Illuminate/Pipeline/{closure}(Object(Illuminate/Http/Request))
#47 D:/FREELANCE/NONA/BengkelKu-POS/vendor/laravel/framework/src/Illuminate/Foundation/Http/Middleware/ConvertEmptyStringsToNull.php(31): Illuminate/Foundation/Http/Middleware/TransformsRequest->handle(Object(Illuminate/Http/Request), Object(Closure))
#48 D:/FREELANCE/NONA/BengkelKu-POS/vendor/laravel/framework/src/Illuminate/Pipeline/Pipeline.php(209): Illuminate/Foundation/Http/Middleware/ConvertEmptyStringsToNull->handle(Object(Illuminate/Http/Request), Object(Closure))
#49 D:/FREELANCE/NONA/BengkelKu-POS/vendor/laravel/framework/src/Illuminate/Foundation/Http/Middleware/TransformsRequest.php(21): Illuminate/Pipeline/Pipeline->Illuminate/Pipeline/{closure}(Object(Illuminate/Http/Request))
#50 D:/FREELANCE/NONA/BengkelKu-POS/vendor/laravel/framework/src/Illuminate/Foundation/Http/Middleware/TrimStrings.php(51): Illuminate/Foundation/Http/Middleware/TransformsRequest->handle(Object(Illuminate/Http/Request), Object(Closure))
#51 D:/FREELANCE/NONA/BengkelKu-POS/vendor/laravel/framework/src/Illuminate/Pipeline/Pipeline.php(209): Illuminate/Foundation/Http/Middleware/TrimStrings->handle(Object(Illuminate/Http/Request), Object(Closure))
#52 D:/FREELANCE/NONA/BengkelKu-POS/vendor/laravel/framework/src/Illuminate/Http/Middleware/ValidatePostSize.php(27): Illuminate/Pipeline/Pipeline->Illuminate/Pipeline/{closure}(Object(Illuminate/Http/Request))
#53 D:/FREELANCE/NONA/BengkelKu-POS/vendor/laravel/framework/src/Illuminate/Pipeline/Pipeline.php(209): Illuminate/Http/Middleware/ValidatePostSize->handle(Object(Illuminate/Http/Request), Object(Closure))
#54 D:/FREELANCE/NONA/BengkelKu-POS/vendor/laravel/framework/src/Illuminate/Foundation/Http/Middleware/PreventRequestsDuringMaintenance.php(110): Illuminate/Pipeline/Pipeline->Illuminate/Pipeline/{closure}(Object(Illuminate/Http/Request))
#55 D:/FREELANCE/NONA/BengkelKu-POS/vendor/laravel/framework/src/Illuminate/Pipeline/Pipeline.php(209): Illuminate/Foundation/Http/Middleware/PreventRequestsDuringMaintenance->handle(Object(Illuminate/Http/Request), Object(Closure))
#56 D:/FREELANCE/NONA/BengkelKu-POS/vendor/laravel/framework/src/Illuminate/Http/Middleware/HandleCors.php(49): Illuminate/Pipeline/Pipeline->Illuminate/Pipeline/{closure}(Object(Illuminate/Http/Request))
#57 D:/FREELANCE/NONA/BengkelKu-POS/vendor/laravel/framework/src/Illuminate/Pipeline/Pipeline.php(209): Illuminate/Http/Middleware/HandleCors->handle(Object(Illuminate/Http/Request), Object(Closure))
#58 D:/FREELANCE/NONA/BengkelKu-POS/vendor/laravel/framework/src/Illuminate/Http/Middleware/TrustProxies.php(58): Illuminate/Pipeline/Pipeline->Illuminate/Pipeline/{closure}(Object(Illuminate/Http/Request))
#59 D:/FREELANCE/NONA/BengkelKu-POS/vendor/laravel/framework/src/Illuminate/Pipeline/Pipeline.php(209): Illuminate/Http/Middleware/TrustProxies->handle(Object(Illuminate/Http/Request), Object(Closure))
#60 D:/FREELANCE/NONA/BengkelKu-POS/vendor/laravel/framework/src/Illuminate/Foundation/Http/Middleware/InvokeDeferredCallbacks.php(22): Illuminate/Pipeline/Pipeline->Illuminate/Pipeline/{closure}(Object(Illuminate/Http/Request))
#61 D:/FREELANCE/NONA/BengkelKu-POS/vendor/laravel/framework/src/Illuminate/Pipeline/Pipeline.php(209): Illuminate/Foundation/Http/Middleware/InvokeDeferredCallbacks->handle(Object(Illuminate/Http/Request), Object(Closure))
#62 D:/FREELANCE/NONA/BengkelKu-POS/vendor/laravel/framework/src/Illuminate/Pipeline/Pipeline.php(127): Illuminate/Pipeline/Pipeline->Illuminate/Pipeline/{closure}(Object(Illuminate/Http/Request))
#63 D:/FREELANCE/NONA/BengkelKu-POS/vendor/laravel/framework/src/Illuminate/Foundation/Http/Kernel.php(176): Illuminate/Pipeline/Pipeline->then(Object(Closure))
#64 D:/FREELANCE/NONA/BengkelKu-POS/vendor/laravel/framework/src/Illuminate/Foundation/Http/Kernel.php(145): Illuminate/Foundation/Http/Kernel->sendRequestThroughRouter(Object(Illuminate/Http/Request))
#65 D:/FREELANCE/NONA/BengkelKu-POS/public/index.php(19): Illuminate/Foundation/Http/Kernel->handle(Object(Illuminate/Http/Request))
#66 D:/FREELANCE/NONA/BengkelKu-POS/vendor/laravel/framework/src/Illuminate/Foundation/resources/server.php(23): require_once('D://FREELANCE//NO...')
#67 {main}
"} 
[2026-08-31 01:20:14] local.ERROR: Route [filament.admin.resources.work-orders.create] not defined. (View: D:\FREELANCE\NONA\BengkelKu-POS\resources\views\livewire\pos\cashier.blade.php) {"userId":"a2a12424-3bbe-4cb5-b0d9-5e931f25e6ec","exception":"[object] (Illuminate\\View\\ViewException(code: 0): Route [filament.admin.resources.work-orders.create] not defined. (View: D:\\FREELANCE\\NONA\\BengkelKu-POS\\resources\\views\\livewire\\pos\\cashier.blade.php) at D:/FREELANCE/NONA/BengkelKu-POS/vendor/laravel/framework/src/Illuminate/Routing/UrlGenerator.php:517)
[stacktrace]
#0 D:/FREELANCE/NONA/BengkelKu-POS/vendor/livewire/livewire/src/Mechanisms/ExtendBlade/ExtendedCompilerEngine.php(58): Illuminate/View/Engines/CompilerEngine->handleViewException(Object(Symfony/Component/Routing/Exception/RouteNotFoundException), 1)
#1 D:/FREELANCE/NONA/BengkelKu-POS/vendor/livewire/livewire/src/Mechanisms/ExtendBlade/ExtendedCompilerEngine.php(40): Livewire/Mechanisms/ExtendBlade/ExtendedCompilerEngine->handleViewException(Object(Symfony/Component/Routing/Exception/RouteNotFoundException), 1)
#2 D:/FREELANCE/NONA/BengkelKu-POS/vendor/laravel/framework/src/Illuminate/View/Engines/CompilerEngine.php(75): Livewire/Mechanisms/ExtendBlade/ExtendedCompilerEngine->evaluatePath('D://FREELANCE//NO...', Array)
#3 D:/FREELANCE/NONA/BengkelKu-POS/vendor/livewire/livewire/src/Mechanisms/ExtendBlade/ExtendedCompilerEngine.php(16): Illuminate/View/Engines/CompilerEngine->get('D://FREELANCE//NO...', Array)
#4 D:/FREELANCE/NONA/BengkelKu-POS/vendor/laravel/framework/src/Illuminate/View/View.php(209): Livewire/Mechanisms/ExtendBlade/ExtendedCompilerEngine->get('D://FREELANCE//NO...', Array)
#5 D:/FREELANCE/NONA/BengkelKu-POS/vendor/laravel/framework/src/Illuminate/View/View.php(192): Illuminate/View/View->getContents()
#6 D:/FREELANCE/NONA/BengkelKu-POS/vendor/laravel/framework/src/Illuminate/View/View.php(161): Illuminate/View/View->renderContents()
#7 D:/FREELANCE/NONA/BengkelKu-POS/vendor/livewire/livewire/src/Mechanisms/HandleComponents/HandleComponents.php(288): Illuminate/View/View->render(Object(Closure))
#8 D:/FREELANCE/NONA/BengkelKu-POS/vendor/livewire/livewire/src/Mechanisms/HandleComponents/HandleComponents.php(332): Livewire/Mechanisms/HandleComponents/HandleComponents->Livewire/Mechanisms/HandleComponents/{closure}()
#9 D:/FREELANCE/NONA/BengkelKu-POS/vendor/livewire/livewire/src/Mechanisms/HandleComponents/HandleComponents.php(280): Livewire/Mechanisms/HandleComponents/HandleComponents->trackInRenderStack(Object(App/Livewire/Pos/Cashier), Object(Closure))
#10 D:/FREELANCE/NONA/BengkelKu-POS/vendor/livewire/livewire/src/Mechanisms/HandleComponents/HandleComponents.php(54): Livewire/Mechanisms/HandleComponents/HandleComponents->render(Object(App/Livewire/Pos/Cashier), '<div></div>')
#11 D:/FREELANCE/NONA/BengkelKu-POS/vendor/livewire/livewire/src/LivewireManager.php(73): Livewire/Mechanisms/HandleComponents/HandleComponents->mount('App//Livewire//Po...', Array, NULL)
#12 D:/FREELANCE/NONA/BengkelKu-POS/vendor/livewire/livewire/src/Features/SupportPageComponents/HandlesPageComponents.php(17): Livewire/LivewireManager->mount('App//Livewire//Po...', Array)
#13 D:/FREELANCE/NONA/BengkelKu-POS/vendor/livewire/livewire/src/Features/SupportPageComponents/SupportPageComponents.php(117): Livewire/Component->Livewire/Features/SupportPageComponents/{closure}()
#14 D:/FREELANCE/NONA/BengkelKu-POS/vendor/livewire/livewire/src/Features/SupportPageComponents/HandlesPageComponents.php(14): Livewire/Features/SupportPageComponents/SupportPageComponents::interceptTheRenderOfTheComponentAndRetreiveTheLayoutConfiguration(Object(Closure))
#15 D:/FREELANCE/NONA/BengkelKu-POS/vendor/laravel/framework/src/Illuminate/Routing/ControllerDispatcher.php(47): Livewire/Component->__invoke()
#16 D:/FREELANCE/NONA/BengkelKu-POS/vendor/laravel/framework/src/Illuminate/Routing/Route.php(266): Illuminate/Routing/ControllerDispatcher->dispatch(Object(Illuminate/Routing/Route), Object(App/Livewire/Pos/Cashier), '__invoke')
#17 D:/FREELANCE/NONA/BengkelKu-POS/vendor/laravel/framework/src/Illuminate/Routing/Route.php(212): Illuminate/Routing/Route->runController()
#18 D:/FREELANCE/NONA/BengkelKu-POS/vendor/laravel/framework/src/Illuminate/Routing/Router.php(808): Illuminate/Routing/Route->run()
#19 D:/FREELANCE/NONA/BengkelKu-POS/vendor/laravel/framework/src/Illuminate/Pipeline/Pipeline.php(170): Illuminate/Routing/Router->Illuminate/Routing/{closure}(Object(Illuminate/Http/Request))
#20 D:/FREELANCE/NONA/BengkelKu-POS/vendor/laravel/framework/src/Illuminate/Routing/Middleware/SubstituteBindings.php(51): Illuminate/Pipeline/Pipeline->Illuminate/Pipeline/{closure}(Object(Illuminate/Http/Request))
#21 D:/FREELANCE/NONA/BengkelKu-POS/vendor/laravel/framework/src/Illuminate/Pipeline/Pipeline.php(209): Illuminate/Routing/Middleware/SubstituteBindings->handle(Object(Illuminate/Http/Request), Object(Closure))
#22 D:/FREELANCE/NONA/BengkelKu-POS/vendor/laravel/framework/src/Illuminate/Auth/Middleware/Authenticate.php(64): Illuminate/Pipeline/Pipeline->Illuminate/Pipeline/{closure}(Object(Illuminate/Http/Request))
#23 D:/FREELANCE/NONA/BengkelKu-POS/vendor/laravel/framework/src/Illuminate/Pipeline/Pipeline.php(209): Illuminate/Auth/Middleware/Authenticate->handle(Object(Illuminate/Http/Request), Object(Closure))
#24 D:/FREELANCE/NONA/BengkelKu-POS/vendor/laravel/framework/src/Illuminate/Foundation/Http/Middleware/VerifyCsrfToken.php(88): Illuminate/Pipeline/Pipeline->Illuminate/Pipeline/{closure}(Object(Illuminate/Http/Request))
#25 D:/FREELANCE/NONA/BengkelKu-POS/vendor/laravel/framework/src/Illuminate/Pipeline/Pipeline.php(209): Illuminate/Foundation/Http/Middleware/VerifyCsrfToken->handle(Object(Illuminate/Http/Request), Object(Closure))
#26 D:/FREELANCE/NONA/BengkelKu-POS/vendor/laravel/framework/src/Illuminate/View/Middleware/ShareErrorsFromSession.php(49): Illuminate/Pipeline/Pipeline->Illuminate/Pipeline/{closure}(Object(Illuminate/Http/Request))
#27 D:/FREELANCE/NONA/BengkelKu-POS/vendor/laravel/framework/src/Illuminate/Pipeline/Pipeline.php(209): Illuminate/View/Middleware/ShareErrorsFromSession->handle(Object(Illuminate/Http/Request), Object(Closure))
#28 D:/FREELANCE/NONA/BengkelKu-POS/vendor/laravel/framework/src/Illuminate/Session/Middleware/StartSession.php(121): Illuminate/Pipeline/Pipeline->Illuminate/Pipeline/{closure}(Object(Illuminate/Http/Request))
#29 D:/FREELANCE/NONA/BengkelKu-POS/vendor/laravel/framework/src/Illuminate/Session/Middleware/StartSession.php(64): Illuminate/Session/Middleware/StartSession->handleStatefulRequest(Object(Illuminate/Http/Request), Object(Illuminate/Session/Store), Object(Closure))
#30 D:/FREELANCE/NONA/BengkelKu-POS/vendor/laravel/framework/src/Illuminate/Pipeline/Pipeline.php(209): Illuminate/Session/Middleware/StartSession->handle(Object(Illuminate/Http/Request), Object(Closure))
#31 D:/FREELANCE/NONA/BengkelKu-POS/vendor/laravel/framework/src/Illuminate/Cookie/Middleware/AddQueuedCookiesToResponse.php(37): Illuminate/Pipeline/Pipeline->Illuminate/Pipeline/{closure}(Object(Illuminate/Http/Request))
#32 D:/FREELANCE/NONA/BengkelKu-POS/vendor/laravel/framework/src/Illuminate/Pipeline/Pipeline.php(209): Illuminate/Cookie/Middleware/AddQueuedCookiesToResponse->handle(Object(Illuminate/Http/Request), Object(Closure))
#33 D:/FREELANCE/NONA/BengkelKu-POS/vendor/laravel/framework/src/Illuminate/Cookie/Middleware/EncryptCookies.php(75): Illuminate/Pipeline/Pipeline->Illuminate/Pipeline/{closure}(Object(Illuminate/Http/Request))
#34 D:/FREELANCE/NONA/BengkelKu-POS/vendor/laravel/framework/src/Illuminate/Pipeline/Pipeline.php(209): Illuminate/Cookie/Middleware/EncryptCookies->handle(Object(Illuminate/Http/Request), Object(Closure))
#35 D:/FREELANCE/NONA/BengkelKu-POS/vendor/laravel/framework/src/Illuminate/Pipeline/Pipeline.php(127): Illuminate/Pipeline/Pipeline->Illuminate/Pipeline/{closure}(Object(Illuminate/Http/Request))
#36 D:/FREELANCE/NONA/BengkelKu-POS/vendor/laravel/framework/src/Illuminate/Routing/Router.php(807): Illuminate/Pipeline/Pipeline->then(Object(Closure))
#37 D:/FREELANCE/NONA/BengkelKu-POS/vendor/laravel/framework/src/Illuminate/Routing/Router.php(786): Illuminate/Routing/Router->runRouteWithinStack(Object(Illuminate/Routing/Route), Object(Illuminate/Http/Request))
#38 D:/FREELANCE/NONA/BengkelKu-POS/vendor/laravel/framework/src/Illuminate/Routing/Router.php(750): Illuminate/Routing/Router->runRoute(Object(Illuminate/Http/Request), Object(Illuminate/Routing/Route))
#39 D:/FREELANCE/NONA/BengkelKu-POS/vendor/laravel/framework/src/Illuminate/Routing/Router.php(739): Illuminate/Routing/Router->dispatchToRoute(Object(Illuminate/Http/Request))
#40 D:/FREELANCE/NONA/BengkelKu-POS/vendor/laravel/framework/src/Illuminate/Foundation/Http/Kernel.php(201): Illuminate/Routing/Router->dispatch(Object(Illuminate/Http/Request))
#41 D:/FREELANCE/NONA/BengkelKu-POS/vendor/laravel/framework/src/Illuminate/Pipeline/Pipeline.php(170): Illuminate/Foundation/Http/Kernel->Illuminate/Foundation/Http/{closure}(Object(Illuminate/Http/Request))
#42 D:/FREELANCE/NONA/BengkelKu-POS/vendor/livewire/livewire/src/Features/SupportDisablingBackButtonCache/DisableBackButtonCacheMiddleware.php(19): Illuminate/Pipeline/Pipeline->Illuminate/Pipeline/{closure}(Object(Illuminate/Http/Request))
#43 D:/FREELANCE/NONA/BengkelKu-POS/vendor/laravel/framework/src/Illuminate/Pipeline/Pipeline.php(209): Livewire/Features/SupportDisablingBackButtonCache/DisableBackButtonCacheMiddleware->handle(Object(Illuminate/Http/Request), Object(Closure))
#44 D:/FREELANCE/NONA/BengkelKu-POS/vendor/laravel/framework/src/Illuminate/Foundation/Http/Middleware/TransformsRequest.php(21): Illuminate/Pipeline/Pipeline->Illuminate/Pipeline/{closure}(Object(Illuminate/Http/Request))
#45 D:/FREELANCE/NONA/BengkelKu-POS/vendor/laravel/framework/src/Illuminate/Foundation/Http/Middleware/ConvertEmptyStringsToNull.php(31): Illuminate/Foundation/Http/Middleware/TransformsRequest->handle(Object(Illuminate/Http/Request), Object(Closure))
#46 D:/FREELANCE/NONA/BengkelKu-POS/vendor/laravel/framework/src/Illuminate/Pipeline/Pipeline.php(209): Illuminate/Foundation/Http/Middleware/ConvertEmptyStringsToNull->handle(Object(Illuminate/Http/Request), Object(Closure))
#47 D:/FREELANCE/NONA/BengkelKu-POS/vendor/laravel/framework/src/Illuminate/Foundation/Http/Middleware/TransformsRequest.php(21): Illuminate/Pipeline/Pipeline->Illuminate/Pipeline/{closure}(Object(Illuminate/Http/Request))
#48 D:/FREELANCE/NONA/BengkelKu-POS/vendor/laravel/framework/src/Illuminate/Foundation/Http/Middleware/TrimStrings.php(51): Illuminate/Foundation/Http/Middleware/TransformsRequest->handle(Object(Illuminate/Http/Request), Object(Closure))
#49 D:/FREELANCE/NONA/BengkelKu-POS/vendor/laravel/framework/src/Illuminate/Pipeline/Pipeline.php(209): Illuminate/Foundation/Http/Middleware/TrimStrings->handle(Object(Illuminate/Http/Request), Object(Closure))
#50 D:/FREELANCE/NONA/BengkelKu-POS/vendor/laravel/framework/src/Illuminate/Http/Middleware/ValidatePostSize.php(27): Illuminate/Pipeline/Pipeline->Illuminate/Pipeline/{closure}(Object(Illuminate/Http/Request))
#51 D:/FREELANCE/NONA/BengkelKu-POS/vendor/laravel/framework/src/Illuminate/Pipeline/Pipeline.php(209): Illuminate/Http/Middleware/ValidatePostSize->handle(Object(Illuminate/Http/Request), Object(Closure))
#52 D:/FREELANCE/NONA/BengkelKu-POS/vendor/laravel/framework/src/Illuminate/Foundation/Http/Middleware/PreventRequestsDuringMaintenance.php(110): Illuminate/Pipeline/Pipeline->Illuminate/Pipeline/{closure}(Object(Illuminate/Http/Request))
#53 D:/FREELANCE/NONA/BengkelKu-POS/vendor/laravel/framework/src/Illuminate/Pipeline/Pipeline.php(209): Illuminate/Foundation/Http/Middleware/PreventRequestsDuringMaintenance->handle(Object(Illuminate/Http/Request), Object(Closure))
#54 D:/FREELANCE/NONA/BengkelKu-POS/vendor/laravel/framework/src/Illuminate/Http/Middleware/HandleCors.php(49): Illuminate/Pipeline/Pipeline->Illuminate/Pipeline/{closure}(Object(Illuminate/Http/Request))
#55 D:/FREELANCE/NONA/BengkelKu-POS/vendor/laravel/framework/src/Illuminate/Pipeline/Pipeline.php(209): Illuminate/Http/Middleware/HandleCors->handle(Object(Illuminate/Http/Request), Object(Closure))
#56 D:/FREELANCE/NONA/BengkelKu-POS/vendor/laravel/framework/src/Illuminate/Http/Middleware/TrustProxies.php(58): Illuminate/Pipeline/Pipeline->Illuminate/Pipeline/{closure}(Object(Illuminate/Http/Request))
#57 D:/FREELANCE/NONA/BengkelKu-POS/vendor/laravel/framework/src/Illuminate/Pipeline/Pipeline.php(209): Illuminate/Http/Middleware/TrustProxies->handle(Object(Illuminate/Http/Request), Object(Closure))
#58 D:/FREELANCE/NONA/BengkelKu-POS/vendor/laravel/framework/src/Illuminate/Foundation/Http/Middleware/InvokeDeferredCallbacks.php(22): Illuminate/Pipeline/Pipeline->Illuminate/Pipeline/{closure}(Object(Illuminate/Http/Request))
#59 D:/FREELANCE/NONA/BengkelKu-POS/vendor/laravel/framework/src/Illuminate/Pipeline/Pipeline.php(209): Illuminate/Foundation/Http/Middleware/InvokeDeferredCallbacks->handle(Object(Illuminate/Http/Request), Object(Closure))
#60 D:/FREELANCE/NONA/BengkelKu-POS/vendor/laravel/framework/src/Illuminate/Pipeline/Pipeline.php(127): Illuminate/Pipeline/Pipeline->Illuminate/Pipeline/{closure}(Object(Illuminate/Http/Request))
#61 D:/FREELANCE/NONA/BengkelKu-POS/vendor/laravel/framework/src/Illuminate/Foundation/Http/Kernel.php(176): Illuminate/Pipeline/Pipeline->then(Object(Closure))
#62 D:/FREELANCE/NONA/BengkelKu-POS/vendor/laravel/framework/src/Illuminate/Foundation/Http/Kernel.php(145): Illuminate/Foundation/Http/Kernel->sendRequestThroughRouter(Object(Illuminate/Http/Request))
#63 D:/FREELANCE/NONA/BengkelKu-POS/public/index.php(19): Illuminate/Foundation/Http/Kernel->handle(Object(Illuminate/Http/Request))
#64 D:/FREELANCE/NONA/BengkelKu-POS/vendor/laravel/framework/src/Illuminate/Foundation/resources/server.php(23): require_once('D://FREELANCE//NO...')
#65 {main}

[previous exception] [object] (Symfony\\Component\\Routing\\Exception\\RouteNotFoundException(code: 0): Route [filament.admin.resources.work-orders.create] not defined. at D:/FREELANCE/NONA/BengkelKu-POS/vendor/laravel/framework/src/Illuminate/Routing/UrlGenerator.php:517)
[stacktrace]
#0 D:/FREELANCE/NONA/BengkelKu-POS/vendor/laravel/framework/src/Illuminate/Foundation/helpers.php(853): Illuminate/Routing/UrlGenerator->route('filament.admin....', Array, true)
#1 D:/FREELANCE/NONA/BengkelKu-POS/storage/framework/views/8c9295ba4dacd35f96c2c330b99da7de.php(292): route('filament.admin....')
#2 D:/FREELANCE/NONA/BengkelKu-POS/vendor/livewire/livewire/src/Mechanisms/ExtendBlade/ExtendedCompilerEngine.php(37): include('D://FREELANCE//NO...')
#3 D:/FREELANCE/NONA/BengkelKu-POS/vendor/livewire/livewire/src/Mechanisms/ExtendBlade/ExtendedCompilerEngine.php(38): App/Livewire/Pos/Cashier->Livewire/Mechanisms/ExtendBlade/{closure}()
#4 D:/FREELANCE/NONA/BengkelKu-POS/vendor/laravel/framework/src/Illuminate/View/Engines/CompilerEngine.php(75): Livewire/Mechanisms/ExtendBlade/ExtendedCompilerEngine->evaluatePath('D://FREELANCE//NO...', Array)
#5 D:/FREELANCE/NONA/BengkelKu-POS/vendor/livewire/livewire/src/Mechanisms/ExtendBlade/ExtendedCompilerEngine.php(16): Illuminate/View/Engines/CompilerEngine->get('D://FREELANCE//NO...', Array)
#6 D:/FREELANCE/NONA/BengkelKu-POS/vendor/laravel/framework/src/Illuminate/View/View.php(209): Livewire/Mechanisms/ExtendBlade/ExtendedCompilerEngine->get('D://FREELANCE//NO...', Array)
#7 D:/FREELANCE/NONA/BengkelKu-POS/vendor/laravel/framework/src/Illuminate/View/View.php(192): Illuminate/View/View->getContents()
#8 D:/FREELANCE/NONA/BengkelKu-POS/vendor/laravel/framework/src/Illuminate/View/View.php(161): Illuminate/View/View->renderContents()
#9 D:/FREELANCE/NONA/BengkelKu-POS/vendor/livewire/livewire/src/Mechanisms/HandleComponents/HandleComponents.php(288): Illuminate/View/View->render(Object(Closure))
#10 D:/FREELANCE/NONA/BengkelKu-POS/vendor/livewire/livewire/src/Mechanisms/HandleComponents/HandleComponents.php(332): Livewire/Mechanisms/HandleComponents/HandleComponents->Livewire/Mechanisms/HandleComponents/{closure}()
#11 D:/FREELANCE/NONA/BengkelKu-POS/vendor/livewire/livewire/src/Mechanisms/HandleComponents/HandleComponents.php(280): Livewire/Mechanisms/HandleComponents/HandleComponents->trackInRenderStack(Object(App/Livewire/Pos/Cashier), Object(Closure))
#12 D:/FREELANCE/NONA/BengkelKu-POS/vendor/livewire/livewire/src/Mechanisms/HandleComponents/HandleComponents.php(54): Livewire/Mechanisms/HandleComponents/HandleComponents->render(Object(App/Livewire/Pos/Cashier), '<div></div>')
#13 D:/FREELANCE/NONA/BengkelKu-POS/vendor/livewire/livewire/src/LivewireManager.php(73): Livewire/Mechanisms/HandleComponents/HandleComponents->mount('App//Livewire//Po...', Array, NULL)
#14 D:/FREELANCE/NONA/BengkelKu-POS/vendor/livewire/livewire/src/Features/SupportPageComponents/HandlesPageComponents.php(17): Livewire/LivewireManager->mount('App//Livewire//Po...', Array)
#15 D:/FREELANCE/NONA/BengkelKu-POS/vendor/livewire/livewire/src/Features/SupportPageComponents/SupportPageComponents.php(117): Livewire/Component->Livewire/Features/SupportPageComponents/{closure}()
#16 D:/FREELANCE/NONA/BengkelKu-POS/vendor/livewire/livewire/src/Features/SupportPageComponents/HandlesPageComponents.php(14): Livewire/Features/SupportPageComponents/SupportPageComponents::interceptTheRenderOfTheComponentAndRetreiveTheLayoutConfiguration(Object(Closure))
#17 D:/FREELANCE/NONA/BengkelKu-POS/vendor/laravel/framework/src/Illuminate/Routing/ControllerDispatcher.php(47): Livewire/Component->__invoke()
#18 D:/FREELANCE/NONA/BengkelKu-POS/vendor/laravel/framework/src/Illuminate/Routing/Route.php(266): Illuminate/Routing/ControllerDispatcher->dispatch(Object(Illuminate/Routing/Route), Object(App/Livewire/Pos/Cashier), '__invoke')
#19 D:/FREELANCE/NONA/BengkelKu-POS/vendor/laravel/framework/src/Illuminate/Routing/Route.php(212): Illuminate/Routing/Route->runController()
#20 D:/FREELANCE/NONA/BengkelKu-POS/vendor/laravel/framework/src/Illuminate/Routing/Router.php(808): Illuminate/Routing/Route->run()
#21 D:/FREELANCE/NONA/BengkelKu-POS/vendor/laravel/framework/src/Illuminate/Pipeline/Pipeline.php(170): Illuminate/Routing/Router->Illuminate/Routing/{closure}(Object(Illuminate/Http/Request))
#22 D:/FREELANCE/NONA/BengkelKu-POS/vendor/laravel/framework/src/Illuminate/Routing/Middleware/SubstituteBindings.php(51): Illuminate/Pipeline/Pipeline->Illuminate/Pipeline/{closure}(Object(Illuminate/Http/Request))
#23 D:/FREELANCE/NONA/BengkelKu-POS/vendor/laravel/framework/src/Illuminate/Pipeline/Pipeline.php(209): Illuminate/Routing/Middleware/SubstituteBindings->handle(Object(Illuminate/Http/Request), Object(Closure))
#24 D:/FREELANCE/NONA/BengkelKu-POS/vendor/laravel/framework/src/Illuminate/Auth/Middleware/Authenticate.php(64): Illuminate/Pipeline/Pipeline->Illuminate/Pipeline/{closure}(Object(Illuminate/Http/Request))
#25 D:/FREELANCE/NONA/BengkelKu-POS/vendor/laravel/framework/src/Illuminate/Pipeline/Pipeline.php(209): Illuminate/Auth/Middleware/Authenticate->handle(Object(Illuminate/Http/Request), Object(Closure))
#26 D:/FREELANCE/NONA/BengkelKu-POS/vendor/laravel/framework/src/Illuminate/Foundation/Http/Middleware/VerifyCsrfToken.php(88): Illuminate/Pipeline/Pipeline->Illuminate/Pipeline/{closure}(Object(Illuminate/Http/Request))
#27 D:/FREELANCE/NONA/BengkelKu-POS/vendor/laravel/framework/src/Illuminate/Pipeline/Pipeline.php(209): Illuminate/Foundation/Http/Middleware/VerifyCsrfToken->handle(Object(Illuminate/Http/Request), Object(Closure))
#28 D:/FREELANCE/NONA/BengkelKu-POS/vendor/laravel/framework/src/Illuminate/View/Middleware/ShareErrorsFromSession.php(49): Illuminate/Pipeline/Pipeline->Illuminate/Pipeline/{closure}(Object(Illuminate/Http/Request))
#29 D:/FREELANCE/NONA/BengkelKu-POS/vendor/laravel/framework/src/Illuminate/Pipeline/Pipeline.php(209): Illuminate/View/Middleware/ShareErrorsFromSession->handle(Object(Illuminate/Http/Request), Object(Closure))
#30 D:/FREELANCE/NONA/BengkelKu-POS/vendor/laravel/framework/src/Illuminate/Session/Middleware/StartSession.php(121): Illuminate/Pipeline/Pipeline->Illuminate/Pipeline/{closure}(Object(Illuminate/Http/Request))
#31 D:/FREELANCE/NONA/BengkelKu-POS/vendor/laravel/framework/src/Illuminate/Session/Middleware/StartSession.php(64): Illuminate/Session/Middleware/StartSession->handleStatefulRequest(Object(Illuminate/Http/Request), Object(Illuminate/Session/Store), Object(Closure))
#32 D:/FREELANCE/NONA/BengkelKu-POS/vendor/laravel/framework/src/Illuminate/Pipeline/Pipeline.php(209): Illuminate/Session/Middleware/StartSession->handle(Object(Illuminate/Http/Request), Object(Closure))
#33 D:/FREELANCE/NONA/BengkelKu-POS/vendor/laravel/framework/src/Illuminate/Cookie/Middleware/AddQueuedCookiesToResponse.php(37): Illuminate/Pipeline/Pipeline->Illuminate/Pipeline/{closure}(Object(Illuminate/Http/Request))
#34 D:/FREELANCE/NONA/BengkelKu-POS/vendor/laravel/framework/src/Illuminate/Pipeline/Pipeline.php(209): Illuminate/Cookie/Middleware/AddQueuedCookiesToResponse->handle(Object(Illuminate/Http/Request), Object(Closure))
#35 D:/FREELANCE/NONA/BengkelKu-POS/vendor/laravel/framework/src/Illuminate/Cookie/Middleware/EncryptCookies.php(75): Illuminate/Pipeline/Pipeline->Illuminate/Pipeline/{closure}(Object(Illuminate/Http/Request))
#36 D:/FREELANCE/NONA/BengkelKu-POS/vendor/laravel/framework/src/Illuminate/Pipeline/Pipeline.php(209): Illuminate/Cookie/Middleware/EncryptCookies->handle(Object(Illuminate/Http/Request), Object(Closure))
#37 D:/FREELANCE/NONA/BengkelKu-POS/vendor/laravel/framework/src/Illuminate/Pipeline/Pipeline.php(127): Illuminate/Pipeline/Pipeline->Illuminate/Pipeline/{closure}(Object(Illuminate/Http/Request))
#38 D:/FREELANCE/NONA/BengkelKu-POS/vendor/laravel/framework/src/Illuminate/Routing/Router.php(807): Illuminate/Pipeline/Pipeline->then(Object(Closure))
#39 D:/FREELANCE/NONA/BengkelKu-POS/vendor/laravel/framework/src/Illuminate/Routing/Router.php(786): Illuminate/Routing/Router->runRouteWithinStack(Object(Illuminate/Routing/Route), Object(Illuminate/Http/Request))
#40 D:/FREELANCE/NONA/BengkelKu-POS/vendor/laravel/framework/src/Illuminate/Routing/Router.php(750): Illuminate/Routing/Router->runRoute(Object(Illuminate/Http/Request), Object(Illuminate/Routing/Route))
#41 D:/FREELANCE/NONA/BengkelKu-POS/vendor/laravel/framework/src/Illuminate/Routing/Router.php(739): Illuminate/Routing/Router->dispatchToRoute(Object(Illuminate/Http/Request))
#42 D:/FREELANCE/NONA/BengkelKu-POS/vendor/laravel/framework/src/Illuminate/Foundation/Http/Kernel.php(201): Illuminate/Routing/Router->dispatch(Object(Illuminate/Http/Request))
#43 D:/FREELANCE/NONA/BengkelKu-POS/vendor/laravel/framework/src/Illuminate/Pipeline/Pipeline.php(170): Illuminate/Foundation/Http/Kernel->Illuminate/Foundation/Http/{closure}(Object(Illuminate/Http/Request))
#44 D:/FREELANCE/NONA/BengkelKu-POS/vendor/livewire/livewire/src/Features/SupportDisablingBackButtonCache/DisableBackButtonCacheMiddleware.php(19): Illuminate/Pipeline/Pipeline->Illuminate/Pipeline/{closure}(Object(Illuminate/Http/Request))
#45 D:/FREELANCE/NONA/BengkelKu-POS/vendor/laravel/framework/src/Illuminate/Pipeline/Pipeline.php(209): Livewire/Features/SupportDisablingBackButtonCache/DisableBackButtonCacheMiddleware->handle(Object(Illuminate/Http/Request), Object(Closure))
#46 D:/FREELANCE/NONA/BengkelKu-POS/vendor/laravel/framework/src/Illuminate/Foundation/Http/Middleware/TransformsRequest.php(21): Illuminate/Pipeline/Pipeline->Illuminate/Pipeline/{closure}(Object(Illuminate/Http/Request))
#47 D:/FREELANCE/NONA/BengkelKu-POS/vendor/laravel/framework/src/Illuminate/Foundation/Http/Middleware/ConvertEmptyStringsToNull.php(31): Illuminate/Foundation/Http/Middleware/TransformsRequest->handle(Object(Illuminate/Http/Request), Object(Closure))
#48 D:/FREELANCE/NONA/BengkelKu-POS/vendor/laravel/framework/src/Illuminate/Pipeline/Pipeline.php(209): Illuminate/Foundation/Http/Middleware/ConvertEmptyStringsToNull->handle(Object(Illuminate/Http/Request), Object(Closure))
#49 D:/FREELANCE/NONA/BengkelKu-POS/vendor/laravel/framework/src/Illuminate/Foundation/Http/Middleware/TransformsRequest.php(21): Illuminate/Pipeline/Pipeline->Illuminate/Pipeline/{closure}(Object(Illuminate/Http/Request))
#50 D:/FREELANCE/NONA/BengkelKu-POS/vendor/laravel/framework/src/Illuminate/Foundation/Http/Middleware/TrimStrings.php(51): Illuminate/Foundation/Http/Middleware/TransformsRequest->handle(Object(Illuminate/Http/Request), Object(Closure))
#51 D:/FREELANCE/NONA/BengkelKu-POS/vendor/laravel/framework/src/Illuminate/Pipeline/Pipeline.php(209): Illuminate/Foundation/Http/Middleware/TrimStrings->handle(Object(Illuminate/Http/Request), Object(Closure))
#52 D:/FREELANCE/NONA/BengkelKu-POS/vendor/laravel/framework/src/Illuminate/Http/Middleware/ValidatePostSize.php(27): Illuminate/Pipeline/Pipeline->Illuminate/Pipeline/{closure}(Object(Illuminate/Http/Request))
#53 D:/FREELANCE/NONA/BengkelKu-POS/vendor/laravel/framework/src/Illuminate/Pipeline/Pipeline.php(209): Illuminate/Http/Middleware/ValidatePostSize->handle(Object(Illuminate/Http/Request), Object(Closure))
#54 D:/FREELANCE/NONA/BengkelKu-POS/vendor/laravel/framework/src/Illuminate/Foundation/Http/Middleware/PreventRequestsDuringMaintenance.php(110): Illuminate/Pipeline/Pipeline->Illuminate/Pipeline/{closure}(Object(Illuminate/Http/Request))
#55 D:/FREELANCE/NONA/BengkelKu-POS/vendor/laravel/framework/src/Illuminate/Pipeline/Pipeline.php(209): Illuminate/Foundation/Http/Middleware/PreventRequestsDuringMaintenance->handle(Object(Illuminate/Http/Request), Object(Closure))
#56 D:/FREELANCE/NONA/BengkelKu-POS/vendor/laravel/framework/src/Illuminate/Http/Middleware/HandleCors.php(49): Illuminate/Pipeline/Pipeline->Illuminate/Pipeline/{closure}(Object(Illuminate/Http/Request))
#57 D:/FREELANCE/NONA/BengkelKu-POS/vendor/laravel/framework/src/Illuminate/Pipeline/Pipeline.php(209): Illuminate/Http/Middleware/HandleCors->handle(Object(Illuminate/Http/Request), Object(Closure))
#58 D:/FREELANCE/NONA/BengkelKu-POS/vendor/laravel/framework/src/Illuminate/Http/Middleware/TrustProxies.php(58): Illuminate/Pipeline/Pipeline->Illuminate/Pipeline/{closure}(Object(Illuminate/Http/Request))
#59 D:/FREELANCE/NONA/BengkelKu-POS/vendor/laravel/framework/src/Illuminate/Pipeline/Pipeline.php(209): Illuminate/Http/Middleware/TrustProxies->handle(Object(Illuminate/Http/Request), Object(Closure))
#60 D:/FREELANCE/NONA/BengkelKu-POS/vendor/laravel/framework/src/Illuminate/Foundation/Http/Middleware/InvokeDeferredCallbacks.php(22): Illuminate/Pipeline/Pipeline->Illuminate/Pipeline/{closure}(Object(Illuminate/Http/Request))
#61 D:/FREELANCE/NONA/BengkelKu-POS/vendor/laravel/framework/src/Illuminate/Pipeline/Pipeline.php(209): Illuminate/Foundation/Http/Middleware/InvokeDeferredCallbacks->handle(Object(Illuminate/Http/Request), Object(Closure))
#62 D:/FREELANCE/NONA/BengkelKu-POS/vendor/laravel/framework/src/Illuminate/Pipeline/Pipeline.php(127): Illuminate/Pipeline/Pipeline->Illuminate/Pipeline/{closure}(Object(Illuminate/Http/Request))
#63 D:/FREELANCE/NONA/BengkelKu-POS/vendor/laravel/framework/src/Illuminate/Foundation/Http/Kernel.php(176): Illuminate/Pipeline/Pipeline->then(Object(Closure))
#64 D:/FREELANCE/NONA/BengkelKu-POS/vendor/laravel/framework/src/Illuminate/Foundation/Http/Kernel.php(145): Illuminate/Foundation/Http/Kernel->sendRequestThroughRouter(Object(Illuminate/Http/Request))
#65 D:/FREELANCE/NONA/BengkelKu-POS/public/index.php(19): Illuminate/Foundation/Http/Kernel->handle(Object(Illuminate/Http/Request))
#66 D:/FREELANCE/NONA/BengkelKu-POS/vendor/laravel/framework/src/Illuminate/Foundation/resources/server.php(23): require_once('D://FREELANCE//NO...')
#67 {main}
"} 
[2026-08-31 02:42:43] local.ERROR: SQLSTATE[42000]: Syntax error or access violation: 1061 Duplicate key name 'products_sku_unique' (Connection: mysql, SQL: alter table `products` add unique `products_sku_unique`(`sku`)) {"exception":"[object] (Illuminate\\Database\\QueryException(code: 42000): SQLSTATE[42000]: Syntax error or access violation: 1061 Duplicate key name 'products_sku_unique' (Connection: mysql, SQL: alter table `products` add unique `products_sku_unique`(`sku`)) at D:/FREELANCE/NONA/BengkelKu-POS/vendor/laravel/framework/src/Illuminate/Database/Connection.php:825)
[stacktrace]
#0 D:/FREELANCE/NONA/BengkelKu-POS/vendor/laravel/framework/src/Illuminate/Database/Connection.php(779): Illuminate/Database/Connection->runQueryCallback('alter table `pr...', Array, Object(Closure))
#1 D:/FREELANCE/NONA/BengkelKu-POS/vendor/laravel/framework/src/Illuminate/Database/Connection.php(560): Illuminate/Database/Connection->run('alter table `pr...', Array, Object(Closure))
#2 D:/FREELANCE/NONA/BengkelKu-POS/vendor/laravel/framework/src/Illuminate/Database/Schema/Blueprint.php(118): Illuminate/Database/Connection->statement('alter table `pr...')
#3 D:/FREELANCE/NONA/BengkelKu-POS/vendor/laravel/framework/src/Illuminate/Database/Schema/Builder.php(564): Illuminate/Database/Schema/Blueprint->build(Object(Illuminate/Database/MySqlConnection), Object(Illuminate/Database/Schema/Grammars/MySqlGrammar))
#4 D:/FREELANCE/NONA/BengkelKu-POS/vendor/laravel/framework/src/Illuminate/Database/Schema/Builder.php(406): Illuminate/Database/Schema/Builder->build(Object(Illuminate/Database/Schema/Blueprint))
#5 D:/FREELANCE/NONA/BengkelKu-POS/vendor/laravel/framework/src/Illuminate/Support/Facades/Facade.php(361): Illuminate/Database/Schema/Builder->table('products', Object(Closure))
#6 D:/FREELANCE/NONA/BengkelKu-POS/database/migrations/2026_08_31_000001_make_catalog_code_nullable.php(12): Illuminate/Support/Facades/Facade::__callStatic('table', Array)
#7 D:/FREELANCE/NONA/BengkelKu-POS/vendor/laravel/framework/src/Illuminate/Database/Migrations/Migrator.php(507): Illuminate/Database/Migrations/Migration@anonymous->up()
#8 D:/FREELANCE/NONA/BengkelKu-POS/vendor/laravel/framework/src/Illuminate/Database/Migrations/Migrator.php(432): Illuminate/Database/Migrations/Migrator->runMethod(Object(Illuminate/Database/MySqlConnection), Object(Illuminate/Database/Migrations/Migration@anonymous), 'up')
#9 D:/FREELANCE/NONA/BengkelKu-POS/vendor/laravel/framework/src/Illuminate/Database/Migrations/Migrator.php(441): Illuminate/Database/Migrations/Migrator->Illuminate/Database/Migrations/{closure}()
#10 D:/FREELANCE/NONA/BengkelKu-POS/vendor/laravel/framework/src/Illuminate/Database/Migrations/Migrator.php(244): Illuminate/Database/Migrations/Migrator->runMigration(Object(Illuminate/Database/Migrations/Migration@anonymous), 'up')
#11 D:/FREELANCE/NONA/BengkelKu-POS/vendor/laravel/framework/src/Illuminate/Console/View/Components/Task.php(40): Illuminate/Database/Migrations/Migrator->Illuminate/Database/Migrations/{closure}()
#12 D:/FREELANCE/NONA/BengkelKu-POS/vendor/laravel/framework/src/Illuminate/Database/Migrations/Migrator.php(798): Illuminate/Console/View/Components/Task->render('2026_08_31_0000...', Object(Closure))
#13 D:/FREELANCE/NONA/BengkelKu-POS/vendor/laravel/framework/src/Illuminate/Database/Migrations/Migrator.php(244): Illuminate/Database/Migrations/Migrator->write('Illuminate//Cons...', '2026_08_31_0000...', Object(Closure))
#14 D:/FREELANCE/NONA/BengkelKu-POS/vendor/laravel/framework/src/Illuminate/Database/Migrations/Migrator.php(211): Illuminate/Database/Migrations/Migrator->runUp('D://FREELANCE//NO...', 2, false)
#15 D:/FREELANCE/NONA/BengkelKu-POS/vendor/laravel/framework/src/Illuminate/Database/Migrations/Migrator.php(138): Illuminate/Database/Migrations/Migrator->runPending(Array, Array)
#16 D:/FREELANCE/NONA/BengkelKu-POS/vendor/laravel/framework/src/Illuminate/Database/Console/Migrations/MigrateCommand.php(117): Illuminate/Database/Migrations/Migrator->run(Array, Array)
#17 D:/FREELANCE/NONA/BengkelKu-POS/vendor/laravel/framework/src/Illuminate/Database/Migrations/Migrator.php(658): Illuminate/Database/Console/Migrations/MigrateCommand->Illuminate/Database/Console/Migrations/{closure}()
#18 D:/FREELANCE/NONA/BengkelKu-POS/vendor/laravel/framework/src/Illuminate/Database/Console/Migrations/MigrateCommand.php(110): Illuminate/Database/Migrations/Migrator->usingConnection(NULL, Object(Closure))
#19 D:/FREELANCE/NONA/BengkelKu-POS/vendor/laravel/framework/src/Illuminate/Database/Console/Migrations/MigrateCommand.php(89): Illuminate/Database/Console/Migrations/MigrateCommand->runMigrations()
#20 D:/FREELANCE/NONA/BengkelKu-POS/vendor/laravel/framework/src/Illuminate/Container/BoundMethod.php(36): Illuminate/Database/Console/Migrations/MigrateCommand->handle()
#21 D:/FREELANCE/NONA/BengkelKu-POS/vendor/laravel/framework/src/Illuminate/Container/Util.php(43): Illuminate/Container/BoundMethod::Illuminate/Container/{closure}()
#22 D:/FREELANCE/NONA/BengkelKu-POS/vendor/laravel/framework/src/Illuminate/Container/BoundMethod.php(95): Illuminate/Container/Util::unwrapIfClosure(Object(Closure))
#23 D:/FREELANCE/NONA/BengkelKu-POS/vendor/laravel/framework/src/Illuminate/Container/BoundMethod.php(35): Illuminate/Container/BoundMethod::callBoundMethod(Object(Illuminate/Foundation/Application), Array, Object(Closure))
#24 D:/FREELANCE/NONA/BengkelKu-POS/vendor/laravel/framework/src/Illuminate/Container/Container.php(696): Illuminate/Container/BoundMethod::call(Object(Illuminate/Foundation/Application), Array, Array, NULL)
#25 D:/FREELANCE/NONA/BengkelKu-POS/vendor/laravel/framework/src/Illuminate/Console/Command.php(213): Illuminate/Container/Container->call(Array)
#26 D:/FREELANCE/NONA/BengkelKu-POS/vendor/symfony/console/Command/Command.php(341): Illuminate/Console/Command->execute(Object(Symfony/Component/Console/Input/ArgvInput), Object(Illuminate/Console/OutputStyle))
#27 D:/FREELANCE/NONA/BengkelKu-POS/vendor/laravel/framework/src/Illuminate/Console/Command.php(182): Symfony/Component/Console/Command/Command->run(Object(Symfony/Component/Console/Input/ArgvInput), Object(Illuminate/Console/OutputStyle))
#28 D:/FREELANCE/NONA/BengkelKu-POS/vendor/symfony/console/Application.php(1117): Illuminate/Console/Command->run(Object(Symfony/Component/Console/Input/ArgvInput), Object(Symfony/Component/Console/Output/ConsoleOutput))
#29 D:/FREELANCE/NONA/BengkelKu-POS/vendor/symfony/console/Application.php(356): Symfony/Component/Console/Application->doRunCommand(Object(Illuminate/Database/Console/Migrations/MigrateCommand), Object(Symfony/Component/Console/Input/ArgvInput), Object(Symfony/Component/Console/Output/ConsoleOutput))
#30 D:/FREELANCE/NONA/BengkelKu-POS/vendor/symfony/console/Application.php(195): Symfony/Component/Console/Application->doRun(Object(Symfony/Component/Console/Input/ArgvInput), Object(Symfony/Component/Console/Output/ConsoleOutput))
#31 D:/FREELANCE/NONA/BengkelKu-POS/vendor/laravel/framework/src/Illuminate/Foundation/Console/Kernel.php(198): Symfony/Component/Console/Application->run(Object(Symfony/Component/Console/Input/ArgvInput), Object(Symfony/Component/Console/Output/ConsoleOutput))
#32 D:/FREELANCE/NONA/BengkelKu-POS/artisan(12): Illuminate/Foundation/Console/Kernel->handle(Object(Symfony/Component/Console/Input/ArgvInput), Object(Symfony/Component/Console/Output/ConsoleOutput))
#33 {main}

[previous exception] [object] (PDOException(code: 42000): SQLSTATE[42000]: Syntax error or access violation: 1061 Duplicate key name 'products_sku_unique' at D:/FREELANCE/NONA/BengkelKu-POS/vendor/laravel/framework/src/Illuminate/Database/Connection.php:571)
[stacktrace]
#0 D:/FREELANCE/NONA/BengkelKu-POS/vendor/laravel/framework/src/Illuminate/Database/Connection.php(571): PDOStatement->execute()
#1 D:/FREELANCE/NONA/BengkelKu-POS/vendor/laravel/framework/src/Illuminate/Database/Connection.php(812): Illuminate/Database/Connection->Illuminate/Database/{closure}('alter table `pr...', Array)
#2 D:/FREELANCE/NONA/BengkelKu-POS/vendor/laravel/framework/src/Illuminate/Database/Connection.php(779): Illuminate/Database/Connection->runQueryCallback('alter table `pr...', Array, Object(Closure))
#3 D:/FREELANCE/NONA/BengkelKu-POS/vendor/laravel/framework/src/Illuminate/Database/Connection.php(560): Illuminate/Database/Connection->run('alter table `pr...', Array, Object(Closure))
#4 D:/FREELANCE/NONA/BengkelKu-POS/vendor/laravel/framework/src/Illuminate/Database/Schema/Blueprint.php(118): Illuminate/Database/Connection->statement('alter table `pr...')
#5 D:/FREELANCE/NONA/BengkelKu-POS/vendor/laravel/framework/src/Illuminate/Database/Schema/Builder.php(564): Illuminate/Database/Schema/Blueprint->build(Object(Illuminate/Database/MySqlConnection), Object(Illuminate/Database/Schema/Grammars/MySqlGrammar))
#6 D:/FREELANCE/NONA/BengkelKu-POS/vendor/laravel/framework/src/Illuminate/Database/Schema/Builder.php(406): Illuminate/Database/Schema/Builder->build(Object(Illuminate/Database/Schema/Blueprint))
#7 D:/FREELANCE/NONA/BengkelKu-POS/vendor/laravel/framework/src/Illuminate/Support/Facades/Facade.php(361): Illuminate/Database/Schema/Builder->table('products', Object(Closure))
#8 D:/FREELANCE/NONA/BengkelKu-POS/database/migrations/2026_08_31_000001_make_catalog_code_nullable.php(12): Illuminate/Support/Facades/Facade::__callStatic('table', Array)
#9 D:/FREELANCE/NONA/BengkelKu-POS/vendor/laravel/framework/src/Illuminate/Database/Migrations/Migrator.php(507): Illuminate/Database/Migrations/Migration@anonymous->up()
#10 D:/FREELANCE/NONA/BengkelKu-POS/vendor/laravel/framework/src/Illuminate/Database/Migrations/Migrator.php(432): Illuminate/Database/Migrations/Migrator->runMethod(Object(Illuminate/Database/MySqlConnection), Object(Illuminate/Database/Migrations/Migration@anonymous), 'up')
#11 D:/FREELANCE/NONA/BengkelKu-POS/vendor/laravel/framework/src/Illuminate/Database/Migrations/Migrator.php(441): Illuminate/Database/Migrations/Migrator->Illuminate/Database/Migrations/{closure}()
#12 D:/FREELANCE/NONA/BengkelKu-POS/vendor/laravel/framework/src/Illuminate/Database/Migrations/Migrator.php(244): Illuminate/Database/Migrations/Migrator->runMigration(Object(Illuminate/Database/Migrations/Migration@anonymous), 'up')
#13 D:/FREELANCE/NONA/BengkelKu-POS/vendor/laravel/framework/src/Illuminate/Console/View/Components/Task.php(40): Illuminate/Database/Migrations/Migrator->Illuminate/Database/Migrations/{closure}()
#14 D:/FREELANCE/NONA/BengkelKu-POS/vendor/laravel/framework/src/Illuminate/Database/Migrations/Migrator.php(798): Illuminate/Console/View/Components/Task->render('2026_08_31_0000...', Object(Closure))
#15 D:/FREELANCE/NONA/BengkelKu-POS/vendor/laravel/framework/src/Illuminate/Database/Migrations/Migrator.php(244): Illuminate/Database/Migrations/Migrator->write('Illuminate//Cons...', '2026_08_31_0000...', Object(Closure))
#16 D:/FREELANCE/NONA/BengkelKu-POS/vendor/laravel/framework/src/Illuminate/Database/Migrations/Migrator.php(211): Illuminate/Database/Migrations/Migrator->runUp('D://FREELANCE//NO...', 2, false)
#17 D:/FREELANCE/NONA/BengkelKu-POS/vendor/laravel/framework/src/Illuminate/Database/Migrations/Migrator.php(138): Illuminate/Database/Migrations/Migrator->runPending(Array, Array)
#18 D:/FREELANCE/NONA/BengkelKu-POS/vendor/laravel/framework/src/Illuminate/Database/Console/Migrations/MigrateCommand.php(117): Illuminate/Database/Migrations/Migrator->run(Array, Array)
#19 D:/FREELANCE/NONA/BengkelKu-POS/vendor/laravel/framework/src/Illuminate/Database/Migrations/Migrator.php(658): Illuminate/Database/Console/Migrations/MigrateCommand->Illuminate/Database/Console/Migrations/{closure}()
#20 D:/FREELANCE/NONA/BengkelKu-POS/vendor/laravel/framework/src/Illuminate/Database/Console/Migrations/MigrateCommand.php(110): Illuminate/Database/Migrations/Migrator->usingConnection(NULL, Object(Closure))
#21 D:/FREELANCE/NONA/BengkelKu-POS/vendor/laravel/framework/src/Illuminate/Database/Console/Migrations/MigrateCommand.php(89): Illuminate/Database/Console/Migrations/MigrateCommand->runMigrations()
#22 D:/FREELANCE/NONA/BengkelKu-POS/vendor/laravel/framework/src/Illuminate/Container/BoundMethod.php(36): Illuminate/Database/Console/Migrations/MigrateCommand->handle()
#23 D:/FREELANCE/NONA/BengkelKu-POS/vendor/laravel/framework/src/Illuminate/Container/Util.php(43): Illuminate/Container/BoundMethod::Illuminate/Container/{closure}()
#24 D:/FREELANCE/NONA/BengkelKu-POS/vendor/laravel/framework/src/Illuminate/Container/BoundMethod.php(95): Illuminate/Container/Util::unwrapIfClosure(Object(Closure))
#25 D:/FREELANCE/NONA/BengkelKu-POS/vendor/laravel/framework/src/Illuminate/Container/BoundMethod.php(35): Illuminate/Container/BoundMethod::callBoundMethod(Object(Illuminate/Foundation/Application), Array, Object(Closure))
#26 D:/FREELANCE/NONA/BengkelKu-POS/vendor/laravel/framework/src/Illuminate/Container/Container.php(696): Illuminate/Container/BoundMethod::call(Object(Illuminate/Foundation/Application), Array, Array, NULL)
#27 D:/FREELANCE/NONA/BengkelKu-POS/vendor/laravel/framework/src/Illuminate/Console/Command.php(213): Illuminate/Container/Container->call(Array)
#28 D:/FREELANCE/NONA/BengkelKu-POS/vendor/symfony/console/Command/Command.php(341): Illuminate/Console/Command->execute(Object(Symfony/Component/Console/Input/ArgvInput), Object(Illuminate/Console/OutputStyle))
#29 D:/FREELANCE/NONA/BengkelKu-POS/vendor/laravel/framework/src/Illuminate/Console/Command.php(182): Symfony/Component/Console/Command/Command->run(Object(Symfony/Component/Console/Input/ArgvInput), Object(Illuminate/Console/OutputStyle))
#30 D:/FREELANCE/NONA/BengkelKu-POS/vendor/symfony/console/Application.php(1117): Illuminate/Console/Command->run(Object(Symfony/Component/Console/Input/ArgvInput), Object(Symfony/Component/Console/Output/ConsoleOutput))
#31 D:/FREELANCE/NONA/BengkelKu-POS/vendor/symfony/console/Application.php(356): Symfony/Component/Console/Application->doRunCommand(Object(Illuminate/Database/Console/Migrations/MigrateCommand), Object(Symfony/Component/Console/Input/ArgvInput), Object(Symfony/Component/Console/Output/ConsoleOutput))
#32 D:/FREELANCE/NONA/BengkelKu-POS/vendor/symfony/console/Application.php(195): Symfony/Component/Console/Application->doRun(Object(Symfony/Component/Console/Input/ArgvInput), Object(Symfony/Component/Console/Output/ConsoleOutput))
#33 D:/FREELANCE/NONA/BengkelKu-POS/vendor/laravel/framework/src/Illuminate/Foundation/Console/Kernel.php(198): Symfony/Component/Console/Application->run(Object(Symfony/Component/Console/Input/ArgvInput), Object(Symfony/Component/Console/Output/ConsoleOutput))
#34 D:/FREELANCE/NONA/BengkelKu-POS/artisan(12): Illuminate/Foundation/Console/Kernel->handle(Object(Symfony/Component/Console/Input/ArgvInput), Object(Symfony/Component/Console/Output/ConsoleOutput))
#35 {main}
"} 
[2026-08-31 02:56:22] local.ERROR: syntax error, unexpected token "use" {"exception":"[object] (ParseError(code: 0): syntax error, unexpected token \"use\" at D:/FREELANCE/NONA/BengkelKu-POS/database/migrations/2026_08_31_000001_make_catalog_code_nullable.php:3)
[stacktrace]
#0 D:/FREELANCE/NONA/BengkelKu-POS/vendor/laravel/framework/src/Illuminate/Filesystem/Filesystem.php(149): Illuminate/Filesystem/Filesystem::Illuminate/Filesystem/{closure}()
#1 D:/FREELANCE/NONA/BengkelKu-POS/vendor/laravel/framework/src/Illuminate/Database/Migrations/Migrator.php(588): Illuminate/Filesystem/Filesystem->requireOnce('D://FREELANCE//NO...')
#2 D:/FREELANCE/NONA/BengkelKu-POS/vendor/laravel/framework/src/Illuminate/Database/Migrations/Migrator.php(131): Illuminate/Database/Migrations/Migrator->requireFiles(Array)
#3 D:/FREELANCE/NONA/BengkelKu-POS/vendor/laravel/framework/src/Illuminate/Database/Console/Migrations/MigrateCommand.php(117): Illuminate/Database/Migrations/Migrator->run(Array, Array)
#4 D:/FREELANCE/NONA/BengkelKu-POS/vendor/laravel/framework/src/Illuminate/Database/Migrations/Migrator.php(658): Illuminate/Database/Console/Migrations/MigrateCommand->Illuminate/Database/Console/Migrations/{closure}()
#5 D:/FREELANCE/NONA/BengkelKu-POS/vendor/laravel/framework/src/Illuminate/Database/Console/Migrations/MigrateCommand.php(110): Illuminate/Database/Migrations/Migrator->usingConnection(NULL, Object(Closure))
#6 D:/FREELANCE/NONA/BengkelKu-POS/vendor/laravel/framework/src/Illuminate/Database/Console/Migrations/MigrateCommand.php(89): Illuminate/Database/Console/Migrations/MigrateCommand->runMigrations()
#7 D:/FREELANCE/NONA/BengkelKu-POS/vendor/laravel/framework/src/Illuminate/Container/BoundMethod.php(36): Illuminate/Database/Console/Migrations/MigrateCommand->handle()
#8 D:/FREELANCE/NONA/BengkelKu-POS/vendor/laravel/framework/src/Illuminate/Container/Util.php(43): Illuminate/Container/BoundMethod::Illuminate/Container/{closure}()
#9 D:/FREELANCE/NONA/BengkelKu-POS/vendor/laravel/framework/src/Illuminate/Container/BoundMethod.php(95): Illuminate/Container/Util::unwrapIfClosure(Object(Closure))
#10 D:/FREELANCE/NONA/BengkelKu-POS/vendor/laravel/framework/src/Illuminate/Container/BoundMethod.php(35): Illuminate/Container/BoundMethod::callBoundMethod(Object(Illuminate/Foundation/Application), Array, Object(Closure))
#11 D:/FREELANCE/NONA/BengkelKu-POS/vendor/laravel/framework/src/Illuminate/Container/Container.php(696): Illuminate/Container/BoundMethod::call(Object(Illuminate/Foundation/Application), Array, Array, NULL)
#12 D:/FREELANCE/NONA/BengkelKu-POS/vendor/laravel/framework/src/Illuminate/Console/Command.php(213): Illuminate/Container/Container->call(Array)
#13 D:/FREELANCE/NONA/BengkelKu-POS/vendor/symfony/console/Command/Command.php(341): Illuminate/Console/Command->execute(Object(Symfony/Component/Console/Input/ArgvInput), Object(Illuminate/Console/OutputStyle))
#14 D:/FREELANCE/NONA/BengkelKu-POS/vendor/laravel/framework/src/Illuminate/Console/Command.php(182): Symfony/Component/Console/Command/Command->run(Object(Symfony/Component/Console/Input/ArgvInput), Object(Illuminate/Console/OutputStyle))
#15 D:/FREELANCE/NONA/BengkelKu-POS/vendor/symfony/console/Application.php(1117): Illuminate/Console/Command->run(Object(Symfony/Component/Console/Input/ArgvInput), Object(Symfony/Component/Console/Output/ConsoleOutput))
#16 D:/FREELANCE/NONA/BengkelKu-POS/vendor/symfony/console/Application.php(356): Symfony/Component/Console/Application->doRunCommand(Object(Illuminate/Database/Console/Migrations/MigrateCommand), Object(Symfony/Component/Console/Input/ArgvInput), Object(Symfony/Component/Console/Output/ConsoleOutput))
#17 D:/FREELANCE/NONA/BengkelKu-POS/vendor/symfony/console/Application.php(195): Symfony/Component/Console/Application->doRun(Object(Symfony/Component/Console/Input/ArgvInput), Object(Symfony/Component/Console/Output/ConsoleOutput))
#18 D:/FREELANCE/NONA/BengkelKu-POS/vendor/laravel/framework/src/Illuminate/Foundation/Console/Kernel.php(198): Symfony/Component/Console/Application->run(Object(Symfony/Component/Console/Input/ArgvInput), Object(Symfony/Component/Console/Output/ConsoleOutput))
#19 D:/FREELANCE/NONA/BengkelKu-POS/artisan(12): Illuminate/Foundation/Console/Kernel->handle(Object(Symfony/Component/Console/Input/ArgvInput), Object(Symfony/Component/Console/Output/ConsoleOutput))
#20 {main}
"} 
[2026-08-31 07:58:35] local.ERROR: SQLSTATE[23000]: Integrity constraint violation: 1062 Duplicate entry 'DM 2073 AA' for key 'vehicles.vehicles_plate_number_unique' (Connection: mysql, SQL: insert into `vehicles` (`customer_id`, `plate_number`, `brand`, `type`, `year`, `last_mileage`, `id`, `updated_at`, `created_at`) values (e27bcf0f-6643-4551-b696-f39fc4771744, DM 2073 AA, HONDA, BEAT FI, 2013, 25000, 86bd5439-8abf-4a0f-bf6f-bfaaeebd4635, 2026-08-31 07:58:35, 2026-08-31 07:58:35)) {"userId":"a2a12424-3bbe-4cb5-b0d9-5e931f25e6ec","exception":"[object] (Illuminate\\Database\\UniqueConstraintViolationException(code: 23000): SQLSTATE[23000]: Integrity constraint violation: 1062 Duplicate entry 'DM 2073 AA' for key 'vehicles.vehicles_plate_number_unique' (Connection: mysql, SQL: insert into `vehicles` (`customer_id`, `plate_number`, `brand`, `type`, `year`, `last_mileage`, `id`, `updated_at`, `created_at`) values (e27bcf0f-6643-4551-b696-f39fc4771744, DM 2073 AA, HONDA, BEAT FI, 2013, 25000, 86bd5439-8abf-4a0f-bf6f-bfaaeebd4635, 2026-08-31 07:58:35, 2026-08-31 07:58:35)) at D:/FREELANCE/NONA/BengkelKu-POS/vendor/laravel/framework/src/Illuminate/Database/Connection.php:820)
[stacktrace]
#0 D:/FREELANCE/NONA/BengkelKu-POS/vendor/laravel/framework/src/Illuminate/Database/Connection.php(779): Illuminate/Database/Connection->runQueryCallback('insert into `ve...', Array, Object(Closure))
#1 D:/FREELANCE/NONA/BengkelKu-POS/vendor/laravel/framework/src/Illuminate/Database/MySqlConnection.php(42): Illuminate/Database/Connection->run('insert into `ve...', Array, Object(Closure))
#2 D:/FREELANCE/NONA/BengkelKu-POS/vendor/laravel/framework/src/Illuminate/Database/Query/Builder.php(3717): Illuminate/Database/MySqlConnection->insert('insert into `ve...', Array)
#3 D:/FREELANCE/NONA/BengkelKu-POS/vendor/laravel/framework/src/Illuminate/Database/Eloquent/Builder.php(2120): Illuminate/Database/Query/Builder->insert(Array)
#4 D:/FREELANCE/NONA/BengkelKu-POS/vendor/laravel/framework/src/Illuminate/Database/Eloquent/Model.php(1335): Illuminate/Database/Eloquent/Builder->__call('insert', Array)
#5 D:/FREELANCE/NONA/BengkelKu-POS/vendor/laravel/framework/src/Illuminate/Database/Eloquent/Model.php(1163): Illuminate/Database/Eloquent/Model->performInsert(Object(Illuminate/Database/Eloquent/Builder))
#6 D:/FREELANCE/NONA/BengkelKu-POS/vendor/laravel/framework/src/Illuminate/Database/Eloquent/Builder.php(1128): Illuminate/Database/Eloquent/Model->save()
#7 D:/FREELANCE/NONA/BengkelKu-POS/vendor/laravel/framework/src/Illuminate/Support/helpers.php(399): Illuminate/Database/Eloquent/Builder->Illuminate/Database/Eloquent/{closure}(Object(App/Domains/CustomerVehicle/Models/Vehicle))
#8 D:/FREELANCE/NONA/BengkelKu-POS/vendor/laravel/framework/src/Illuminate/Database/Eloquent/Builder.php(1127): tap(Object(App/Domains/CustomerVehicle/Models/Vehicle), Object(Closure))
#9 D:/FREELANCE/NONA/BengkelKu-POS/vendor/laravel/framework/src/Illuminate/Support/Traits/ForwardsCalls.php(23): Illuminate/Database/Eloquent/Builder->create(Array)
#10 D:/FREELANCE/NONA/BengkelKu-POS/vendor/laravel/framework/src/Illuminate/Database/Eloquent/Model.php(2372): Illuminate/Database/Eloquent/Model->forwardCallTo(Object(Illuminate/Database/Eloquent/Builder), 'create', Array)
#11 D:/FREELANCE/NONA/BengkelKu-POS/vendor/laravel/framework/src/Illuminate/Database/Eloquent/Model.php(2384): Illuminate/Database/Eloquent/Model->__call('create', Array)
#12 D:/FREELANCE/NONA/BengkelKu-POS/app/Livewire/Customer/Index.php(200): Illuminate/Database/Eloquent/Model::__callStatic('create', Array)
#13 D:/FREELANCE/NONA/BengkelKu-POS/vendor/laravel/framework/src/Illuminate/Container/BoundMethod.php(36): App/Livewire/Customer/Index->saveVehicle()
#14 D:/FREELANCE/NONA/BengkelKu-POS/vendor/laravel/framework/src/Illuminate/Container/Util.php(43): Illuminate/Container/BoundMethod::Illuminate/Container/{closure}()
#15 D:/FREELANCE/NONA/BengkelKu-POS/vendor/laravel/framework/src/Illuminate/Container/BoundMethod.php(95): Illuminate/Container/Util::unwrapIfClosure(Object(Closure))
#16 D:/FREELANCE/NONA/BengkelKu-POS/vendor/laravel/framework/src/Illuminate/Container/BoundMethod.php(35): Illuminate/Container/BoundMethod::callBoundMethod(Object(Illuminate/Foundation/Application), Array, Object(Closure))
#17 D:/FREELANCE/NONA/BengkelKu-POS/vendor/livewire/livewire/src/Wrapped.php(23): Illuminate/Container/BoundMethod::call(Object(Illuminate/Foundation/Application), Array, Array)
#18 D:/FREELANCE/NONA/BengkelKu-POS/vendor/livewire/livewire/src/Mechanisms/HandleComponents/HandleComponents.php(521): Livewire/Wrapped->__call('saveVehicle', Array)
#19 D:/FREELANCE/NONA/BengkelKu-POS/vendor/livewire/livewire/src/Mechanisms/HandleComponents/HandleComponents.php(124): Livewire/Mechanisms/HandleComponents/HandleComponents->callMethods(Object(App/Livewire/Customer/Index), Array, Object(Livewire/Mechanisms/HandleComponents/ComponentContext))
#20 D:/FREELANCE/NONA/BengkelKu-POS/vendor/livewire/livewire/src/LivewireManager.php(102): Livewire/Mechanisms/HandleComponents/HandleComponents->update(Array, Array, Array)
#21 D:/FREELANCE/NONA/BengkelKu-POS/vendor/livewire/livewire/src/Mechanisms/HandleRequests/HandleRequests.php(144): Livewire/LivewireManager->update(Array, Array, Array)
#22 D:/FREELANCE/NONA/BengkelKu-POS/vendor/laravel/framework/src/Illuminate/Routing/ControllerDispatcher.php(47): Livewire/Mechanisms/HandleRequests/HandleRequests->handleUpdate()
#23 D:/FREELANCE/NONA/BengkelKu-POS/vendor/laravel/framework/src/Illuminate/Routing/Route.php(266): Illuminate/Routing/ControllerDispatcher->dispatch(Object(Illuminate/Routing/Route), Object(Livewire/Mechanisms/HandleRequests/HandleRequests), 'handleUpdate')
#24 D:/FREELANCE/NONA/BengkelKu-POS/vendor/laravel/framework/src/Illuminate/Routing/Route.php(212): Illuminate/Routing/Route->runController()
#25 D:/FREELANCE/NONA/BengkelKu-POS/vendor/laravel/framework/src/Illuminate/Routing/Router.php(808): Illuminate/Routing/Route->run()
#26 D:/FREELANCE/NONA/BengkelKu-POS/vendor/laravel/framework/src/Illuminate/Pipeline/Pipeline.php(170): Illuminate/Routing/Router->Illuminate/Routing/{closure}(Object(Illuminate/Http/Request))
#27 D:/FREELANCE/NONA/BengkelKu-POS/vendor/laravel/framework/src/Illuminate/Routing/Middleware/SubstituteBindings.php(51): Illuminate/Pipeline/Pipeline->Illuminate/Pipeline/{closure}(Object(Illuminate/Http/Request))
#28 D:/FREELANCE/NONA/BengkelKu-POS/vendor/laravel/framework/src/Illuminate/Pipeline/Pipeline.php(209): Illuminate/Routing/Middleware/SubstituteBindings->handle(Object(Illuminate/Http/Request), Object(Closure))
#29 D:/FREELANCE/NONA/BengkelKu-POS/vendor/laravel/framework/src/Illuminate/Foundation/Http/Middleware/VerifyCsrfToken.php(88): Illuminate/Pipeline/Pipeline->Illuminate/Pipeline/{closure}(Object(Illuminate/Http/Request))
#30 D:/FREELANCE/NONA/BengkelKu-POS/vendor/laravel/framework/src/Illuminate/Pipeline/Pipeline.php(209): Illuminate/Foundation/Http/Middleware/VerifyCsrfToken->handle(Object(Illuminate/Http/Request), Object(Closure))
#31 D:/FREELANCE/NONA/BengkelKu-POS/vendor/laravel/framework/src/Illuminate/View/Middleware/ShareErrorsFromSession.php(49): Illuminate/Pipeline/Pipeline->Illuminate/Pipeline/{closure}(Object(Illuminate/Http/Request))
#32 D:/FREELANCE/NONA/BengkelKu-POS/vendor/laravel/framework/src/Illuminate/Pipeline/Pipeline.php(209): Illuminate/View/Middleware/ShareErrorsFromSession->handle(Object(Illuminate/Http/Request), Object(Closure))
#33 D:/FREELANCE/NONA/BengkelKu-POS/vendor/laravel/framework/src/Illuminate/Session/Middleware/StartSession.php(121): Illuminate/Pipeline/Pipeline->Illuminate/Pipeline/{closure}(Object(Illuminate/Http/Request))
#34 D:/FREELANCE/NONA/BengkelKu-POS/vendor/laravel/framework/src/Illuminate/Session/Middleware/StartSession.php(64): Illuminate/Session/Middleware/StartSession->handleStatefulRequest(Object(Illuminate/Http/Request), Object(Illuminate/Session/Store), Object(Closure))
#35 D:/FREELANCE/NONA/BengkelKu-POS/vendor/laravel/framework/src/Illuminate/Pipeline/Pipeline.php(209): Illuminate/Session/Middleware/StartSession->handle(Object(Illuminate/Http/Request), Object(Closure))
#36 D:/FREELANCE/NONA/BengkelKu-POS/vendor/laravel/framework/src/Illuminate/Cookie/Middleware/AddQueuedCookiesToResponse.php(37): Illuminate/Pipeline/Pipeline->Illuminate/Pipeline/{closure}(Object(Illuminate/Http/Request))
#37 D:/FREELANCE/NONA/BengkelKu-POS/vendor/laravel/framework/src/Illuminate/Pipeline/Pipeline.php(209): Illuminate/Cookie/Middleware/AddQueuedCookiesToResponse->handle(Object(Illuminate/Http/Request), Object(Closure))
#38 D:/FREELANCE/NONA/BengkelKu-POS/vendor/laravel/framework/src/Illuminate/Cookie/Middleware/EncryptCookies.php(75): Illuminate/Pipeline/Pipeline->Illuminate/Pipeline/{closure}(Object(Illuminate/Http/Request))
#39 D:/FREELANCE/NONA/BengkelKu-POS/vendor/laravel/framework/src/Illuminate/Pipeline/Pipeline.php(209): Illuminate/Cookie/Middleware/EncryptCookies->handle(Object(Illuminate/Http/Request), Object(Closure))
#40 D:/FREELANCE/NONA/BengkelKu-POS/vendor/laravel/framework/src/Illuminate/Pipeline/Pipeline.php(127): Illuminate/Pipeline/Pipeline->Illuminate/Pipeline/{closure}(Object(Illuminate/Http/Request))
#41 D:/FREELANCE/NONA/BengkelKu-POS/vendor/laravel/framework/src/Illuminate/Routing/Router.php(807): Illuminate/Pipeline/Pipeline->then(Object(Closure))
#42 D:/FREELANCE/NONA/BengkelKu-POS/vendor/laravel/framework/src/Illuminate/Routing/Router.php(786): Illuminate/Routing/Router->runRouteWithinStack(Object(Illuminate/Routing/Route), Object(Illuminate/Http/Request))
#43 D:/FREELANCE/NONA/BengkelKu-POS/vendor/laravel/framework/src/Illuminate/Routing/Router.php(750): Illuminate/Routing/Router->runRoute(Object(Illuminate/Http/Request), Object(Illuminate/Routing/Route))
#44 D:/FREELANCE/NONA/BengkelKu-POS/vendor/laravel/framework/src/Illuminate/Routing/Router.php(739): Illuminate/Routing/Router->dispatchToRoute(Object(Illuminate/Http/Request))
#45 D:/FREELANCE/NONA/BengkelKu-POS/vendor/laravel/framework/src/Illuminate/Foundation/Http/Kernel.php(201): Illuminate/Routing/Router->dispatch(Object(Illuminate/Http/Request))
#46 D:/FREELANCE/NONA/BengkelKu-POS/vendor/laravel/framework/src/Illuminate/Pipeline/Pipeline.php(170): Illuminate/Foundation/Http/Kernel->Illuminate/Foundation/Http/{closure}(Object(Illuminate/Http/Request))
#47 D:/FREELANCE/NONA/BengkelKu-POS/vendor/livewire/livewire/src/Features/SupportDisablingBackButtonCache/DisableBackButtonCacheMiddleware.php(19): Illuminate/Pipeline/Pipeline->Illuminate/Pipeline/{closure}(Object(Illuminate/Http/Request))
#48 D:/FREELANCE/NONA/BengkelKu-POS/vendor/laravel/framework/src/Illuminate/Pipeline/Pipeline.php(209): Livewire/Features/SupportDisablingBackButtonCache/DisableBackButtonCacheMiddleware->handle(Object(Illuminate/Http/Request), Object(Closure))
#49 D:/FREELANCE/NONA/BengkelKu-POS/vendor/laravel/framework/src/Illuminate/Foundation/Http/Middleware/ConvertEmptyStringsToNull.php(27): Illuminate/Pipeline/Pipeline->Illuminate/Pipeline/{closure}(Object(Illuminate/Http/Request))
#50 D:/FREELANCE/NONA/BengkelKu-POS/vendor/laravel/framework/src/Illuminate/Pipeline/Pipeline.php(209): Illuminate/Foundation/Http/Middleware/ConvertEmptyStringsToNull->handle(Object(Illuminate/Http/Request), Object(Closure))
#51 D:/FREELANCE/NONA/BengkelKu-POS/vendor/laravel/framework/src/Illuminate/Foundation/Http/Middleware/TrimStrings.php(47): Illuminate/Pipeline/Pipeline->Illuminate/Pipeline/{closure}(Object(Illuminate/Http/Request))
#52 D:/FREELANCE/NONA/BengkelKu-POS/vendor/laravel/framework/src/Illuminate/Pipeline/Pipeline.php(209): Illuminate/Foundation/Http/Middleware/TrimStrings->handle(Object(Illuminate/Http/Request), Object(Closure))
#53 D:/FREELANCE/NONA/BengkelKu-POS/vendor/laravel/framework/src/Illuminate/Http/Middleware/ValidatePostSize.php(27): Illuminate/Pipeline/Pipeline->Illuminate/Pipeline/{closure}(Object(Illuminate/Http/Request))
#54 D:/FREELANCE/NONA/BengkelKu-POS/vendor/laravel/framework/src/Illuminate/Pipeline/Pipeline.php(209): Illuminate/Http/Middleware/ValidatePostSize->handle(Object(Illuminate/Http/Request), Object(Closure))
#55 D:/FREELANCE/NONA/BengkelKu-POS/vendor/laravel/framework/src/Illuminate/Foundation/Http/Middleware/PreventRequestsDuringMaintenance.php(110): Illuminate/Pipeline/Pipeline->Illuminate/Pipeline/{closure}(Object(Illuminate/Http/Request))
#56 D:/FREELANCE/NONA/BengkelKu-POS/vendor/laravel/framework/src/Illuminate/Pipeline/Pipeline.php(209): Illuminate/Foundation/Http/Middleware/PreventRequestsDuringMaintenance->handle(Object(Illuminate/Http/Request), Object(Closure))
#57 D:/FREELANCE/NONA/BengkelKu-POS/vendor/laravel/framework/src/Illuminate/Http/Middleware/HandleCors.php(49): Illuminate/Pipeline/Pipeline->Illuminate/Pipeline/{closure}(Object(Illuminate/Http/Request))
#58 D:/FREELANCE/NONA/BengkelKu-POS/vendor/laravel/framework/src/Illuminate/Pipeline/Pipeline.php(209): Illuminate/Http/Middleware/HandleCors->handle(Object(Illuminate/Http/Request), Object(Closure))
#59 D:/FREELANCE/NONA/BengkelKu-POS/vendor/laravel/framework/src/Illuminate/Http/Middleware/TrustProxies.php(58): Illuminate/Pipeline/Pipeline->Illuminate/Pipeline/{closure}(Object(Illuminate/Http/Request))
#60 D:/FREELANCE/NONA/BengkelKu-POS/vendor/laravel/framework/src/Illuminate/Pipeline/Pipeline.php(209): Illuminate/Http/Middleware/TrustProxies->handle(Object(Illuminate/Http/Request), Object(Closure))
#61 D:/FREELANCE/NONA/BengkelKu-POS/vendor/laravel/framework/src/Illuminate/Foundation/Http/Middleware/InvokeDeferredCallbacks.php(22): Illuminate/Pipeline/Pipeline->Illuminate/Pipeline/{closure}(Object(Illuminate/Http/Request))
#62 D:/FREELANCE/NONA/BengkelKu-POS/vendor/laravel/framework/src/Illuminate/Pipeline/Pipeline.php(209): Illuminate/Foundation/Http/Middleware/InvokeDeferredCallbacks->handle(Object(Illuminate/Http/Request), Object(Closure))
#63 D:/FREELANCE/NONA/BengkelKu-POS/vendor/laravel/framework/src/Illuminate/Pipeline/Pipeline.php(127): Illuminate/Pipeline/Pipeline->Illuminate/Pipeline/{closure}(Object(Illuminate/Http/Request))
#64 D:/FREELANCE/NONA/BengkelKu-POS/vendor/laravel/framework/src/Illuminate/Foundation/Http/Kernel.php(176): Illuminate/Pipeline/Pipeline->then(Object(Closure))
#65 D:/FREELANCE/NONA/BengkelKu-POS/vendor/laravel/framework/src/Illuminate/Foundation/Http/Kernel.php(145): Illuminate/Foundation/Http/Kernel->sendRequestThroughRouter(Object(Illuminate/Http/Request))
#66 D:/FREELANCE/NONA/BengkelKu-POS/public/index.php(19): Illuminate/Foundation/Http/Kernel->handle(Object(Illuminate/Http/Request))
#67 D:/FREELANCE/NONA/BengkelKu-POS/vendor/laravel/framework/src/Illuminate/Foundation/resources/server.php(23): require_once('D://FREELANCE//NO...')
#68 {main}

[previous exception] [object] (PDOException(code: 23000): SQLSTATE[23000]: Integrity constraint violation: 1062 Duplicate entry 'DM 2073 AA' for key 'vehicles.vehicles_plate_number_unique' at D:/FREELANCE/NONA/BengkelKu-POS/vendor/laravel/framework/src/Illuminate/Database/MySqlConnection.php:53)
[stacktrace]
#0 D:/FREELANCE/NONA/BengkelKu-POS/vendor/laravel/framework/src/Illuminate/Database/MySqlConnection.php(53): PDOStatement->execute()
#1 D:/FREELANCE/NONA/BengkelKu-POS/vendor/laravel/framework/src/Illuminate/Database/Connection.php(812): Illuminate/Database/MySqlConnection->Illuminate/Database/{closure}('insert into `ve...', Array)
#2 D:/FREELANCE/NONA/BengkelKu-POS/vendor/laravel/framework/src/Illuminate/Database/Connection.php(779): Illuminate/Database/Connection->runQueryCallback('insert into `ve...', Array, Object(Closure))
#3 D:/FREELANCE/NONA/BengkelKu-POS/vendor/laravel/framework/src/Illuminate/Database/MySqlConnection.php(42): Illuminate/Database/Connection->run('insert into `ve...', Array, Object(Closure))
#4 D:/FREELANCE/NONA/BengkelKu-POS/vendor/laravel/framework/src/Illuminate/Database/Query/Builder.php(3717): Illuminate/Database/MySqlConnection->insert('insert into `ve...', Array)
#5 D:/FREELANCE/NONA/BengkelKu-POS/vendor/laravel/framework/src/Illuminate/Database/Eloquent/Builder.php(2120): Illuminate/Database/Query/Builder->insert(Array)
#6 D:/FREELANCE/NONA/BengkelKu-POS/vendor/laravel/framework/src/Illuminate/Database/Eloquent/Model.php(1335): Illuminate/Database/Eloquent/Builder->__call('insert', Array)
#7 D:/FREELANCE/NONA/BengkelKu-POS/vendor/laravel/framework/src/Illuminate/Database/Eloquent/Model.php(1163): Illuminate/Database/Eloquent/Model->performInsert(Object(Illuminate/Database/Eloquent/Builder))
#8 D:/FREELANCE/NONA/BengkelKu-POS/vendor/laravel/framework/src/Illuminate/Database/Eloquent/Builder.php(1128): Illuminate/Database/Eloquent/Model->save()
#9 D:/FREELANCE/NONA/BengkelKu-POS/vendor/laravel/framework/src/Illuminate/Support/helpers.php(399): Illuminate/Database/Eloquent/Builder->Illuminate/Database/Eloquent/{closure}(Object(App/Domains/CustomerVehicle/Models/Vehicle))
#10 D:/FREELANCE/NONA/BengkelKu-POS/vendor/laravel/framework/src/Illuminate/Database/Eloquent/Builder.php(1127): tap(Object(App/Domains/CustomerVehicle/Models/Vehicle), Object(Closure))
#11 D:/FREELANCE/NONA/BengkelKu-POS/vendor/laravel/framework/src/Illuminate/Support/Traits/ForwardsCalls.php(23): Illuminate/Database/Eloquent/Builder->create(Array)
#12 D:/FREELANCE/NONA/BengkelKu-POS/vendor/laravel/framework/src/Illuminate/Database/Eloquent/Model.php(2372): Illuminate/Database/Eloquent/Model->forwardCallTo(Object(Illuminate/Database/Eloquent/Builder), 'create', Array)
#13 D:/FREELANCE/NONA/BengkelKu-POS/vendor/laravel/framework/src/Illuminate/Database/Eloquent/Model.php(2384): Illuminate/Database/Eloquent/Model->__call('create', Array)
#14 D:/FREELANCE/NONA/BengkelKu-POS/app/Livewire/Customer/Index.php(200): Illuminate/Database/Eloquent/Model::__callStatic('create', Array)
#15 D:/FREELANCE/NONA/BengkelKu-POS/vendor/laravel/framework/src/Illuminate/Container/BoundMethod.php(36): App/Livewire/Customer/Index->saveVehicle()
#16 D:/FREELANCE/NONA/BengkelKu-POS/vendor/laravel/framework/src/Illuminate/Container/Util.php(43): Illuminate/Container/BoundMethod::Illuminate/Container/{closure}()
#17 D:/FREELANCE/NONA/BengkelKu-POS/vendor/laravel/framework/src/Illuminate/Container/BoundMethod.php(95): Illuminate/Container/Util::unwrapIfClosure(Object(Closure))
#18 D:/FREELANCE/NONA/BengkelKu-POS/vendor/laravel/framework/src/Illuminate/Container/BoundMethod.php(35): Illuminate/Container/BoundMethod::callBoundMethod(Object(Illuminate/Foundation/Application), Array, Object(Closure))
#19 D:/FREELANCE/NONA/BengkelKu-POS/vendor/livewire/livewire/src/Wrapped.php(23): Illuminate/Container/BoundMethod::call(Object(Illuminate/Foundation/Application), Array, Array)
#20 D:/FREELANCE/NONA/BengkelKu-POS/vendor/livewire/livewire/src/Mechanisms/HandleComponents/HandleComponents.php(521): Livewire/Wrapped->__call('saveVehicle', Array)
#21 D:/FREELANCE/NONA/BengkelKu-POS/vendor/livewire/livewire/src/Mechanisms/HandleComponents/HandleComponents.php(124): Livewire/Mechanisms/HandleComponents/HandleComponents->callMethods(Object(App/Livewire/Customer/Index), Array, Object(Livewire/Mechanisms/HandleComponents/ComponentContext))
#22 D:/FREELANCE/NONA/BengkelKu-POS/vendor/livewire/livewire/src/LivewireManager.php(102): Livewire/Mechanisms/HandleComponents/HandleComponents->update(Array, Array, Array)
#23 D:/FREELANCE/NONA/BengkelKu-POS/vendor/livewire/livewire/src/Mechanisms/HandleRequests/HandleRequests.php(144): Livewire/LivewireManager->update(Array, Array, Array)
#24 D:/FREELANCE/NONA/BengkelKu-POS/vendor/laravel/framework/src/Illuminate/Routing/ControllerDispatcher.php(47): Livewire/Mechanisms/HandleRequests/HandleRequests->handleUpdate()
#25 D:/FREELANCE/NONA/BengkelKu-POS/vendor/laravel/framework/src/Illuminate/Routing/Route.php(266): Illuminate/Routing/ControllerDispatcher->dispatch(Object(Illuminate/Routing/Route), Object(Livewire/Mechanisms/HandleRequests/HandleRequests), 'handleUpdate')
#26 D:/FREELANCE/NONA/BengkelKu-POS/vendor/laravel/framework/src/Illuminate/Routing/Route.php(212): Illuminate/Routing/Route->runController()
#27 D:/FREELANCE/NONA/BengkelKu-POS/vendor/laravel/framework/src/Illuminate/Routing/Router.php(808): Illuminate/Routing/Route->run()
#28 D:/FREELANCE/NONA/BengkelKu-POS/vendor/laravel/framework/src/Illuminate/Pipeline/Pipeline.php(170): Illuminate/Routing/Router->Illuminate/Routing/{closure}(Object(Illuminate/Http/Request))
#29 D:/FREELANCE/NONA/BengkelKu-POS/vendor/laravel/framework/src/Illuminate/Routing/Middleware/SubstituteBindings.php(51): Illuminate/Pipeline/Pipeline->Illuminate/Pipeline/{closure}(Object(Illuminate/Http/Request))
#30 D:/FREELANCE/NONA/BengkelKu-POS/vendor/laravel/framework/src/Illuminate/Pipeline/Pipeline.php(209): Illuminate/Routing/Middleware/SubstituteBindings->handle(Object(Illuminate/Http/Request), Object(Closure))
#31 D:/FREELANCE/NONA/BengkelKu-POS/vendor/laravel/framework/src/Illuminate/Foundation/Http/Middleware/VerifyCsrfToken.php(88): Illuminate/Pipeline/Pipeline->Illuminate/Pipeline/{closure}(Object(Illuminate/Http/Request))
#32 D:/FREELANCE/NONA/BengkelKu-POS/vendor/laravel/framework/src/Illuminate/Pipeline/Pipeline.php(209): Illuminate/Foundation/Http/Middleware/VerifyCsrfToken->handle(Object(Illuminate/Http/Request), Object(Closure))
#33 D:/FREELANCE/NONA/BengkelKu-POS/vendor/laravel/framework/src/Illuminate/View/Middleware/ShareErrorsFromSession.php(49): Illuminate/Pipeline/Pipeline->Illuminate/Pipeline/{closure}(Object(Illuminate/Http/Request))
#34 D:/FREELANCE/NONA/BengkelKu-POS/vendor/laravel/framework/src/Illuminate/Pipeline/Pipeline.php(209): Illuminate/View/Middleware/ShareErrorsFromSession->handle(Object(Illuminate/Http/Request), Object(Closure))
#35 D:/FREELANCE/NONA/BengkelKu-POS/vendor/laravel/framework/src/Illuminate/Session/Middleware/StartSession.php(121): Illuminate/Pipeline/Pipeline->Illuminate/Pipeline/{closure}(Object(Illuminate/Http/Request))
#36 D:/FREELANCE/NONA/BengkelKu-POS/vendor/laravel/framework/src/Illuminate/Session/Middleware/StartSession.php(64): Illuminate/Session/Middleware/StartSession->handleStatefulRequest(Object(Illuminate/Http/Request), Object(Illuminate/Session/Store), Object(Closure))
#37 D:/FREELANCE/NONA/BengkelKu-POS/vendor/laravel/framework/src/Illuminate/Pipeline/Pipeline.php(209): Illuminate/Session/Middleware/StartSession->handle(Object(Illuminate/Http/Request), Object(Closure))
#38 D:/FREELANCE/NONA/BengkelKu-POS/vendor/laravel/framework/src/Illuminate/Cookie/Middleware/AddQueuedCookiesToResponse.php(37): Illuminate/Pipeline/Pipeline->Illuminate/Pipeline/{closure}(Object(Illuminate/Http/Request))
#39 D:/FREELANCE/NONA/BengkelKu-POS/vendor/laravel/framework/src/Illuminate/Pipeline/Pipeline.php(209): Illuminate/Cookie/Middleware/AddQueuedCookiesToResponse->handle(Object(Illuminate/Http/Request), Object(Closure))
#40 D:/FREELANCE/NONA/BengkelKu-POS/vendor/laravel/framework/src/Illuminate/Cookie/Middleware/EncryptCookies.php(75): Illuminate/Pipeline/Pipeline->Illuminate/Pipeline/{closure}(Object(Illuminate/Http/Request))
#41 D:/FREELANCE/NONA/BengkelKu-POS/vendor/laravel/framework/src/Illuminate/Pipeline/Pipeline.php(209): Illuminate/Cookie/Middleware/EncryptCookies->handle(Object(Illuminate/Http/Request), Object(Closure))
#42 D:/FREELANCE/NONA/BengkelKu-POS/vendor/laravel/framework/src/Illuminate/Pipeline/Pipeline.php(127): Illuminate/Pipeline/Pipeline->Illuminate/Pipeline/{closure}(Object(Illuminate/Http/Request))
#43 D:/FREELANCE/NONA/BengkelKu-POS/vendor/laravel/framework/src/Illuminate/Routing/Router.php(807): Illuminate/Pipeline/Pipeline->then(Object(Closure))
#44 D:/FREELANCE/NONA/BengkelKu-POS/vendor/laravel/framework/src/Illuminate/Routing/Router.php(786): Illuminate/Routing/Router->runRouteWithinStack(Object(Illuminate/Routing/Route), Object(Illuminate/Http/Request))
#45 D:/FREELANCE/NONA/BengkelKu-POS/vendor/laravel/framework/src/Illuminate/Routing/Router.php(750): Illuminate/Routing/Router->runRoute(Object(Illuminate/Http/Request), Object(Illuminate/Routing/Route))
#46 D:/FREELANCE/NONA/BengkelKu-POS/vendor/laravel/framework/src/Illuminate/Routing/Router.php(739): Illuminate/Routing/Router->dispatchToRoute(Object(Illuminate/Http/Request))
#47 D:/FREELANCE/NONA/BengkelKu-POS/vendor/laravel/framework/src/Illuminate/Foundation/Http/Kernel.php(201): Illuminate/Routing/Router->dispatch(Object(Illuminate/Http/Request))
#48 D:/FREELANCE/NONA/BengkelKu-POS/vendor/laravel/framework/src/Illuminate/Pipeline/Pipeline.php(170): Illuminate/Foundation/Http/Kernel->Illuminate/Foundation/Http/{closure}(Object(Illuminate/Http/Request))
#49 D:/FREELANCE/NONA/BengkelKu-POS/vendor/livewire/livewire/src/Features/SupportDisablingBackButtonCache/DisableBackButtonCacheMiddleware.php(19): Illuminate/Pipeline/Pipeline->Illuminate/Pipeline/{closure}(Object(Illuminate/Http/Request))
#50 D:/FREELANCE/NONA/BengkelKu-POS/vendor/laravel/framework/src/Illuminate/Pipeline/Pipeline.php(209): Livewire/Features/SupportDisablingBackButtonCache/DisableBackButtonCacheMiddleware->handle(Object(Illuminate/Http/Request), Object(Closure))
#51 D:/FREELANCE/NONA/BengkelKu-POS/vendor/laravel/framework/src/Illuminate/Foundation/Http/Middleware/ConvertEmptyStringsToNull.php(27): Illuminate/Pipeline/Pipeline->Illuminate/Pipeline/{closure}(Object(Illuminate/Http/Request))
#52 D:/FREELANCE/NONA/BengkelKu-POS/vendor/laravel/framework/src/Illuminate/Pipeline/Pipeline.php(209): Illuminate/Foundation/Http/Middleware/ConvertEmptyStringsToNull->handle(Object(Illuminate/Http/Request), Object(Closure))
#53 D:/FREELANCE/NONA/BengkelKu-POS/vendor/laravel/framework/src/Illuminate/Foundation/Http/Middleware/TrimStrings.php(47): Illuminate/Pipeline/Pipeline->Illuminate/Pipeline/{closure}(Object(Illuminate/Http/Request))
#54 D:/FREELANCE/NONA/BengkelKu-POS/vendor/laravel/framework/src/Illuminate/Pipeline/Pipeline.php(209): Illuminate/Foundation/Http/Middleware/TrimStrings->handle(Object(Illuminate/Http/Request), Object(Closure))
#55 D:/FREELANCE/NONA/BengkelKu-POS/vendor/laravel/framework/src/Illuminate/Http/Middleware/ValidatePostSize.php(27): Illuminate/Pipeline/Pipeline->Illuminate/Pipeline/{closure}(Object(Illuminate/Http/Request))
#56 D:/FREELANCE/NONA/BengkelKu-POS/vendor/laravel/framework/src/Illuminate/Pipeline/Pipeline.php(209): Illuminate/Http/Middleware/ValidatePostSize->handle(Object(Illuminate/Http/Request), Object(Closure))
#57 D:/FREELANCE/NONA/BengkelKu-POS/vendor/laravel/framework/src/Illuminate/Foundation/Http/Middleware/PreventRequestsDuringMaintenance.php(110): Illuminate/Pipeline/Pipeline->Illuminate/Pipeline/{closure}(Object(Illuminate/Http/Request))
#58 D:/FREELANCE/NONA/BengkelKu-POS/vendor/laravel/framework/src/Illuminate/Pipeline/Pipeline.php(209): Illuminate/Foundation/Http/Middleware/PreventRequestsDuringMaintenance->handle(Object(Illuminate/Http/Request), Object(Closure))
#59 D:/FREELANCE/NONA/BengkelKu-POS/vendor/laravel/framework/src/Illuminate/Http/Middleware/HandleCors.php(49): Illuminate/Pipeline/Pipeline->Illuminate/Pipeline/{closure}(Object(Illuminate/Http/Request))
#60 D:/FREELANCE/NONA/BengkelKu-POS/vendor/laravel/framework/src/Illuminate/Pipeline/Pipeline.php(209): Illuminate/Http/Middleware/HandleCors->handle(Object(Illuminate/Http/Request), Object(Closure))
#61 D:/FREELANCE/NONA/BengkelKu-POS/vendor/laravel/framework/src/Illuminate/Http/Middleware/TrustProxies.php(58): Illuminate/Pipeline/Pipeline->Illuminate/Pipeline/{closure}(Object(Illuminate/Http/Request))
#62 D:/FREELANCE/NONA/BengkelKu-POS/vendor/laravel/framework/src/Illuminate/Pipeline/Pipeline.php(209): Illuminate/Http/Middleware/TrustProxies->handle(Object(Illuminate/Http/Request), Object(Closure))
#63 D:/FREELANCE/NONA/BengkelKu-POS/vendor/laravel/framework/src/Illuminate/Foundation/Http/Middleware/InvokeDeferredCallbacks.php(22): Illuminate/Pipeline/Pipeline->Illuminate/Pipeline/{closure}(Object(Illuminate/Http/Request))
#64 D:/FREELANCE/NONA/BengkelKu-POS/vendor/laravel/framework/src/Illuminate/Pipeline/Pipeline.php(209): Illuminate/Foundation/Http/Middleware/InvokeDeferredCallbacks->handle(Object(Illuminate/Http/Request), Object(Closure))
#65 D:/FREELANCE/NONA/BengkelKu-POS/vendor/laravel/framework/src/Illuminate/Pipeline/Pipeline.php(127): Illuminate/Pipeline/Pipeline->Illuminate/Pipeline/{closure}(Object(Illuminate/Http/Request))
#66 D:/FREELANCE/NONA/BengkelKu-POS/vendor/laravel/framework/src/Illuminate/Foundation/Http/Kernel.php(176): Illuminate/Pipeline/Pipeline->then(Object(Closure))
#67 D:/FREELANCE/NONA/BengkelKu-POS/vendor/laravel/framework/src/Illuminate/Foundation/Http/Kernel.php(145): Illuminate/Foundation/Http/Kernel->sendRequestThroughRouter(Object(Illuminate/Http/Request))
#68 D:/FREELANCE/NONA/BengkelKu-POS/public/index.php(19): Illuminate/Foundation/Http/Kernel->handle(Object(Illuminate/Http/Request))
#69 D:/FREELANCE/NONA/BengkelKu-POS/vendor/laravel/framework/src/Illuminate/Foundation/resources/server.php(23): require_once('D://FREELANCE//NO...')
#70 {main}
"} 
[2026-08-31 08:00:49] local.ERROR: include(D:\FREELANCE\NONA\BengkelKu-POS\app\Livewire\Customer\Index.php): Failed to open stream: No such file or directory {"exception":"[object] (ErrorException(code: 0): include(D:\\FREELANCE\\NONA\\BengkelKu-POS\\app\\Livewire\\Customer\\Index.php): Failed to open stream: No such file or directory at D:/FREELANCE/NONA/BengkelKu-POS/vendor/composer/ClassLoader.php:576)
[stacktrace]
#0 D:/FREELANCE/NONA/BengkelKu-POS/vendor/laravel/framework/src/Illuminate/Foundation/Bootstrap/HandleExceptions.php(258): Illuminate/Foundation/Bootstrap/HandleExceptions->handleError(2, 'include(D://FREE...', 'D://FREELANCE//NO...', 576)
#1 D:/FREELANCE/NONA/BengkelKu-POS/vendor/composer/ClassLoader.php(576): Illuminate/Foundation/Bootstrap/HandleExceptions->Illuminate/Foundation/Bootstrap/{closure}(2, 'include(D://FREE...', 'D://FREELANCE//NO...', 576)
#2 D:/FREELANCE/NONA/BengkelKu-POS/vendor/composer/ClassLoader.php(576): include('D://FREELANCE//NO...')
#3 D:/FREELANCE/NONA/BengkelKu-POS/vendor/composer/ClassLoader.php(427): Composer/Autoload/{closure}('D://FREELANCE//NO...')
#4 [internal function]: Composer/Autoload/ClassLoader->loadClass('App//Livewire//Cu...')
#5 D:/FREELANCE/NONA/BengkelKu-POS/vendor/laravel/framework/src/Illuminate/Routing/RouteAction.php(91): method_exists('App//Livewire//Cu...', '__invoke')
#6 D:/FREELANCE/NONA/BengkelKu-POS/vendor/laravel/framework/src/Illuminate/Routing/RouteAction.php(47): Illuminate/Routing/RouteAction::makeInvokable('App//Livewire//Cu...')
#7 D:/FREELANCE/NONA/BengkelKu-POS/vendor/laravel/framework/src/Illuminate/Routing/Route.php(198): Illuminate/Routing/RouteAction::parse('customers', Array)
#8 D:/FREELANCE/NONA/BengkelKu-POS/vendor/laravel/framework/src/Illuminate/Routing/Route.php(179): Illuminate/Routing/Route->parseAction(Array)
#9 D:/FREELANCE/NONA/BengkelKu-POS/vendor/laravel/framework/src/Illuminate/Routing/Router.php(671): Illuminate/Routing/Route->__construct(Array, 'customers', Array)
#10 D:/FREELANCE/NONA/BengkelKu-POS/vendor/laravel/framework/src/Illuminate/Routing/Router.php(563): Illuminate/Routing/Router->newRoute(Array, 'customers', Array)
#11 D:/FREELANCE/NONA/BengkelKu-POS/vendor/laravel/framework/src/Illuminate/Routing/Router.php(543): Illuminate/Routing/Router->createRoute(Array, '/customers', Array)
#12 D:/FREELANCE/NONA/BengkelKu-POS/vendor/laravel/framework/src/Illuminate/Routing/Router.php(161): Illuminate/Routing/Router->addRoute(Array, '/customers', 'App//Livewire//Cu...')
#13 D:/FREELANCE/NONA/BengkelKu-POS/vendor/laravel/framework/src/Illuminate/Support/Facades/Facade.php(361): Illuminate/Routing/Router->get('/customers', 'App//Livewire//Cu...')
#14 D:/FREELANCE/NONA/BengkelKu-POS/routes/web.php(46): Illuminate/Support/Facades/Facade::__callStatic('get', Array)
#15 D:/FREELANCE/NONA/BengkelKu-POS/vendor/laravel/framework/src/Illuminate/Routing/Router.php(511): Illuminate/Routing/RouteFileRegistrar->{closure}(Object(Illuminate/Routing/Router))
#16 D:/FREELANCE/NONA/BengkelKu-POS/vendor/laravel/framework/src/Illuminate/Routing/Router.php(467): Illuminate/Routing/Router->loadRoutes(Object(Closure))
#17 D:/FREELANCE/NONA/BengkelKu-POS/vendor/laravel/framework/src/Illuminate/Routing/RouteRegistrar.php(207): Illuminate/Routing/Router->group(Array, Object(Closure))
#18 D:/FREELANCE/NONA/BengkelKu-POS/routes/web.php(36): Illuminate/Routing/RouteRegistrar->group(Object(Closure))
#19 D:/FREELANCE/NONA/BengkelKu-POS/vendor/laravel/framework/src/Illuminate/Routing/RouteFileRegistrar.php(35): require('D://FREELANCE//NO...')
#20 D:/FREELANCE/NONA/BengkelKu-POS/vendor/laravel/framework/src/Illuminate/Routing/Router.php(513): Illuminate/Routing/RouteFileRegistrar->register('D://FREELANCE//NO...')
#21 D:/FREELANCE/NONA/BengkelKu-POS/vendor/laravel/framework/src/Illuminate/Routing/Router.php(467): Illuminate/Routing/Router->loadRoutes('D://FREELANCE//NO...')
#22 D:/FREELANCE/NONA/BengkelKu-POS/vendor/laravel/framework/src/Illuminate/Routing/RouteRegistrar.php(207): Illuminate/Routing/Router->group(Array, 'D://FREELANCE//NO...')
#23 D:/FREELANCE/NONA/BengkelKu-POS/vendor/laravel/framework/src/Illuminate/Foundation/Configuration/ApplicationBuilder.php(248): Illuminate/Routing/RouteRegistrar->group('D://FREELANCE//NO...')
#24 D:/FREELANCE/NONA/BengkelKu-POS/vendor/laravel/framework/src/Illuminate/Container/BoundMethod.php(36): Illuminate/Foundation/Configuration/ApplicationBuilder->Illuminate/Foundation/Configuration/{closure}()
#25 D:/FREELANCE/NONA/BengkelKu-POS/vendor/laravel/framework/src/Illuminate/Container/Util.php(43): Illuminate/Container/BoundMethod::Illuminate/Container/{closure}()
#26 D:/FREELANCE/NONA/BengkelKu-POS/vendor/laravel/framework/src/Illuminate/Container/BoundMethod.php(83): Illuminate/Container/Util::unwrapIfClosure(Object(Closure))
#27 D:/FREELANCE/NONA/BengkelKu-POS/vendor/laravel/framework/src/Illuminate/Container/BoundMethod.php(35): Illuminate/Container/BoundMethod::callBoundMethod(Object(Illuminate/Foundation/Application), Object(Closure), Object(Closure))
#28 D:/FREELANCE/NONA/BengkelKu-POS/vendor/laravel/framework/src/Illuminate/Container/Container.php(696): Illuminate/Container/BoundMethod::call(Object(Illuminate/Foundation/Application), Object(Closure), Array, NULL)
#29 D:/FREELANCE/NONA/BengkelKu-POS/vendor/laravel/framework/src/Illuminate/Foundation/Support/Providers/RouteServiceProvider.php(162): Illuminate/Container/Container->call(Object(Closure))
#30 D:/FREELANCE/NONA/BengkelKu-POS/vendor/laravel/framework/src/Illuminate/Foundation/Support/Providers/RouteServiceProvider.php(59): Illuminate/Foundation/Support/Providers/RouteServiceProvider->loadRoutes()
#31 D:/FREELANCE/NONA/BengkelKu-POS/vendor/laravel/framework/src/Illuminate/Container/BoundMethod.php(36): Illuminate/Foundation/Support/Providers/RouteServiceProvider->Illuminate/Foundation/Support/Providers/{closure}()
#32 D:/FREELANCE/NONA/BengkelKu-POS/vendor/laravel/framework/src/Illuminate/Container/Util.php(43): Illuminate/Container/BoundMethod::Illuminate/Container/{closure}()
#33 D:/FREELANCE/NONA/BengkelKu-POS/vendor/laravel/framework/src/Illuminate/Container/BoundMethod.php(83): Illuminate/Container/Util::unwrapIfClosure(Object(Closure))
#34 D:/FREELANCE/NONA/BengkelKu-POS/vendor/laravel/framework/src/Illuminate/Container/BoundMethod.php(35): Illuminate/Container/BoundMethod::callBoundMethod(Object(Illuminate/Foundation/Application), Object(Closure), Object(Closure))
#35 D:/FREELANCE/NONA/BengkelKu-POS/vendor/laravel/framework/src/Illuminate/Container/Container.php(696): Illuminate/Container/BoundMethod::call(Object(Illuminate/Foundation/Application), Object(Closure), Array, NULL)
#36 D:/FREELANCE/NONA/BengkelKu-POS/vendor/laravel/framework/src/Illuminate/Support/ServiceProvider.php(144): Illuminate/Container/Container->call(Object(Closure))
#37 D:/FREELANCE/NONA/BengkelKu-POS/vendor/laravel/framework/src/Illuminate/Foundation/Application.php(1154): Illuminate/Support/ServiceProvider->callBootedCallbacks()
#38 D:/FREELANCE/NONA/BengkelKu-POS/vendor/laravel/framework/src/Illuminate/Foundation/Application.php(1132): Illuminate/Foundation/Application->bootProvider(Object(Illuminate/Foundation/Support/Providers/RouteServiceProvider))
#39 [internal function]: Illuminate/Foundation/Application->Illuminate/Foundation/{closure}(Object(Illuminate/Foundation/Support/Providers/RouteServiceProvider), 'Illuminate//Foun...')
#40 D:/FREELANCE/NONA/BengkelKu-POS/vendor/laravel/framework/src/Illuminate/Foundation/Application.php(1131): array_walk(Array, Object(Closure))
#41 D:/FREELANCE/NONA/BengkelKu-POS/vendor/laravel/framework/src/Illuminate/Foundation/Bootstrap/BootProviders.php(17): Illuminate/Foundation/Application->boot()
#42 D:/FREELANCE/NONA/BengkelKu-POS/vendor/laravel/framework/src/Illuminate/Foundation/Application.php(342): Illuminate/Foundation/Bootstrap/BootProviders->bootstrap(Object(Illuminate/Foundation/Application))
#43 D:/FREELANCE/NONA/BengkelKu-POS/vendor/laravel/framework/src/Illuminate/Foundation/Http/Kernel.php(187): Illuminate/Foundation/Application->bootstrapWith(Array)
#44 D:/FREELANCE/NONA/BengkelKu-POS/vendor/laravel/framework/src/Illuminate/Foundation/Http/Kernel.php(171): Illuminate/Foundation/Http/Kernel->bootstrap()
#45 D:/FREELANCE/NONA/BengkelKu-POS/vendor/laravel/framework/src/Illuminate/Foundation/Http/Kernel.php(145): Illuminate/Foundation/Http/Kernel->sendRequestThroughRouter(Object(Illuminate/Http/Request))
#46 D:/FREELANCE/NONA/BengkelKu-POS/public/index.php(19): Illuminate/Foundation/Http/Kernel->handle(Object(Illuminate/Http/Request))
#47 D:/FREELANCE/NONA/BengkelKu-POS/vendor/laravel/framework/src/Illuminate/Foundation/resources/server.php(23): require_once('D://FREELANCE//NO...')
#48 {main}
"} 
[2026-08-31 09:41:02] local.ERROR: SQLSTATE[HY000] [2002] No connection could be made because the target machine actively refused it (Connection: mysql, SQL: select exists (select 1 from information_schema.tables where table_schema = 'bengkelPOS' and table_name = 'migrations' and table_type in ('BASE TABLE', 'SYSTEM VERSIONED')) as `exists`) {"exception":"[object] (Illuminate\\Database\\QueryException(code: 2002): SQLSTATE[HY000] [2002] No connection could be made because the target machine actively refused it (Connection: mysql, SQL: select exists (select 1 from information_schema.tables where table_schema = 'bengkelPOS' and table_name = 'migrations' and table_type in ('BASE TABLE', 'SYSTEM VERSIONED')) as `exists`) at D:/FREELANCE/NONA/BengkelKu-POS/vendor/laravel/framework/src/Illuminate/Database/Connection.php:825)
[stacktrace]
#0 D:/FREELANCE/NONA/BengkelKu-POS/vendor/laravel/framework/src/Illuminate/Database/Connection.php(979): Illuminate/Database/Connection->runQueryCallback('select exists (...', Array, Object(Closure))
#1 D:/FREELANCE/NONA/BengkelKu-POS/vendor/laravel/framework/src/Illuminate/Database/Connection.php(958): Illuminate/Database/Connection->tryAgainIfCausedByLostConnection(Object(Illuminate/Database/QueryException), 'select exists (...', Array, Object(Closure))
#2 D:/FREELANCE/NONA/BengkelKu-POS/vendor/laravel/framework/src/Illuminate/Database/Connection.php(781): Illuminate/Database/Connection->handleQueryException(Object(Illuminate/Database/QueryException), 'select exists (...', Array, Object(Closure))
#3 D:/FREELANCE/NONA/BengkelKu-POS/vendor/laravel/framework/src/Illuminate/Database/Connection.php(398): Illuminate/Database/Connection->run('select exists (...', Array, Object(Closure))
#4 D:/FREELANCE/NONA/BengkelKu-POS/vendor/laravel/framework/src/Illuminate/Database/Connection.php(344): Illuminate/Database/Connection->select('select exists (...', Array, true)
#5 D:/FREELANCE/NONA/BengkelKu-POS/vendor/laravel/framework/src/Illuminate/Database/Connection.php(361): Illuminate/Database/Connection->selectOne('select exists (...', Array, true)
#6 D:/FREELANCE/NONA/BengkelKu-POS/vendor/laravel/framework/src/Illuminate/Database/Schema/MySqlBuilder.php(45): Illuminate/Database/Connection->scalar('select exists (...')
#7 D:/FREELANCE/NONA/BengkelKu-POS/vendor/laravel/framework/src/Illuminate/Database/Migrations/DatabaseMigrationRepository.php(184): Illuminate/Database/Schema/MySqlBuilder->hasTable('migrations')
#8 D:/FREELANCE/NONA/BengkelKu-POS/vendor/laravel/framework/src/Illuminate/Database/Migrations/Migrator.php(742): Illuminate/Database/Migrations/DatabaseMigrationRepository->repositoryExists()
#9 D:/FREELANCE/NONA/BengkelKu-POS/vendor/laravel/framework/src/Illuminate/Database/Console/Migrations/MigrateCommand.php(165): Illuminate/Database/Migrations/Migrator->repositoryExists()
#10 D:/FREELANCE/NONA/BengkelKu-POS/vendor/laravel/framework/src/Illuminate/Support/helpers.php(338): Illuminate/Database/Console/Migrations/MigrateCommand->Illuminate/Database/Console/Migrations/{closure}(1)
#11 D:/FREELANCE/NONA/BengkelKu-POS/vendor/laravel/framework/src/Illuminate/Database/Console/Migrations/MigrateCommand.php(165): retry(1, Object(Closure), 0, Object(Closure))
#12 D:/FREELANCE/NONA/BengkelKu-POS/vendor/laravel/framework/src/Illuminate/Database/Console/Migrations/MigrateCommand.php(141): Illuminate/Database/Console/Migrations/MigrateCommand->repositoryExists()
#13 D:/FREELANCE/NONA/BengkelKu-POS/vendor/laravel/framework/src/Illuminate/Database/Console/Migrations/MigrateCommand.php(111): Illuminate/Database/Console/Migrations/MigrateCommand->prepareDatabase()
#14 D:/FREELANCE/NONA/BengkelKu-POS/vendor/laravel/framework/src/Illuminate/Database/Migrations/Migrator.php(658): Illuminate/Database/Console/Migrations/MigrateCommand->Illuminate/Database/Console/Migrations/{closure}()
#15 D:/FREELANCE/NONA/BengkelKu-POS/vendor/laravel/framework/src/Illuminate/Database/Console/Migrations/MigrateCommand.php(110): Illuminate/Database/Migrations/Migrator->usingConnection(NULL, Object(Closure))
#16 D:/FREELANCE/NONA/BengkelKu-POS/vendor/laravel/framework/src/Illuminate/Database/Console/Migrations/MigrateCommand.php(89): Illuminate/Database/Console/Migrations/MigrateCommand->runMigrations()
#17 D:/FREELANCE/NONA/BengkelKu-POS/vendor/laravel/framework/src/Illuminate/Container/BoundMethod.php(36): Illuminate/Database/Console/Migrations/MigrateCommand->handle()
#18 D:/FREELANCE/NONA/BengkelKu-POS/vendor/laravel/framework/src/Illuminate/Container/Util.php(43): Illuminate/Container/BoundMethod::Illuminate/Container/{closure}()
#19 D:/FREELANCE/NONA/BengkelKu-POS/vendor/laravel/framework/src/Illuminate/Container/BoundMethod.php(95): Illuminate/Container/Util::unwrapIfClosure(Object(Closure))
#20 D:/FREELANCE/NONA/BengkelKu-POS/vendor/laravel/framework/src/Illuminate/Container/BoundMethod.php(35): Illuminate/Container/BoundMethod::callBoundMethod(Object(Illuminate/Foundation/Application), Array, Object(Closure))
#21 D:/FREELANCE/NONA/BengkelKu-POS/vendor/laravel/framework/src/Illuminate/Container/Container.php(696): Illuminate/Container/BoundMethod::call(Object(Illuminate/Foundation/Application), Array, Array, NULL)
#22 D:/FREELANCE/NONA/BengkelKu-POS/vendor/laravel/framework/src/Illuminate/Console/Command.php(213): Illuminate/Container/Container->call(Array)
#23 D:/FREELANCE/NONA/BengkelKu-POS/vendor/symfony/console/Command/Command.php(341): Illuminate/Console/Command->execute(Object(Symfony/Component/Console/Input/ArgvInput), Object(Illuminate/Console/OutputStyle))
#24 D:/FREELANCE/NONA/BengkelKu-POS/vendor/laravel/framework/src/Illuminate/Console/Command.php(182): Symfony/Component/Console/Command/Command->run(Object(Symfony/Component/Console/Input/ArgvInput), Object(Illuminate/Console/OutputStyle))
#25 D:/FREELANCE/NONA/BengkelKu-POS/vendor/symfony/console/Application.php(1117): Illuminate/Console/Command->run(Object(Symfony/Component/Console/Input/ArgvInput), Object(Symfony/Component/Console/Output/ConsoleOutput))
#26 D:/FREELANCE/NONA/BengkelKu-POS/vendor/symfony/console/Application.php(356): Symfony/Component/Console/Application->doRunCommand(Object(Illuminate/Database/Console/Migrations/MigrateCommand), Object(Symfony/Component/Console/Input/ArgvInput), Object(Symfony/Component/Console/Output/ConsoleOutput))
#27 D:/FREELANCE/NONA/BengkelKu-POS/vendor/symfony/console/Application.php(195): Symfony/Component/Console/Application->doRun(Object(Symfony/Component/Console/Input/ArgvInput), Object(Symfony/Component/Console/Output/ConsoleOutput))
#28 D:/FREELANCE/NONA/BengkelKu-POS/vendor/laravel/framework/src/Illuminate/Foundation/Console/Kernel.php(198): Symfony/Component/Console/Application->run(Object(Symfony/Component/Console/Input/ArgvInput), Object(Symfony/Component/Console/Output/ConsoleOutput))
#29 D:/FREELANCE/NONA/BengkelKu-POS/artisan(12): Illuminate/Foundation/Console/Kernel->handle(Object(Symfony/Component/Console/Input/ArgvInput), Object(Symfony/Component/Console/Output/ConsoleOutput))
#30 {main}

[previous exception] [object] (PDOException(code: 2002): SQLSTATE[HY000] [2002] No connection could be made because the target machine actively refused it at D:/FREELANCE/NONA/BengkelKu-POS/vendor/laravel/framework/src/Illuminate/Database/Connectors/Connector.php:66)
[stacktrace]
#0 D:/FREELANCE/NONA/BengkelKu-POS/vendor/laravel/framework/src/Illuminate/Database/Connectors/Connector.php(66): PDO->__construct('mysql:host=127....', 'root', Object(SensitiveParameterValue), Array)
#1 D:/FREELANCE/NONA/BengkelKu-POS/vendor/laravel/framework/src/Illuminate/Database/Connectors/Connector.php(85): Illuminate/Database/Connectors/Connector->createPdoConnection('mysql:host=127....', 'root', Object(SensitiveParameterValue), Array)
#2 D:/FREELANCE/NONA/BengkelKu-POS/vendor/laravel/framework/src/Illuminate/Database/Connectors/Connector.php(48): Illuminate/Database/Connectors/Connector->tryAgainIfCausedByLostConnection(Object(PDOException), 'mysql:host=127....', 'root', Object(SensitiveParameterValue), Array)
#3 D:/FREELANCE/NONA/BengkelKu-POS/vendor/laravel/framework/src/Illuminate/Database/Connectors/MySqlConnector.php(24): Illuminate/Database/Connectors/Connector->createConnection('mysql:host=127....', Array, Array)
#4 D:/FREELANCE/NONA/BengkelKu-POS/vendor/laravel/framework/src/Illuminate/Database/Connectors/ConnectionFactory.php(185): Illuminate/Database/Connectors/MySqlConnector->connect(Array)
#5 [internal function]: Illuminate/Database/Connectors/ConnectionFactory->Illuminate/Database/Connectors/{closure}()
#6 D:/FREELANCE/NONA/BengkelKu-POS/vendor/laravel/framework/src/Illuminate/Database/Connection.php(1231): call_user_func(Object(Closure))
#7 D:/FREELANCE/NONA/BengkelKu-POS/vendor/laravel/framework/src/Illuminate/Database/Connection.php(1267): Illuminate/Database/Connection->getPdo()
#8 D:/FREELANCE/NONA/BengkelKu-POS/vendor/laravel/framework/src/Illuminate/Database/Connection.php(512): Illuminate/Database/Connection->getReadPdo()
#9 D:/FREELANCE/NONA/BengkelKu-POS/vendor/laravel/framework/src/Illuminate/Database/Connection.php(407): Illuminate/Database/Connection->getPdoForSelect(true)
#10 D:/FREELANCE/NONA/BengkelKu-POS/vendor/laravel/framework/src/Illuminate/Database/Connection.php(812): Illuminate/Database/Connection->Illuminate/Database/{closure}('select exists (...', Array)
#11 D:/FREELANCE/NONA/BengkelKu-POS/vendor/laravel/framework/src/Illuminate/Database/Connection.php(979): Illuminate/Database/Connection->runQueryCallback('select exists (...', Array, Object(Closure))
#12 D:/FREELANCE/NONA/BengkelKu-POS/vendor/laravel/framework/src/Illuminate/Database/Connection.php(958): Illuminate/Database/Connection->tryAgainIfCausedByLostConnection(Object(Illuminate/Database/QueryException), 'select exists (...', Array, Object(Closure))
#13 D:/FREELANCE/NONA/BengkelKu-POS/vendor/laravel/framework/src/Illuminate/Database/Connection.php(781): Illuminate/Database/Connection->handleQueryException(Object(Illuminate/Database/QueryException), 'select exists (...', Array, Object(Closure))
#14 D:/FREELANCE/NONA/BengkelKu-POS/vendor/laravel/framework/src/Illuminate/Database/Connection.php(398): Illuminate/Database/Connection->run('select exists (...', Array, Object(Closure))
#15 D:/FREELANCE/NONA/BengkelKu-POS/vendor/laravel/framework/src/Illuminate/Database/Connection.php(344): Illuminate/Database/Connection->select('select exists (...', Array, true)
#16 D:/FREELANCE/NONA/BengkelKu-POS/vendor/laravel/framework/src/Illuminate/Database/Connection.php(361): Illuminate/Database/Connection->selectOne('select exists (...', Array, true)
#17 D:/FREELANCE/NONA/BengkelKu-POS/vendor/laravel/framework/src/Illuminate/Database/Schema/MySqlBuilder.php(45): Illuminate/Database/Connection->scalar('select exists (...')
#18 D:/FREELANCE/NONA/BengkelKu-POS/vendor/laravel/framework/src/Illuminate/Database/Migrations/DatabaseMigrationRepository.php(184): Illuminate/Database/Schema/MySqlBuilder->hasTable('migrations')
#19 D:/FREELANCE/NONA/BengkelKu-POS/vendor/laravel/framework/src/Illuminate/Database/Migrations/Migrator.php(742): Illuminate/Database/Migrations/DatabaseMigrationRepository->repositoryExists()
#20 D:/FREELANCE/NONA/BengkelKu-POS/vendor/laravel/framework/src/Illuminate/Database/Console/Migrations/MigrateCommand.php(165): Illuminate/Database/Migrations/Migrator->repositoryExists()
#21 D:/FREELANCE/NONA/BengkelKu-POS/vendor/laravel/framework/src/Illuminate/Support/helpers.php(338): Illuminate/Database/Console/Migrations/MigrateCommand->Illuminate/Database/Console/Migrations/{closure}(1)
#22 D:/FREELANCE/NONA/BengkelKu-POS/vendor/laravel/framework/src/Illuminate/Database/Console/Migrations/MigrateCommand.php(165): retry(1, Object(Closure), 0, Object(Closure))
#23 D:/FREELANCE/NONA/BengkelKu-POS/vendor/laravel/framework/src/Illuminate/Database/Console/Migrations/MigrateCommand.php(141): Illuminate/Database/Console/Migrations/MigrateCommand->repositoryExists()
#24 D:/FREELANCE/NONA/BengkelKu-POS/vendor/laravel/framework/src/Illuminate/Database/Console/Migrations/MigrateCommand.php(111): Illuminate/Database/Console/Migrations/MigrateCommand->prepareDatabase()
#25 D:/FREELANCE/NONA/BengkelKu-POS/vendor/laravel/framework/src/Illuminate/Database/Migrations/Migrator.php(658): Illuminate/Database/Console/Migrations/MigrateCommand->Illuminate/Database/Console/Migrations/{closure}()
#26 D:/FREELANCE/NONA/BengkelKu-POS/vendor/laravel/framework/src/Illuminate/Database/Console/Migrations/MigrateCommand.php(110): Illuminate/Database/Migrations/Migrator->usingConnection(NULL, Object(Closure))
#27 D:/FREELANCE/NONA/BengkelKu-POS/vendor/laravel/framework/src/Illuminate/Database/Console/Migrations/MigrateCommand.php(89): Illuminate/Database/Console/Migrations/MigrateCommand->runMigrations()
#28 D:/FREELANCE/NONA/BengkelKu-POS/vendor/laravel/framework/src/Illuminate/Container/BoundMethod.php(36): Illuminate/Database/Console/Migrations/MigrateCommand->handle()
#29 D:/FREELANCE/NONA/BengkelKu-POS/vendor/laravel/framework/src/Illuminate/Container/Util.php(43): Illuminate/Container/BoundMethod::Illuminate/Container/{closure}()
#30 D:/FREELANCE/NONA/BengkelKu-POS/vendor/laravel/framework/src/Illuminate/Container/BoundMethod.php(95): Illuminate/Container/Util::unwrapIfClosure(Object(Closure))
#31 D:/FREELANCE/NONA/BengkelKu-POS/vendor/laravel/framework/src/Illuminate/Container/BoundMethod.php(35): Illuminate/Container/BoundMethod::callBoundMethod(Object(Illuminate/Foundation/Application), Array, Object(Closure))
#32 D:/FREELANCE/NONA/BengkelKu-POS/vendor/laravel/framework/src/Illuminate/Container/Container.php(696): Illuminate/Container/BoundMethod::call(Object(Illuminate/Foundation/Application), Array, Array, NULL)
#33 D:/FREELANCE/NONA/BengkelKu-POS/vendor/laravel/framework/src/Illuminate/Console/Command.php(213): Illuminate/Container/Container->call(Array)
#34 D:/FREELANCE/NONA/BengkelKu-POS/vendor/symfony/console/Command/Command.php(341): Illuminate/Console/Command->execute(Object(Symfony/Component/Console/Input/ArgvInput), Object(Illuminate/Console/OutputStyle))
#35 D:/FREELANCE/NONA/BengkelKu-POS/vendor/laravel/framework/src/Illuminate/Console/Command.php(182): Symfony/Component/Console/Command/Command->run(Object(Symfony/Component/Console/Input/ArgvInput), Object(Illuminate/Console/OutputStyle))
#36 D:/FREELANCE/NONA/BengkelKu-POS/vendor/symfony/console/Application.php(1117): Illuminate/Console/Command->run(Object(Symfony/Component/Console/Input/ArgvInput), Object(Symfony/Component/Console/Output/ConsoleOutput))
#37 D:/FREELANCE/NONA/BengkelKu-POS/vendor/symfony/console/Application.php(356): Symfony/Component/Console/Application->doRunCommand(Object(Illuminate/Database/Console/Migrations/MigrateCommand), Object(Symfony/Component/Console/Input/ArgvInput), Object(Symfony/Component/Console/Output/ConsoleOutput))
#38 D:/FREELANCE/NONA/BengkelKu-POS/vendor/symfony/console/Application.php(195): Symfony/Component/Console/Application->doRun(Object(Symfony/Component/Console/Input/ArgvInput), Object(Symfony/Component/Console/Output/ConsoleOutput))
#39 D:/FREELANCE/NONA/BengkelKu-POS/vendor/laravel/framework/src/Illuminate/Foundation/Console/Kernel.php(198): Symfony/Component/Console/Application->run(Object(Symfony/Component/Console/Input/ArgvInput), Object(Symfony/Component/Console/Output/ConsoleOutput))
#40 D:/FREELANCE/NONA/BengkelKu-POS/artisan(12): Illuminate/Foundation/Console/Kernel->handle(Object(Symfony/Component/Console/Input/ArgvInput), Object(Symfony/Component/Console/Output/ConsoleOutput))
#41 {main}
"} 
[2026-08-31 10:20:53] local.ERROR: SQLSTATE[42S22]: Column not found: 1054 Unknown column 'status' in 'where clause' (Connection: mysql, SQL: select * from `service_reminders` where `status` = pending and date(`due_date`) <= 2026-09-03 order by `due_date` asc limit 50) {"exception":"[object] (Illuminate\\Database\\QueryException(code: 42S22): SQLSTATE[42S22]: Column not found: 1054 Unknown column 'status' in 'where clause' (Connection: mysql, SQL: select * from `service_reminders` where `status` = pending and date(`due_date`) <= 2026-09-03 order by `due_date` asc limit 50) at D:/FREELANCE/NONA/BengkelKu-POS/vendor/laravel/framework/src/Illuminate/Database/Connection.php:825)
[stacktrace]
#0 D:/FREELANCE/NONA/BengkelKu-POS/vendor/laravel/framework/src/Illuminate/Database/Connection.php(779): Illuminate/Database/Connection->runQueryCallback('select * from `...', Array, Object(Closure))
#1 D:/FREELANCE/NONA/BengkelKu-POS/vendor/laravel/framework/src/Illuminate/Database/Connection.php(398): Illuminate/Database/Connection->run('select * from `...', Array, Object(Closure))
#2 D:/FREELANCE/NONA/BengkelKu-POS/vendor/laravel/framework/src/Illuminate/Database/Query/Builder.php(3106): Illuminate/Database/Connection->select('select * from `...', Array, true)
#3 D:/FREELANCE/NONA/BengkelKu-POS/vendor/laravel/framework/src/Illuminate/Database/Query/Builder.php(3091): Illuminate/Database/Query/Builder->runSelect()
#4 D:/FREELANCE/NONA/BengkelKu-POS/vendor/laravel/framework/src/Illuminate/Database/Query/Builder.php(3676): Illuminate/Database/Query/Builder->Illuminate/Database/Query/{closure}()
#5 D:/FREELANCE/NONA/BengkelKu-POS/vendor/laravel/framework/src/Illuminate/Database/Query/Builder.php(3090): Illuminate/Database/Query/Builder->onceWithColumns(Array, Object(Closure))
#6 D:/FREELANCE/NONA/BengkelKu-POS/vendor/laravel/framework/src/Illuminate/Database/Eloquent/Builder.php(811): Illuminate/Database/Query/Builder->get(Array)
#7 D:/FREELANCE/NONA/BengkelKu-POS/vendor/laravel/framework/src/Illuminate/Database/Eloquent/Builder.php(793): Illuminate/Database/Eloquent/Builder->getModels(Array)
#8 D:/FREELANCE/NONA/BengkelKu-POS/app/Console/Commands/SendServiceReminders.php(35): Illuminate/Database/Eloquent/Builder->get()
#9 D:/FREELANCE/NONA/BengkelKu-POS/vendor/laravel/framework/src/Illuminate/Container/BoundMethod.php(36): App/Console/Commands/SendServiceReminders->handle(Object(App/Domains/CRM/Services/WhatsAppService))
#10 D:/FREELANCE/NONA/BengkelKu-POS/vendor/laravel/framework/src/Illuminate/Container/Util.php(43): Illuminate/Container/BoundMethod::Illuminate/Container/{closure}()
#11 D:/FREELANCE/NONA/BengkelKu-POS/vendor/laravel/framework/src/Illuminate/Container/BoundMethod.php(95): Illuminate/Container/Util::unwrapIfClosure(Object(Closure))
#12 D:/FREELANCE/NONA/BengkelKu-POS/vendor/laravel/framework/src/Illuminate/Container/BoundMethod.php(35): Illuminate/Container/BoundMethod::callBoundMethod(Object(Illuminate/Foundation/Application), Array, Object(Closure))
#13 D:/FREELANCE/NONA/BengkelKu-POS/vendor/laravel/framework/src/Illuminate/Container/Container.php(696): Illuminate/Container/BoundMethod::call(Object(Illuminate/Foundation/Application), Array, Array, NULL)
#14 D:/FREELANCE/NONA/BengkelKu-POS/vendor/laravel/framework/src/Illuminate/Console/Command.php(213): Illuminate/Container/Container->call(Array)
#15 D:/FREELANCE/NONA/BengkelKu-POS/vendor/symfony/console/Command/Command.php(341): Illuminate/Console/Command->execute(Object(Symfony/Component/Console/Input/ArgvInput), Object(Illuminate/Console/OutputStyle))
#16 D:/FREELANCE/NONA/BengkelKu-POS/vendor/laravel/framework/src/Illuminate/Console/Command.php(182): Symfony/Component/Console/Command/Command->run(Object(Symfony/Component/Console/Input/ArgvInput), Object(Illuminate/Console/OutputStyle))
#17 D:/FREELANCE/NONA/BengkelKu-POS/vendor/symfony/console/Application.php(1117): Illuminate/Console/Command->run(Object(Symfony/Component/Console/Input/ArgvInput), Object(Symfony/Component/Console/Output/ConsoleOutput))
#18 D:/FREELANCE/NONA/BengkelKu-POS/vendor/symfony/console/Application.php(356): Symfony/Component/Console/Application->doRunCommand(Object(App/Console/Commands/SendServiceReminders), Object(Symfony/Component/Console/Input/ArgvInput), Object(Symfony/Component/Console/Output/ConsoleOutput))
#19 D:/FREELANCE/NONA/BengkelKu-POS/vendor/symfony/console/Application.php(195): Symfony/Component/Console/Application->doRun(Object(Symfony/Component/Console/Input/ArgvInput), Object(Symfony/Component/Console/Output/ConsoleOutput))
#20 D:/FREELANCE/NONA/BengkelKu-POS/vendor/laravel/framework/src/Illuminate/Foundation/Console/Kernel.php(198): Symfony/Component/Console/Application->run(Object(Symfony/Component/Console/Input/ArgvInput), Object(Symfony/Component/Console/Output/ConsoleOutput))
#21 D:/FREELANCE/NONA/BengkelKu-POS/artisan(12): Illuminate/Foundation/Console/Kernel->handle(Object(Symfony/Component/Console/Input/ArgvInput), Object(Symfony/Component/Console/Output/ConsoleOutput))
#22 {main}

[previous exception] [object] (PDOException(code: 42S22): SQLSTATE[42S22]: Column not found: 1054 Unknown column 'status' in 'where clause' at D:/FREELANCE/NONA/BengkelKu-POS/vendor/laravel/framework/src/Illuminate/Database/Connection.php:407)
[stacktrace]
#0 D:/FREELANCE/NONA/BengkelKu-POS/vendor/laravel/framework/src/Illuminate/Database/Connection.php(407): PDO->prepare('select * from `...')
#1 D:/FREELANCE/NONA/BengkelKu-POS/vendor/laravel/framework/src/Illuminate/Database/Connection.php(812): Illuminate/Database/Connection->Illuminate/Database/{closure}('select * from `...', Array)
#2 D:/FREELANCE/NONA/BengkelKu-POS/vendor/laravel/framework/src/Illuminate/Database/Connection.php(779): Illuminate/Database/Connection->runQueryCallback('select * from `...', Array, Object(Closure))
#3 D:/FREELANCE/NONA/BengkelKu-POS/vendor/laravel/framework/src/Illuminate/Database/Connection.php(398): Illuminate/Database/Connection->run('select * from `...', Array, Object(Closure))
#4 D:/FREELANCE/NONA/BengkelKu-POS/vendor/laravel/framework/src/Illuminate/Database/Query/Builder.php(3106): Illuminate/Database/Connection->select('select * from `...', Array, true)
#5 D:/FREELANCE/NONA/BengkelKu-POS/vendor/laravel/framework/src/Illuminate/Database/Query/Builder.php(3091): Illuminate/Database/Query/Builder->runSelect()
#6 D:/FREELANCE/NONA/BengkelKu-POS/vendor/laravel/framework/src/Illuminate/Database/Query/Builder.php(3676): Illuminate/Database/Query/Builder->Illuminate/Database/Query/{closure}()
#7 D:/FREELANCE/NONA/BengkelKu-POS/vendor/laravel/framework/src/Illuminate/Database/Query/Builder.php(3090): Illuminate/Database/Query/Builder->onceWithColumns(Array, Object(Closure))
#8 D:/FREELANCE/NONA/BengkelKu-POS/vendor/laravel/framework/src/Illuminate/Database/Eloquent/Builder.php(811): Illuminate/Database/Query/Builder->get(Array)
#9 D:/FREELANCE/NONA/BengkelKu-POS/vendor/laravel/framework/src/Illuminate/Database/Eloquent/Builder.php(793): Illuminate/Database/Eloquent/Builder->getModels(Array)
#10 D:/FREELANCE/NONA/BengkelKu-POS/app/Console/Commands/SendServiceReminders.php(35): Illuminate/Database/Eloquent/Builder->get()
#11 D:/FREELANCE/NONA/BengkelKu-POS/vendor/laravel/framework/src/Illuminate/Container/BoundMethod.php(36): App/Console/Commands/SendServiceReminders->handle(Object(App/Domains/CRM/Services/WhatsAppService))
#12 D:/FREELANCE/NONA/BengkelKu-POS/vendor/laravel/framework/src/Illuminate/Container/Util.php(43): Illuminate/Container/BoundMethod::Illuminate/Container/{closure}()
#13 D:/FREELANCE/NONA/BengkelKu-POS/vendor/laravel/framework/src/Illuminate/Container/BoundMethod.php(95): Illuminate/Container/Util::unwrapIfClosure(Object(Closure))
#14 D:/FREELANCE/NONA/BengkelKu-POS/vendor/laravel/framework/src/Illuminate/Container/BoundMethod.php(35): Illuminate/Container/BoundMethod::callBoundMethod(Object(Illuminate/Foundation/Application), Array, Object(Closure))
#15 D:/FREELANCE/NONA/BengkelKu-POS/vendor/laravel/framework/src/Illuminate/Container/Container.php(696): Illuminate/Container/BoundMethod::call(Object(Illuminate/Foundation/Application), Array, Array, NULL)
#16 D:/FREELANCE/NONA/BengkelKu-POS/vendor/laravel/framework/src/Illuminate/Console/Command.php(213): Illuminate/Container/Container->call(Array)
#17 D:/FREELANCE/NONA/BengkelKu-POS/vendor/symfony/console/Command/Command.php(341): Illuminate/Console/Command->execute(Object(Symfony/Component/Console/Input/ArgvInput), Object(Illuminate/Console/OutputStyle))
#18 D:/FREELANCE/NONA/BengkelKu-POS/vendor/laravel/framework/src/Illuminate/Console/Command.php(182): Symfony/Component/Console/Command/Command->run(Object(Symfony/Component/Console/Input/ArgvInput), Object(Illuminate/Console/OutputStyle))
#19 D:/FREELANCE/NONA/BengkelKu-POS/vendor/symfony/console/Application.php(1117): Illuminate/Console/Command->run(Object(Symfony/Component/Console/Input/ArgvInput), Object(Symfony/Component/Console/Output/ConsoleOutput))
#20 D:/FREELANCE/NONA/BengkelKu-POS/vendor/symfony/console/Application.php(356): Symfony/Component/Console/Application->doRunCommand(Object(App/Console/Commands/SendServiceReminders), Object(Symfony/Component/Console/Input/ArgvInput), Object(Symfony/Component/Console/Output/ConsoleOutput))
#21 D:/FREELANCE/NONA/BengkelKu-POS/vendor/symfony/console/Application.php(195): Symfony/Component/Console/Application->doRun(Object(Symfony/Component/Console/Input/ArgvInput), Object(Symfony/Component/Console/Output/ConsoleOutput))
#22 D:/FREELANCE/NONA/BengkelKu-POS/vendor/laravel/framework/src/Illuminate/Foundation/Console/Kernel.php(198): Symfony/Component/Console/Application->run(Object(Symfony/Component/Console/Input/ArgvInput), Object(Symfony/Component/Console/Output/ConsoleOutput))
#23 D:/FREELANCE/NONA/BengkelKu-POS/artisan(12): Illuminate/Foundation/Console/Kernel->handle(Object(Symfony/Component/Console/Input/ArgvInput), Object(Symfony/Component/Console/Output/ConsoleOutput))
#24 {main}
"} 
[2026-08-31 10:45:27] local.ERROR: Invalid route action: [App\Livewire\Dashboard\OwnerDashboard]. {"exception":"[object] (UnexpectedValueException(code: 0): Invalid route action: [App\\Livewire\\Dashboard\\OwnerDashboard]. at D:/FREELANCE/NONA/BengkelKu-POS/vendor/laravel/framework/src/Illuminate/Routing/RouteAction.php:92)
[stacktrace]
#0 D:/FREELANCE/NONA/BengkelKu-POS/vendor/laravel/framework/src/Illuminate/Routing/RouteAction.php(47): Illuminate/Routing/RouteAction::makeInvokable('App//Livewire//Da...')
#1 D:/FREELANCE/NONA/BengkelKu-POS/vendor/laravel/framework/src/Illuminate/Routing/Route.php(198): Illuminate/Routing/RouteAction::parse('analitik', Array)
#2 D:/FREELANCE/NONA/BengkelKu-POS/vendor/laravel/framework/src/Illuminate/Routing/Route.php(179): Illuminate/Routing/Route->parseAction(Array)
#3 D:/FREELANCE/NONA/BengkelKu-POS/vendor/laravel/framework/src/Illuminate/Routing/Router.php(671): Illuminate/Routing/Route->__construct(Array, 'analitik', Array)
#4 D:/FREELANCE/NONA/BengkelKu-POS/vendor/laravel/framework/src/Illuminate/Routing/Router.php(563): Illuminate/Routing/Router->newRoute(Array, 'analitik', Array)
#5 D:/FREELANCE/NONA/BengkelKu-POS/vendor/laravel/framework/src/Illuminate/Routing/Router.php(543): Illuminate/Routing/Router->createRoute(Array, '/analitik', Array)
#6 D:/FREELANCE/NONA/BengkelKu-POS/vendor/laravel/framework/src/Illuminate/Routing/Router.php(161): Illuminate/Routing/Router->addRoute(Array, '/analitik', 'App//Livewire//Da...')
#7 D:/FREELANCE/NONA/BengkelKu-POS/vendor/laravel/framework/src/Illuminate/Support/Facades/Facade.php(361): Illuminate/Routing/Router->get('/analitik', 'App//Livewire//Da...')
#8 D:/FREELANCE/NONA/BengkelKu-POS/routes/web.php(50): Illuminate/Support/Facades/Facade::__callStatic('get', Array)
#9 D:/FREELANCE/NONA/BengkelKu-POS/vendor/laravel/framework/src/Illuminate/Routing/Router.php(511): Illuminate/Routing/RouteFileRegistrar->{closure}(Object(Illuminate/Routing/Router))
#10 D:/FREELANCE/NONA/BengkelKu-POS/vendor/laravel/framework/src/Illuminate/Routing/Router.php(467): Illuminate/Routing/Router->loadRoutes(Object(Closure))
#11 D:/FREELANCE/NONA/BengkelKu-POS/vendor/laravel/framework/src/Illuminate/Routing/RouteRegistrar.php(207): Illuminate/Routing/Router->group(Array, Object(Closure))
#12 D:/FREELANCE/NONA/BengkelKu-POS/routes/web.php(44): Illuminate/Routing/RouteRegistrar->group(Object(Closure))
#13 D:/FREELANCE/NONA/BengkelKu-POS/vendor/laravel/framework/src/Illuminate/Routing/RouteFileRegistrar.php(35): require('D://FREELANCE//NO...')
#14 D:/FREELANCE/NONA/BengkelKu-POS/vendor/laravel/framework/src/Illuminate/Routing/Router.php(513): Illuminate/Routing/RouteFileRegistrar->register('D://FREELANCE//NO...')
#15 D:/FREELANCE/NONA/BengkelKu-POS/vendor/laravel/framework/src/Illuminate/Routing/Router.php(467): Illuminate/Routing/Router->loadRoutes('D://FREELANCE//NO...')
#16 D:/FREELANCE/NONA/BengkelKu-POS/vendor/laravel/framework/src/Illuminate/Routing/RouteRegistrar.php(207): Illuminate/Routing/Router->group(Array, 'D://FREELANCE//NO...')
#17 D:/FREELANCE/NONA/BengkelKu-POS/vendor/laravel/framework/src/Illuminate/Foundation/Configuration/ApplicationBuilder.php(248): Illuminate/Routing/RouteRegistrar->group('D://FREELANCE//NO...')
#18 D:/FREELANCE/NONA/BengkelKu-POS/vendor/laravel/framework/src/Illuminate/Container/BoundMethod.php(36): Illuminate/Foundation/Configuration/ApplicationBuilder->Illuminate/Foundation/Configuration/{closure}()
#19 D:/FREELANCE/NONA/BengkelKu-POS/vendor/laravel/framework/src/Illuminate/Container/Util.php(43): Illuminate/Container/BoundMethod::Illuminate/Container/{closure}()
#20 D:/FREELANCE/NONA/BengkelKu-POS/vendor/laravel/framework/src/Illuminate/Container/BoundMethod.php(83): Illuminate/Container/Util::unwrapIfClosure(Object(Closure))
#21 D:/FREELANCE/NONA/BengkelKu-POS/vendor/laravel/framework/src/Illuminate/Container/BoundMethod.php(35): Illuminate/Container/BoundMethod::callBoundMethod(Object(Illuminate/Foundation/Application), Object(Closure), Object(Closure))
#22 D:/FREELANCE/NONA/BengkelKu-POS/vendor/laravel/framework/src/Illuminate/Container/Container.php(696): Illuminate/Container/BoundMethod::call(Object(Illuminate/Foundation/Application), Object(Closure), Array, NULL)
#23 D:/FREELANCE/NONA/BengkelKu-POS/vendor/laravel/framework/src/Illuminate/Foundation/Support/Providers/RouteServiceProvider.php(162): Illuminate/Container/Container->call(Object(Closure))
#24 D:/FREELANCE/NONA/BengkelKu-POS/vendor/laravel/framework/src/Illuminate/Foundation/Support/Providers/RouteServiceProvider.php(59): Illuminate/Foundation/Support/Providers/RouteServiceProvider->loadRoutes()
#25 D:/FREELANCE/NONA/BengkelKu-POS/vendor/laravel/framework/src/Illuminate/Container/BoundMethod.php(36): Illuminate/Foundation/Support/Providers/RouteServiceProvider->Illuminate/Foundation/Support/Providers/{closure}()
#26 D:/FREELANCE/NONA/BengkelKu-POS/vendor/laravel/framework/src/Illuminate/Container/Util.php(43): Illuminate/Container/BoundMethod::Illuminate/Container/{closure}()
#27 D:/FREELANCE/NONA/BengkelKu-POS/vendor/laravel/framework/src/Illuminate/Container/BoundMethod.php(83): Illuminate/Container/Util::unwrapIfClosure(Object(Closure))
#28 D:/FREELANCE/NONA/BengkelKu-POS/vendor/laravel/framework/src/Illuminate/Container/BoundMethod.php(35): Illuminate/Container/BoundMethod::callBoundMethod(Object(Illuminate/Foundation/Application), Object(Closure), Object(Closure))
#29 D:/FREELANCE/NONA/BengkelKu-POS/vendor/laravel/framework/src/Illuminate/Container/Container.php(696): Illuminate/Container/BoundMethod::call(Object(Illuminate/Foundation/Application), Object(Closure), Array, NULL)
#30 D:/FREELANCE/NONA/BengkelKu-POS/vendor/laravel/framework/src/Illuminate/Support/ServiceProvider.php(144): Illuminate/Container/Container->call(Object(Closure))
#31 D:/FREELANCE/NONA/BengkelKu-POS/vendor/laravel/framework/src/Illuminate/Foundation/Application.php(1154): Illuminate/Support/ServiceProvider->callBootedCallbacks()
#32 D:/FREELANCE/NONA/BengkelKu-POS/vendor/laravel/framework/src/Illuminate/Foundation/Application.php(1132): Illuminate/Foundation/Application->bootProvider(Object(Illuminate/Foundation/Support/Providers/RouteServiceProvider))
#33 [internal function]: Illuminate/Foundation/Application->Illuminate/Foundation/{closure}(Object(Illuminate/Foundation/Support/Providers/RouteServiceProvider), 'Illuminate//Foun...')
#34 D:/FREELANCE/NONA/BengkelKu-POS/vendor/laravel/framework/src/Illuminate/Foundation/Application.php(1131): array_walk(Array, Object(Closure))
#35 D:/FREELANCE/NONA/BengkelKu-POS/vendor/laravel/framework/src/Illuminate/Foundation/Bootstrap/BootProviders.php(17): Illuminate/Foundation/Application->boot()
#36 D:/FREELANCE/NONA/BengkelKu-POS/vendor/laravel/framework/src/Illuminate/Foundation/Application.php(342): Illuminate/Foundation/Bootstrap/BootProviders->bootstrap(Object(Illuminate/Foundation/Application))
#37 D:/FREELANCE/NONA/BengkelKu-POS/vendor/laravel/framework/src/Illuminate/Foundation/Http/Kernel.php(187): Illuminate/Foundation/Application->bootstrapWith(Array)
#38 D:/FREELANCE/NONA/BengkelKu-POS/vendor/laravel/framework/src/Illuminate/Foundation/Http/Kernel.php(171): Illuminate/Foundation/Http/Kernel->bootstrap()
#39 D:/FREELANCE/NONA/BengkelKu-POS/vendor/laravel/framework/src/Illuminate/Foundation/Http/Kernel.php(145): Illuminate/Foundation/Http/Kernel->sendRequestThroughRouter(Object(Illuminate/Http/Request))
#40 D:/FREELANCE/NONA/BengkelKu-POS/public/index.php(19): Illuminate/Foundation/Http/Kernel->handle(Object(Illuminate/Http/Request))
#41 D:/FREELANCE/NONA/BengkelKu-POS/vendor/laravel/framework/src/Illuminate/Foundation/resources/server.php(23): require_once('D://FREELANCE//NO...')
#42 {main}
"} 
[2026-08-31 10:45:45] local.ERROR: Invalid route action: [App\Livewire\Dashboard\OwnerDashboard]. {"exception":"[object] (UnexpectedValueException(code: 0): Invalid route action: [App\\Livewire\\Dashboard\\OwnerDashboard]. at D:/FREELANCE/NONA/BengkelKu-POS/vendor/laravel/framework/src/Illuminate/Routing/RouteAction.php:92)
[stacktrace]
#0 D:/FREELANCE/NONA/BengkelKu-POS/vendor/laravel/framework/src/Illuminate/Routing/RouteAction.php(47): Illuminate/Routing/RouteAction::makeInvokable('App//Livewire//Da...')
#1 D:/FREELANCE/NONA/BengkelKu-POS/vendor/laravel/framework/src/Illuminate/Routing/Route.php(198): Illuminate/Routing/RouteAction::parse('analitik', Array)
#2 D:/FREELANCE/NONA/BengkelKu-POS/vendor/laravel/framework/src/Illuminate/Routing/Route.php(179): Illuminate/Routing/Route->parseAction(Array)
#3 D:/FREELANCE/NONA/BengkelKu-POS/vendor/laravel/framework/src/Illuminate/Routing/Router.php(671): Illuminate/Routing/Route->__construct(Array, 'analitik', Array)
#4 D:/FREELANCE/NONA/BengkelKu-POS/vendor/laravel/framework/src/Illuminate/Routing/Router.php(563): Illuminate/Routing/Router->newRoute(Array, 'analitik', Array)
#5 D:/FREELANCE/NONA/BengkelKu-POS/vendor/laravel/framework/src/Illuminate/Routing/Router.php(543): Illuminate/Routing/Router->createRoute(Array, '/analitik', Array)
#6 D:/FREELANCE/NONA/BengkelKu-POS/vendor/laravel/framework/src/Illuminate/Routing/Router.php(161): Illuminate/Routing/Router->addRoute(Array, '/analitik', 'App//Livewire//Da...')
#7 D:/FREELANCE/NONA/BengkelKu-POS/vendor/laravel/framework/src/Illuminate/Support/Facades/Facade.php(361): Illuminate/Routing/Router->get('/analitik', 'App//Livewire//Da...')
#8 D:/FREELANCE/NONA/BengkelKu-POS/routes/web.php(50): Illuminate/Support/Facades/Facade::__callStatic('get', Array)
#9 D:/FREELANCE/NONA/BengkelKu-POS/vendor/laravel/framework/src/Illuminate/Routing/Router.php(511): Illuminate/Routing/RouteFileRegistrar->{closure}(Object(Illuminate/Routing/Router))
#10 D:/FREELANCE/NONA/BengkelKu-POS/vendor/laravel/framework/src/Illuminate/Routing/Router.php(467): Illuminate/Routing/Router->loadRoutes(Object(Closure))
#11 D:/FREELANCE/NONA/BengkelKu-POS/vendor/laravel/framework/src/Illuminate/Routing/RouteRegistrar.php(207): Illuminate/Routing/Router->group(Array, Object(Closure))
#12 D:/FREELANCE/NONA/BengkelKu-POS/routes/web.php(44): Illuminate/Routing/RouteRegistrar->group(Object(Closure))
#13 D:/FREELANCE/NONA/BengkelKu-POS/vendor/laravel/framework/src/Illuminate/Routing/RouteFileRegistrar.php(35): require('D://FREELANCE//NO...')
#14 D:/FREELANCE/NONA/BengkelKu-POS/vendor/laravel/framework/src/Illuminate/Routing/Router.php(513): Illuminate/Routing/RouteFileRegistrar->register('D://FREELANCE//NO...')
#15 D:/FREELANCE/NONA/BengkelKu-POS/vendor/laravel/framework/src/Illuminate/Routing/Router.php(467): Illuminate/Routing/Router->loadRoutes('D://FREELANCE//NO...')
#16 D:/FREELANCE/NONA/BengkelKu-POS/vendor/laravel/framework/src/Illuminate/Routing/RouteRegistrar.php(207): Illuminate/Routing/Router->group(Array, 'D://FREELANCE//NO...')
#17 D:/FREELANCE/NONA/BengkelKu-POS/vendor/laravel/framework/src/Illuminate/Foundation/Configuration/ApplicationBuilder.php(248): Illuminate/Routing/RouteRegistrar->group('D://FREELANCE//NO...')
#18 D:/FREELANCE/NONA/BengkelKu-POS/vendor/laravel/framework/src/Illuminate/Container/BoundMethod.php(36): Illuminate/Foundation/Configuration/ApplicationBuilder->Illuminate/Foundation/Configuration/{closure}()
#19 D:/FREELANCE/NONA/BengkelKu-POS/vendor/laravel/framework/src/Illuminate/Container/Util.php(43): Illuminate/Container/BoundMethod::Illuminate/Container/{closure}()
#20 D:/FREELANCE/NONA/BengkelKu-POS/vendor/laravel/framework/src/Illuminate/Container/BoundMethod.php(83): Illuminate/Container/Util::unwrapIfClosure(Object(Closure))
#21 D:/FREELANCE/NONA/BengkelKu-POS/vendor/laravel/framework/src/Illuminate/Container/BoundMethod.php(35): Illuminate/Container/BoundMethod::callBoundMethod(Object(Illuminate/Foundation/Application), Object(Closure), Object(Closure))
#22 D:/FREELANCE/NONA/BengkelKu-POS/vendor/laravel/framework/src/Illuminate/Container/Container.php(696): Illuminate/Container/BoundMethod::call(Object(Illuminate/Foundation/Application), Object(Closure), Array, NULL)
#23 D:/FREELANCE/NONA/BengkelKu-POS/vendor/laravel/framework/src/Illuminate/Foundation/Support/Providers/RouteServiceProvider.php(162): Illuminate/Container/Container->call(Object(Closure))
#24 D:/FREELANCE/NONA/BengkelKu-POS/vendor/laravel/framework/src/Illuminate/Foundation/Support/Providers/RouteServiceProvider.php(59): Illuminate/Foundation/Support/Providers/RouteServiceProvider->loadRoutes()
#25 D:/FREELANCE/NONA/BengkelKu-POS/vendor/laravel/framework/src/Illuminate/Container/BoundMethod.php(36): Illuminate/Foundation/Support/Providers/RouteServiceProvider->Illuminate/Foundation/Support/Providers/{closure}()
#26 D:/FREELANCE/NONA/BengkelKu-POS/vendor/laravel/framework/src/Illuminate/Container/Util.php(43): Illuminate/Container/BoundMethod::Illuminate/Container/{closure}()
#27 D:/FREELANCE/NONA/BengkelKu-POS/vendor/laravel/framework/src/Illuminate/Container/BoundMethod.php(83): Illuminate/Container/Util::unwrapIfClosure(Object(Closure))
#28 D:/FREELANCE/NONA/BengkelKu-POS/vendor/laravel/framework/src/Illuminate/Container/BoundMethod.php(35): Illuminate/Container/BoundMethod::callBoundMethod(Object(Illuminate/Foundation/Application), Object(Closure), Object(Closure))
#29 D:/FREELANCE/NONA/BengkelKu-POS/vendor/laravel/framework/src/Illuminate/Container/Container.php(696): Illuminate/Container/BoundMethod::call(Object(Illuminate/Foundation/Application), Object(Closure), Array, NULL)
#30 D:/FREELANCE/NONA/BengkelKu-POS/vendor/laravel/framework/src/Illuminate/Support/ServiceProvider.php(144): Illuminate/Container/Container->call(Object(Closure))
#31 D:/FREELANCE/NONA/BengkelKu-POS/vendor/laravel/framework/src/Illuminate/Foundation/Application.php(1154): Illuminate/Support/ServiceProvider->callBootedCallbacks()
#32 D:/FREELANCE/NONA/BengkelKu-POS/vendor/laravel/framework/src/Illuminate/Foundation/Application.php(1132): Illuminate/Foundation/Application->bootProvider(Object(Illuminate/Foundation/Support/Providers/RouteServiceProvider))
#33 [internal function]: Illuminate/Foundation/Application->Illuminate/Foundation/{closure}(Object(Illuminate/Foundation/Support/Providers/RouteServiceProvider), 'Illuminate//Foun...')
#34 D:/FREELANCE/NONA/BengkelKu-POS/vendor/laravel/framework/src/Illuminate/Foundation/Application.php(1131): array_walk(Array, Object(Closure))
#35 D:/FREELANCE/NONA/BengkelKu-POS/vendor/laravel/framework/src/Illuminate/Foundation/Bootstrap/BootProviders.php(17): Illuminate/Foundation/Application->boot()
#36 D:/FREELANCE/NONA/BengkelKu-POS/vendor/laravel/framework/src/Illuminate/Foundation/Application.php(342): Illuminate/Foundation/Bootstrap/BootProviders->bootstrap(Object(Illuminate/Foundation/Application))
#37 D:/FREELANCE/NONA/BengkelKu-POS/vendor/laravel/framework/src/Illuminate/Foundation/Http/Kernel.php(187): Illuminate/Foundation/Application->bootstrapWith(Array)
#38 D:/FREELANCE/NONA/BengkelKu-POS/vendor/laravel/framework/src/Illuminate/Foundation/Http/Kernel.php(171): Illuminate/Foundation/Http/Kernel->bootstrap()
#39 D:/FREELANCE/NONA/BengkelKu-POS/vendor/laravel/framework/src/Illuminate/Foundation/Http/Kernel.php(145): Illuminate/Foundation/Http/Kernel->sendRequestThroughRouter(Object(Illuminate/Http/Request))
#40 D:/FREELANCE/NONA/BengkelKu-POS/public/index.php(19): Illuminate/Foundation/Http/Kernel->handle(Object(Illuminate/Http/Request))
#41 D:/FREELANCE/NONA/BengkelKu-POS/vendor/laravel/framework/src/Illuminate/Foundation/resources/server.php(23): require_once('D://FREELANCE//NO...')
#42 {main}
"} 
[2026-08-31 10:46:55] local.ERROR: Invalid route action: [App\Livewire\Dashboard\OwnerDashboard]. {"exception":"[object] (UnexpectedValueException(code: 0): Invalid route action: [App\\Livewire\\Dashboard\\OwnerDashboard]. at D:/FREELANCE/NONA/BengkelKu-POS/vendor/laravel/framework/src/Illuminate/Routing/RouteAction.php:92)
[stacktrace]
#0 D:/FREELANCE/NONA/BengkelKu-POS/vendor/laravel/framework/src/Illuminate/Routing/RouteAction.php(47): Illuminate/Routing/RouteAction::makeInvokable('App//Livewire//Da...')
#1 D:/FREELANCE/NONA/BengkelKu-POS/vendor/laravel/framework/src/Illuminate/Routing/Route.php(198): Illuminate/Routing/RouteAction::parse('analitik', Array)
#2 D:/FREELANCE/NONA/BengkelKu-POS/vendor/laravel/framework/src/Illuminate/Routing/Route.php(179): Illuminate/Routing/Route->parseAction(Array)
#3 D:/FREELANCE/NONA/BengkelKu-POS/vendor/laravel/framework/src/Illuminate/Routing/Router.php(671): Illuminate/Routing/Route->__construct(Array, 'analitik', Array)
#4 D:/FREELANCE/NONA/BengkelKu-POS/vendor/laravel/framework/src/Illuminate/Routing/Router.php(563): Illuminate/Routing/Router->newRoute(Array, 'analitik', Array)
#5 D:/FREELANCE/NONA/BengkelKu-POS/vendor/laravel/framework/src/Illuminate/Routing/Router.php(543): Illuminate/Routing/Router->createRoute(Array, '/analitik', Array)
#6 D:/FREELANCE/NONA/BengkelKu-POS/vendor/laravel/framework/src/Illuminate/Routing/Router.php(161): Illuminate/Routing/Router->addRoute(Array, '/analitik', 'App//Livewire//Da...')
#7 D:/FREELANCE/NONA/BengkelKu-POS/vendor/laravel/framework/src/Illuminate/Support/Facades/Facade.php(361): Illuminate/Routing/Router->get('/analitik', 'App//Livewire//Da...')
#8 D:/FREELANCE/NONA/BengkelKu-POS/routes/web.php(50): Illuminate/Support/Facades/Facade::__callStatic('get', Array)
#9 D:/FREELANCE/NONA/BengkelKu-POS/vendor/laravel/framework/src/Illuminate/Routing/Router.php(511): Illuminate/Routing/RouteFileRegistrar->{closure}(Object(Illuminate/Routing/Router))
#10 D:/FREELANCE/NONA/BengkelKu-POS/vendor/laravel/framework/src/Illuminate/Routing/Router.php(467): Illuminate/Routing/Router->loadRoutes(Object(Closure))
#11 D:/FREELANCE/NONA/BengkelKu-POS/vendor/laravel/framework/src/Illuminate/Routing/RouteRegistrar.php(207): Illuminate/Routing/Router->group(Array, Object(Closure))
#12 D:/FREELANCE/NONA/BengkelKu-POS/routes/web.php(44): Illuminate/Routing/RouteRegistrar->group(Object(Closure))
#13 D:/FREELANCE/NONA/BengkelKu-POS/vendor/laravel/framework/src/Illuminate/Routing/RouteFileRegistrar.php(35): require('D://FREELANCE//NO...')
#14 D:/FREELANCE/NONA/BengkelKu-POS/vendor/laravel/framework/src/Illuminate/Routing/Router.php(513): Illuminate/Routing/RouteFileRegistrar->register('D://FREELANCE//NO...')
#15 D:/FREELANCE/NONA/BengkelKu-POS/vendor/laravel/framework/src/Illuminate/Routing/Router.php(467): Illuminate/Routing/Router->loadRoutes('D://FREELANCE//NO...')
#16 D:/FREELANCE/NONA/BengkelKu-POS/vendor/laravel/framework/src/Illuminate/Routing/RouteRegistrar.php(207): Illuminate/Routing/Router->group(Array, 'D://FREELANCE//NO...')
#17 D:/FREELANCE/NONA/BengkelKu-POS/vendor/laravel/framework/src/Illuminate/Foundation/Configuration/ApplicationBuilder.php(248): Illuminate/Routing/RouteRegistrar->group('D://FREELANCE//NO...')
#18 D:/FREELANCE/NONA/BengkelKu-POS/vendor/laravel/framework/src/Illuminate/Container/BoundMethod.php(36): Illuminate/Foundation/Configuration/ApplicationBuilder->Illuminate/Foundation/Configuration/{closure}()
#19 D:/FREELANCE/NONA/BengkelKu-POS/vendor/laravel/framework/src/Illuminate/Container/Util.php(43): Illuminate/Container/BoundMethod::Illuminate/Container/{closure}()
#20 D:/FREELANCE/NONA/BengkelKu-POS/vendor/laravel/framework/src/Illuminate/Container/BoundMethod.php(83): Illuminate/Container/Util::unwrapIfClosure(Object(Closure))
#21 D:/FREELANCE/NONA/BengkelKu-POS/vendor/laravel/framework/src/Illuminate/Container/BoundMethod.php(35): Illuminate/Container/BoundMethod::callBoundMethod(Object(Illuminate/Foundation/Application), Object(Closure), Object(Closure))
#22 D:/FREELANCE/NONA/BengkelKu-POS/vendor/laravel/framework/src/Illuminate/Container/Container.php(696): Illuminate/Container/BoundMethod::call(Object(Illuminate/Foundation/Application), Object(Closure), Array, NULL)
#23 D:/FREELANCE/NONA/BengkelKu-POS/vendor/laravel/framework/src/Illuminate/Foundation/Support/Providers/RouteServiceProvider.php(162): Illuminate/Container/Container->call(Object(Closure))
#24 D:/FREELANCE/NONA/BengkelKu-POS/vendor/laravel/framework/src/Illuminate/Foundation/Support/Providers/RouteServiceProvider.php(59): Illuminate/Foundation/Support/Providers/RouteServiceProvider->loadRoutes()
#25 D:/FREELANCE/NONA/BengkelKu-POS/vendor/laravel/framework/src/Illuminate/Container/BoundMethod.php(36): Illuminate/Foundation/Support/Providers/RouteServiceProvider->Illuminate/Foundation/Support/Providers/{closure}()
#26 D:/FREELANCE/NONA/BengkelKu-POS/vendor/laravel/framework/src/Illuminate/Container/Util.php(43): Illuminate/Container/BoundMethod::Illuminate/Container/{closure}()
#27 D:/FREELANCE/NONA/BengkelKu-POS/vendor/laravel/framework/src/Illuminate/Container/BoundMethod.php(83): Illuminate/Container/Util::unwrapIfClosure(Object(Closure))
#28 D:/FREELANCE/NONA/BengkelKu-POS/vendor/laravel/framework/src/Illuminate/Container/BoundMethod.php(35): Illuminate/Container/BoundMethod::callBoundMethod(Object(Illuminate/Foundation/Application), Object(Closure), Object(Closure))
#29 D:/FREELANCE/NONA/BengkelKu-POS/vendor/laravel/framework/src/Illuminate/Container/Container.php(696): Illuminate/Container/BoundMethod::call(Object(Illuminate/Foundation/Application), Object(Closure), Array, NULL)
#30 D:/FREELANCE/NONA/BengkelKu-POS/vendor/laravel/framework/src/Illuminate/Support/ServiceProvider.php(144): Illuminate/Container/Container->call(Object(Closure))
#31 D:/FREELANCE/NONA/BengkelKu-POS/vendor/laravel/framework/src/Illuminate/Foundation/Application.php(1154): Illuminate/Support/ServiceProvider->callBootedCallbacks()
#32 D:/FREELANCE/NONA/BengkelKu-POS/vendor/laravel/framework/src/Illuminate/Foundation/Application.php(1132): Illuminate/Foundation/Application->bootProvider(Object(Illuminate/Foundation/Support/Providers/RouteServiceProvider))
#33 [internal function]: Illuminate/Foundation/Application->Illuminate/Foundation/{closure}(Object(Illuminate/Foundation/Support/Providers/RouteServiceProvider), 'Illuminate//Foun...')
#34 D:/FREELANCE/NONA/BengkelKu-POS/vendor/laravel/framework/src/Illuminate/Foundation/Application.php(1131): array_walk(Array, Object(Closure))
#35 D:/FREELANCE/NONA/BengkelKu-POS/vendor/laravel/framework/src/Illuminate/Foundation/Bootstrap/BootProviders.php(17): Illuminate/Foundation/Application->boot()
#36 D:/FREELANCE/NONA/BengkelKu-POS/vendor/laravel/framework/src/Illuminate/Foundation/Application.php(342): Illuminate/Foundation/Bootstrap/BootProviders->bootstrap(Object(Illuminate/Foundation/Application))
#37 D:/FREELANCE/NONA/BengkelKu-POS/vendor/laravel/framework/src/Illuminate/Foundation/Console/Kernel.php(474): Illuminate/Foundation/Application->bootstrapWith(Array)
#38 D:/FREELANCE/NONA/BengkelKu-POS/vendor/laravel/framework/src/Illuminate/Foundation/Console/Kernel.php(196): Illuminate/Foundation/Console/Kernel->bootstrap()
#39 D:/FREELANCE/NONA/BengkelKu-POS/artisan(12): Illuminate/Foundation/Console/Kernel->handle(Object(Symfony/Component/Console/Input/ArgvInput), Object(Symfony/Component/Console/Output/ConsoleOutput))
#40 {main}
"} 
[2026-08-31 10:51:28] local.ERROR: Access level to App\Console\Commands\BengkelDoctor::fail() must be public (as in class Illuminate\Console\Command) {"exception":"[object] (Symfony\\Component\\ErrorHandler\\Error\\FatalError(code: 0): Access level to App\\Console\\Commands\\BengkelDoctor::fail() must be public (as in class Illuminate\\Console\\Command) at D:/FREELANCE/NONA/BengkelKu-POS/app/Console/Commands/BengkelDoctor.php:217)
[stacktrace]
#0 {main}
"} 
[2026-08-31 11:17:36] local.ERROR: rename(D:\FREELANCE\NONA\BengkelKu-POS\bootstrap\cache\pac9F1F.tmp,D:\FREELANCE\NONA\BengkelKu-POS\bootstrap\cache/packages.php): Access is denied (code: 5) {"exception":"[object] (ErrorException(code: 0): rename(D:\\FREELANCE\\NONA\\BengkelKu-POS\\bootstrap\\cache\\pac9F1F.tmp,D:\\FREELANCE\\NONA\\BengkelKu-POS\\bootstrap\\cache/packages.php): Access is denied (code: 5) at D:/FREELANCE/NONA/BengkelKu-POS/vendor/laravel/framework/src/Illuminate/Filesystem/Filesystem.php:233)
[stacktrace]
#0 D:/FREELANCE/NONA/BengkelKu-POS/vendor/laravel/framework/src/Illuminate/Foundation/Bootstrap/HandleExceptions.php(258): Illuminate/Foundation/Bootstrap/HandleExceptions->handleError(2, 'rename(D://FREEL...', 'D://FREELANCE//NO...', 233)
#1 [internal function]: Illuminate/Foundation/Bootstrap/HandleExceptions->Illuminate/Foundation/Bootstrap/{closure}(2, 'rename(D://FREEL...', 'D://FREELANCE//NO...', 233)
#2 D:/FREELANCE/NONA/BengkelKu-POS/vendor/laravel/framework/src/Illuminate/Filesystem/Filesystem.php(233): rename('D://FREELANCE//NO...', 'D://FREELANCE//NO...')
#3 D:/FREELANCE/NONA/BengkelKu-POS/vendor/laravel/framework/src/Illuminate/Foundation/PackageManifest.php(182): Illuminate/Filesystem/Filesystem->replace('D://FREELANCE//NO...', '<?php return ar...')
#4 D:/FREELANCE/NONA/BengkelKu-POS/vendor/laravel/framework/src/Illuminate/Foundation/PackageManifest.php(132): Illuminate/Foundation/PackageManifest->write(Array)
#5 D:/FREELANCE/NONA/BengkelKu-POS/vendor/laravel/framework/src/Illuminate/Foundation/PackageManifest.php(108): Illuminate/Foundation/PackageManifest->build()
#6 D:/FREELANCE/NONA/BengkelKu-POS/vendor/laravel/framework/src/Illuminate/Foundation/PackageManifest.php(91): Illuminate/Foundation/PackageManifest->getManifest()
#7 D:/FREELANCE/NONA/BengkelKu-POS/vendor/laravel/framework/src/Illuminate/Foundation/PackageManifest.php(80): Illuminate/Foundation/PackageManifest->config('aliases')
#8 D:/FREELANCE/NONA/BengkelKu-POS/vendor/laravel/framework/src/Illuminate/Foundation/Bootstrap/RegisterFacades.php(26): Illuminate/Foundation/PackageManifest->aliases()
#9 D:/FREELANCE/NONA/BengkelKu-POS/vendor/laravel/framework/src/Illuminate/Foundation/Application.php(342): Illuminate/Foundation/Bootstrap/RegisterFacades->bootstrap(Object(Illuminate/Foundation/Application))
#10 D:/FREELANCE/NONA/BengkelKu-POS/vendor/laravel/framework/src/Illuminate/Foundation/Console/Kernel.php(474): Illuminate/Foundation/Application->bootstrapWith(Array)
#11 D:/FREELANCE/NONA/BengkelKu-POS/vendor/laravel/framework/src/Illuminate/Foundation/Console/Kernel.php(196): Illuminate/Foundation/Console/Kernel->bootstrap()
#12 Command line code(1): Illuminate/Foundation/Console/Kernel->handle(Object(Symfony/Component/Console/Input/ArgvInput), Object(Symfony/Component/Console/Output/ConsoleOutput))
#13 {main}
"} 
[2026-08-31 11:21:33] local.ERROR: Undefined variable $activeTab (View: D:\FREELANCE\NONA\BengkelKu-POS\resources\views\livewire\inventory\index.blade.php) {"userId":"a2a12424-3bbe-4cb5-b0d9-5e931f25e6ec","exception":"[object] (Illuminate\\View\\ViewException(code: 0): Undefined variable $activeTab (View: D:\\FREELANCE\\NONA\\BengkelKu-POS\\resources\\views\\livewire\\inventory\\index.blade.php) at D:/FREELANCE/NONA/BengkelKu-POS/storage/framework/views/59968ddd10c5554bd21b00925cf3a62d.php:16)
[stacktrace]
#0 D:/FREELANCE/NONA/BengkelKu-POS/vendor/livewire/livewire/src/Mechanisms/ExtendBlade/ExtendedCompilerEngine.php(58): Illuminate/View/Engines/CompilerEngine->handleViewException(Object(ErrorException), 1)
#1 D:/FREELANCE/NONA/BengkelKu-POS/vendor/livewire/livewire/src/Mechanisms/ExtendBlade/ExtendedCompilerEngine.php(40): Livewire/Mechanisms/ExtendBlade/ExtendedCompilerEngine->handleViewException(Object(ErrorException), 1)
#2 D:/FREELANCE/NONA/BengkelKu-POS/vendor/laravel/framework/src/Illuminate/View/Engines/CompilerEngine.php(75): Livewire/Mechanisms/ExtendBlade/ExtendedCompilerEngine->evaluatePath('D://FREELANCE//NO...', Array)
#3 D:/FREELANCE/NONA/BengkelKu-POS/vendor/livewire/livewire/src/Mechanisms/ExtendBlade/ExtendedCompilerEngine.php(16): Illuminate/View/Engines/CompilerEngine->get('D://FREELANCE//NO...', Array)
#4 D:/FREELANCE/NONA/BengkelKu-POS/vendor/laravel/framework/src/Illuminate/View/View.php(209): Livewire/Mechanisms/ExtendBlade/ExtendedCompilerEngine->get('D://FREELANCE//NO...', Array)
#5 D:/FREELANCE/NONA/BengkelKu-POS/vendor/laravel/framework/src/Illuminate/View/View.php(192): Illuminate/View/View->getContents()
#6 D:/FREELANCE/NONA/BengkelKu-POS/vendor/laravel/framework/src/Illuminate/View/View.php(161): Illuminate/View/View->renderContents()
#7 D:/FREELANCE/NONA/BengkelKu-POS/vendor/livewire/livewire/src/Mechanisms/HandleComponents/HandleComponents.php(288): Illuminate/View/View->render(Object(Closure))
#8 D:/FREELANCE/NONA/BengkelKu-POS/vendor/livewire/livewire/src/Mechanisms/HandleComponents/HandleComponents.php(332): Livewire/Mechanisms/HandleComponents/HandleComponents->Livewire/Mechanisms/HandleComponents/{closure}()
#9 D:/FREELANCE/NONA/BengkelKu-POS/vendor/livewire/livewire/src/Mechanisms/HandleComponents/HandleComponents.php(280): Livewire/Mechanisms/HandleComponents/HandleComponents->trackInRenderStack(Object(App/Livewire/Inventory/Index), Object(Closure))
#10 D:/FREELANCE/NONA/BengkelKu-POS/vendor/livewire/livewire/src/Mechanisms/HandleComponents/HandleComponents.php(54): Livewire/Mechanisms/HandleComponents/HandleComponents->render(Object(App/Livewire/Inventory/Index), '<div></div>')
#11 D:/FREELANCE/NONA/BengkelKu-POS/vendor/livewire/livewire/src/LivewireManager.php(73): Livewire/Mechanisms/HandleComponents/HandleComponents->mount('App//Livewire//In...', Array, NULL)
#12 D:/FREELANCE/NONA/BengkelKu-POS/vendor/livewire/livewire/src/Features/SupportPageComponents/HandlesPageComponents.php(17): Livewire/LivewireManager->mount('App//Livewire//In...', Array)
#13 D:/FREELANCE/NONA/BengkelKu-POS/vendor/livewire/livewire/src/Features/SupportPageComponents/SupportPageComponents.php(117): Livewire/Component->Livewire/Features/SupportPageComponents/{closure}()
#14 D:/FREELANCE/NONA/BengkelKu-POS/vendor/livewire/livewire/src/Features/SupportPageComponents/HandlesPageComponents.php(14): Livewire/Features/SupportPageComponents/SupportPageComponents::interceptTheRenderOfTheComponentAndRetreiveTheLayoutConfiguration(Object(Closure))
#15 D:/FREELANCE/NONA/BengkelKu-POS/vendor/laravel/framework/src/Illuminate/Routing/ControllerDispatcher.php(47): Livewire/Component->__invoke()
#16 D:/FREELANCE/NONA/BengkelKu-POS/vendor/laravel/framework/src/Illuminate/Routing/Route.php(266): Illuminate/Routing/ControllerDispatcher->dispatch(Object(Illuminate/Routing/Route), Object(App/Livewire/Inventory/Index), '__invoke')
#17 D:/FREELANCE/NONA/BengkelKu-POS/vendor/laravel/framework/src/Illuminate/Routing/Route.php(212): Illuminate/Routing/Route->runController()
#18 D:/FREELANCE/NONA/BengkelKu-POS/vendor/laravel/framework/src/Illuminate/Routing/Router.php(808): Illuminate/Routing/Route->run()
#19 D:/FREELANCE/NONA/BengkelKu-POS/vendor/laravel/framework/src/Illuminate/Pipeline/Pipeline.php(170): Illuminate/Routing/Router->Illuminate/Routing/{closure}(Object(Illuminate/Http/Request))
#20 D:/FREELANCE/NONA/BengkelKu-POS/vendor/laravel/framework/src/Illuminate/Routing/Middleware/SubstituteBindings.php(51): Illuminate/Pipeline/Pipeline->Illuminate/Pipeline/{closure}(Object(Illuminate/Http/Request))
#21 D:/FREELANCE/NONA/BengkelKu-POS/vendor/laravel/framework/src/Illuminate/Pipeline/Pipeline.php(209): Illuminate/Routing/Middleware/SubstituteBindings->handle(Object(Illuminate/Http/Request), Object(Closure))
#22 D:/FREELANCE/NONA/BengkelKu-POS/vendor/laravel/framework/src/Illuminate/Auth/Middleware/Authenticate.php(64): Illuminate/Pipeline/Pipeline->Illuminate/Pipeline/{closure}(Object(Illuminate/Http/Request))
#23 D:/FREELANCE/NONA/BengkelKu-POS/vendor/laravel/framework/src/Illuminate/Pipeline/Pipeline.php(209): Illuminate/Auth/Middleware/Authenticate->handle(Object(Illuminate/Http/Request), Object(Closure))
#24 D:/FREELANCE/NONA/BengkelKu-POS/vendor/laravel/framework/src/Illuminate/Foundation/Http/Middleware/VerifyCsrfToken.php(88): Illuminate/Pipeline/Pipeline->Illuminate/Pipeline/{closure}(Object(Illuminate/Http/Request))
#25 D:/FREELANCE/NONA/BengkelKu-POS/vendor/laravel/framework/src/Illuminate/Pipeline/Pipeline.php(209): Illuminate/Foundation/Http/Middleware/VerifyCsrfToken->handle(Object(Illuminate/Http/Request), Object(Closure))
#26 D:/FREELANCE/NONA/BengkelKu-POS/vendor/laravel/framework/src/Illuminate/View/Middleware/ShareErrorsFromSession.php(49): Illuminate/Pipeline/Pipeline->Illuminate/Pipeline/{closure}(Object(Illuminate/Http/Request))
#27 D:/FREELANCE/NONA/BengkelKu-POS/vendor/laravel/framework/src/Illuminate/Pipeline/Pipeline.php(209): Illuminate/View/Middleware/ShareErrorsFromSession->handle(Object(Illuminate/Http/Request), Object(Closure))
#28 D:/FREELANCE/NONA/BengkelKu-POS/vendor/laravel/framework/src/Illuminate/Session/Middleware/StartSession.php(121): Illuminate/Pipeline/Pipeline->Illuminate/Pipeline/{closure}(Object(Illuminate/Http/Request))
#29 D:/FREELANCE/NONA/BengkelKu-POS/vendor/laravel/framework/src/Illuminate/Session/Middleware/StartSession.php(64): Illuminate/Session/Middleware/StartSession->handleStatefulRequest(Object(Illuminate/Http/Request), Object(Illuminate/Session/Store), Object(Closure))
#30 D:/FREELANCE/NONA/BengkelKu-POS/vendor/laravel/framework/src/Illuminate/Pipeline/Pipeline.php(209): Illuminate/Session/Middleware/StartSession->handle(Object(Illuminate/Http/Request), Object(Closure))
#31 D:/FREELANCE/NONA/BengkelKu-POS/vendor/laravel/framework/src/Illuminate/Cookie/Middleware/AddQueuedCookiesToResponse.php(37): Illuminate/Pipeline/Pipeline->Illuminate/Pipeline/{closure}(Object(Illuminate/Http/Request))
#32 D:/FREELANCE/NONA/BengkelKu-POS/vendor/laravel/framework/src/Illuminate/Pipeline/Pipeline.php(209): Illuminate/Cookie/Middleware/AddQueuedCookiesToResponse->handle(Object(Illuminate/Http/Request), Object(Closure))
#33 D:/FREELANCE/NONA/BengkelKu-POS/vendor/laravel/framework/src/Illuminate/Cookie/Middleware/EncryptCookies.php(75): Illuminate/Pipeline/Pipeline->Illuminate/Pipeline/{closure}(Object(Illuminate/Http/Request))
#34 D:/FREELANCE/NONA/BengkelKu-POS/vendor/laravel/framework/src/Illuminate/Pipeline/Pipeline.php(209): Illuminate/Cookie/Middleware/EncryptCookies->handle(Object(Illuminate/Http/Request), Object(Closure))
#35 D:/FREELANCE/NONA/BengkelKu-POS/vendor/laravel/framework/src/Illuminate/Pipeline/Pipeline.php(127): Illuminate/Pipeline/Pipeline->Illuminate/Pipeline/{closure}(Object(Illuminate/Http/Request))
#36 D:/FREELANCE/NONA/BengkelKu-POS/vendor/laravel/framework/src/Illuminate/Routing/Router.php(807): Illuminate/Pipeline/Pipeline->then(Object(Closure))
#37 D:/FREELANCE/NONA/BengkelKu-POS/vendor/laravel/framework/src/Illuminate/Routing/Router.php(786): Illuminate/Routing/Router->runRouteWithinStack(Object(Illuminate/Routing/Route), Object(Illuminate/Http/Request))
#38 D:/FREELANCE/NONA/BengkelKu-POS/vendor/laravel/framework/src/Illuminate/Routing/Router.php(750): Illuminate/Routing/Router->runRoute(Object(Illuminate/Http/Request), Object(Illuminate/Routing/Route))
#39 D:/FREELANCE/NONA/BengkelKu-POS/vendor/laravel/framework/src/Illuminate/Routing/Router.php(739): Illuminate/Routing/Router->dispatchToRoute(Object(Illuminate/Http/Request))
#40 D:/FREELANCE/NONA/BengkelKu-POS/vendor/laravel/framework/src/Illuminate/Foundation/Http/Kernel.php(201): Illuminate/Routing/Router->dispatch(Object(Illuminate/Http/Request))
#41 D:/FREELANCE/NONA/BengkelKu-POS/vendor/laravel/framework/src/Illuminate/Pipeline/Pipeline.php(170): Illuminate/Foundation/Http/Kernel->Illuminate/Foundation/Http/{closure}(Object(Illuminate/Http/Request))
#42 D:/FREELANCE/NONA/BengkelKu-POS/vendor/livewire/livewire/src/Features/SupportDisablingBackButtonCache/DisableBackButtonCacheMiddleware.php(19): Illuminate/Pipeline/Pipeline->Illuminate/Pipeline/{closure}(Object(Illuminate/Http/Request))
#43 D:/FREELANCE/NONA/BengkelKu-POS/vendor/laravel/framework/src/Illuminate/Pipeline/Pipeline.php(209): Livewire/Features/SupportDisablingBackButtonCache/DisableBackButtonCacheMiddleware->handle(Object(Illuminate/Http/Request), Object(Closure))
#44 D:/FREELANCE/NONA/BengkelKu-POS/vendor/laravel/framework/src/Illuminate/Foundation/Http/Middleware/TransformsRequest.php(21): Illuminate/Pipeline/Pipeline->Illuminate/Pipeline/{closure}(Object(Illuminate/Http/Request))
#45 D:/FREELANCE/NONA/BengkelKu-POS/vendor/laravel/framework/src/Illuminate/Foundation/Http/Middleware/ConvertEmptyStringsToNull.php(31): Illuminate/Foundation/Http/Middleware/TransformsRequest->handle(Object(Illuminate/Http/Request), Object(Closure))
#46 D:/FREELANCE/NONA/BengkelKu-POS/vendor/laravel/framework/src/Illuminate/Pipeline/Pipeline.php(209): Illuminate/Foundation/Http/Middleware/ConvertEmptyStringsToNull->handle(Object(Illuminate/Http/Request), Object(Closure))
#47 D:/FREELANCE/NONA/BengkelKu-POS/vendor/laravel/framework/src/Illuminate/Foundation/Http/Middleware/TransformsRequest.php(21): Illuminate/Pipeline/Pipeline->Illuminate/Pipeline/{closure}(Object(Illuminate/Http/Request))
#48 D:/FREELANCE/NONA/BengkelKu-POS/vendor/laravel/framework/src/Illuminate/Foundation/Http/Middleware/TrimStrings.php(51): Illuminate/Foundation/Http/Middleware/TransformsRequest->handle(Object(Illuminate/Http/Request), Object(Closure))
#49 D:/FREELANCE/NONA/BengkelKu-POS/vendor/laravel/framework/src/Illuminate/Pipeline/Pipeline.php(209): Illuminate/Foundation/Http/Middleware/TrimStrings->handle(Object(Illuminate/Http/Request), Object(Closure))
#50 D:/FREELANCE/NONA/BengkelKu-POS/vendor/laravel/framework/src/Illuminate/Http/Middleware/ValidatePostSize.php(27): Illuminate/Pipeline/Pipeline->Illuminate/Pipeline/{closure}(Object(Illuminate/Http/Request))
#51 D:/FREELANCE/NONA/BengkelKu-POS/vendor/laravel/framework/src/Illuminate/Pipeline/Pipeline.php(209): Illuminate/Http/Middleware/ValidatePostSize->handle(Object(Illuminate/Http/Request), Object(Closure))
#52 D:/FREELANCE/NONA/BengkelKu-POS/vendor/laravel/framework/src/Illuminate/Foundation/Http/Middleware/PreventRequestsDuringMaintenance.php(110): Illuminate/Pipeline/Pipeline->Illuminate/Pipeline/{closure}(Object(Illuminate/Http/Request))
#53 D:/FREELANCE/NONA/BengkelKu-POS/vendor/laravel/framework/src/Illuminate/Pipeline/Pipeline.php(209): Illuminate/Foundation/Http/Middleware/PreventRequestsDuringMaintenance->handle(Object(Illuminate/Http/Request), Object(Closure))
#54 D:/FREELANCE/NONA/BengkelKu-POS/vendor/laravel/framework/src/Illuminate/Http/Middleware/HandleCors.php(49): Illuminate/Pipeline/Pipeline->Illuminate/Pipeline/{closure}(Object(Illuminate/Http/Request))
#55 D:/FREELANCE/NONA/BengkelKu-POS/vendor/laravel/framework/src/Illuminate/Pipeline/Pipeline.php(209): Illuminate/Http/Middleware/HandleCors->handle(Object(Illuminate/Http/Request), Object(Closure))
#56 D:/FREELANCE/NONA/BengkelKu-POS/vendor/laravel/framework/src/Illuminate/Http/Middleware/TrustProxies.php(58): Illuminate/Pipeline/Pipeline->Illuminate/Pipeline/{closure}(Object(Illuminate/Http/Request))
#57 D:/FREELANCE/NONA/BengkelKu-POS/vendor/laravel/framework/src/Illuminate/Pipeline/Pipeline.php(209): Illuminate/Http/Middleware/TrustProxies->handle(Object(Illuminate/Http/Request), Object(Closure))
#58 D:/FREELANCE/NONA/BengkelKu-POS/vendor/laravel/framework/src/Illuminate/Foundation/Http/Middleware/InvokeDeferredCallbacks.php(22): Illuminate/Pipeline/Pipeline->Illuminate/Pipeline/{closure}(Object(Illuminate/Http/Request))
#59 D:/FREELANCE/NONA/BengkelKu-POS/vendor/laravel/framework/src/Illuminate/Pipeline/Pipeline.php(209): Illuminate/Foundation/Http/Middleware/InvokeDeferredCallbacks->handle(Object(Illuminate/Http/Request), Object(Closure))
#60 D:/FREELANCE/NONA/BengkelKu-POS/vendor/laravel/framework/src/Illuminate/Pipeline/Pipeline.php(127): Illuminate/Pipeline/Pipeline->Illuminate/Pipeline/{closure}(Object(Illuminate/Http/Request))
#61 D:/FREELANCE/NONA/BengkelKu-POS/vendor/laravel/framework/src/Illuminate/Foundation/Http/Kernel.php(176): Illuminate/Pipeline/Pipeline->then(Object(Closure))
#62 D:/FREELANCE/NONA/BengkelKu-POS/vendor/laravel/framework/src/Illuminate/Foundation/Http/Kernel.php(145): Illuminate/Foundation/Http/Kernel->sendRequestThroughRouter(Object(Illuminate/Http/Request))
#63 D:/FREELANCE/NONA/BengkelKu-POS/public/index.php(19): Illuminate/Foundation/Http/Kernel->handle(Object(Illuminate/Http/Request))
#64 D:/FREELANCE/NONA/BengkelKu-POS/vendor/laravel/framework/src/Illuminate/Foundation/resources/server.php(23): require_once('D://FREELANCE//NO...')
#65 {main}

[previous exception] [object] (ErrorException(code: 0): Undefined variable $activeTab at D:/FREELANCE/NONA/BengkelKu-POS/storage/framework/views/59968ddd10c5554bd21b00925cf3a62d.php:16)
[stacktrace]
#0 D:/FREELANCE/NONA/BengkelKu-POS/vendor/laravel/framework/src/Illuminate/Foundation/Bootstrap/HandleExceptions.php(258): Illuminate/Foundation/Bootstrap/HandleExceptions->handleError(2, 'Undefined varia...', 'D://FREELANCE//NO...', 16)
#1 D:/FREELANCE/NONA/BengkelKu-POS/storage/framework/views/59968ddd10c5554bd21b00925cf3a62d.php(16): Illuminate/Foundation/Bootstrap/HandleExceptions->Illuminate/Foundation/Bootstrap/{closure}(2, 'Undefined varia...', 'D://FREELANCE//NO...', 16)
#2 D:/FREELANCE/NONA/BengkelKu-POS/vendor/livewire/livewire/src/Mechanisms/ExtendBlade/ExtendedCompilerEngine.php(37): include('D://FREELANCE//NO...')
#3 D:/FREELANCE/NONA/BengkelKu-POS/vendor/livewire/livewire/src/Mechanisms/ExtendBlade/ExtendedCompilerEngine.php(38): App/Livewire/Inventory/Index->Livewire/Mechanisms/ExtendBlade/{closure}()
#4 D:/FREELANCE/NONA/BengkelKu-POS/vendor/laravel/framework/src/Illuminate/View/Engines/CompilerEngine.php(75): Livewire/Mechanisms/ExtendBlade/ExtendedCompilerEngine->evaluatePath('D://FREELANCE//NO...', Array)
#5 D:/FREELANCE/NONA/BengkelKu-POS/vendor/livewire/livewire/src/Mechanisms/ExtendBlade/ExtendedCompilerEngine.php(16): Illuminate/View/Engines/CompilerEngine->get('D://FREELANCE//NO...', Array)
#6 D:/FREELANCE/NONA/BengkelKu-POS/vendor/laravel/framework/src/Illuminate/View/View.php(209): Livewire/Mechanisms/ExtendBlade/ExtendedCompilerEngine->get('D://FREELANCE//NO...', Array)
#7 D:/FREELANCE/NONA/BengkelKu-POS/vendor/laravel/framework/src/Illuminate/View/View.php(192): Illuminate/View/View->getContents()
#8 D:/FREELANCE/NONA/BengkelKu-POS/vendor/laravel/framework/src/Illuminate/View/View.php(161): Illuminate/View/View->renderContents()
#9 D:/FREELANCE/NONA/BengkelKu-POS/vendor/livewire/livewire/src/Mechanisms/HandleComponents/HandleComponents.php(288): Illuminate/View/View->render(Object(Closure))
#10 D:/FREELANCE/NONA/BengkelKu-POS/vendor/livewire/livewire/src/Mechanisms/HandleComponents/HandleComponents.php(332): Livewire/Mechanisms/HandleComponents/HandleComponents->Livewire/Mechanisms/HandleComponents/{closure}()
#11 D:/FREELANCE/NONA/BengkelKu-POS/vendor/livewire/livewire/src/Mechanisms/HandleComponents/HandleComponents.php(280): Livewire/Mechanisms/HandleComponents/HandleComponents->trackInRenderStack(Object(App/Livewire/Inventory/Index), Object(Closure))
#12 D:/FREELANCE/NONA/BengkelKu-POS/vendor/livewire/livewire/src/Mechanisms/HandleComponents/HandleComponents.php(54): Livewire/Mechanisms/HandleComponents/HandleComponents->render(Object(App/Livewire/Inventory/Index), '<div></div>')
#13 D:/FREELANCE/NONA/BengkelKu-POS/vendor/livewire/livewire/src/LivewireManager.php(73): Livewire/Mechanisms/HandleComponents/HandleComponents->mount('App//Livewire//In...', Array, NULL)
#14 D:/FREELANCE/NONA/BengkelKu-POS/vendor/livewire/livewire/src/Features/SupportPageComponents/HandlesPageComponents.php(17): Livewire/LivewireManager->mount('App//Livewire//In...', Array)
#15 D:/FREELANCE/NONA/BengkelKu-POS/vendor/livewire/livewire/src/Features/SupportPageComponents/SupportPageComponents.php(117): Livewire/Component->Livewire/Features/SupportPageComponents/{closure}()
#16 D:/FREELANCE/NONA/BengkelKu-POS/vendor/livewire/livewire/src/Features/SupportPageComponents/HandlesPageComponents.php(14): Livewire/Features/SupportPageComponents/SupportPageComponents::interceptTheRenderOfTheComponentAndRetreiveTheLayoutConfiguration(Object(Closure))
#17 D:/FREELANCE/NONA/BengkelKu-POS/vendor/laravel/framework/src/Illuminate/Routing/ControllerDispatcher.php(47): Livewire/Component->__invoke()
#18 D:/FREELANCE/NONA/BengkelKu-POS/vendor/laravel/framework/src/Illuminate/Routing/Route.php(266): Illuminate/Routing/ControllerDispatcher->dispatch(Object(Illuminate/Routing/Route), Object(App/Livewire/Inventory/Index), '__invoke')
#19 D:/FREELANCE/NONA/BengkelKu-POS/vendor/laravel/framework/src/Illuminate/Routing/Route.php(212): Illuminate/Routing/Route->runController()
#20 D:/FREELANCE/NONA/BengkelKu-POS/vendor/laravel/framework/src/Illuminate/Routing/Router.php(808): Illuminate/Routing/Route->run()
#21 D:/FREELANCE/NONA/BengkelKu-POS/vendor/laravel/framework/src/Illuminate/Pipeline/Pipeline.php(170): Illuminate/Routing/Router->Illuminate/Routing/{closure}(Object(Illuminate/Http/Request))
#22 D:/FREELANCE/NONA/BengkelKu-POS/vendor/laravel/framework/src/Illuminate/Routing/Middleware/SubstituteBindings.php(51): Illuminate/Pipeline/Pipeline->Illuminate/Pipeline/{closure}(Object(Illuminate/Http/Request))
#23 D:/FREELANCE/NONA/BengkelKu-POS/vendor/laravel/framework/src/Illuminate/Pipeline/Pipeline.php(209): Illuminate/Routing/Middleware/SubstituteBindings->handle(Object(Illuminate/Http/Request), Object(Closure))
#24 D:/FREELANCE/NONA/BengkelKu-POS/vendor/laravel/framework/src/Illuminate/Auth/Middleware/Authenticate.php(64): Illuminate/Pipeline/Pipeline->Illuminate/Pipeline/{closure}(Object(Illuminate/Http/Request))
#25 D:/FREELANCE/NONA/BengkelKu-POS/vendor/laravel/framework/src/Illuminate/Pipeline/Pipeline.php(209): Illuminate/Auth/Middleware/Authenticate->handle(Object(Illuminate/Http/Request), Object(Closure))
#26 D:/FREELANCE/NONA/BengkelKu-POS/vendor/laravel/framework/src/Illuminate/Foundation/Http/Middleware/VerifyCsrfToken.php(88): Illuminate/Pipeline/Pipeline->Illuminate/Pipeline/{closure}(Object(Illuminate/Http/Request))
#27 D:/FREELANCE/NONA/BengkelKu-POS/vendor/laravel/framework/src/Illuminate/Pipeline/Pipeline.php(209): Illuminate/Foundation/Http/Middleware/VerifyCsrfToken->handle(Object(Illuminate/Http/Request), Object(Closure))
#28 D:/FREELANCE/NONA/BengkelKu-POS/vendor/laravel/framework/src/Illuminate/View/Middleware/ShareErrorsFromSession.php(49): Illuminate/Pipeline/Pipeline->Illuminate/Pipeline/{closure}(Object(Illuminate/Http/Request))
#29 D:/FREELANCE/NONA/BengkelKu-POS/vendor/laravel/framework/src/Illuminate/Pipeline/Pipeline.php(209): Illuminate/View/Middleware/ShareErrorsFromSession->handle(Object(Illuminate/Http/Request), Object(Closure))
#30 D:/FREELANCE/NONA/BengkelKu-POS/vendor/laravel/framework/src/Illuminate/Session/Middleware/StartSession.php(121): Illuminate/Pipeline/Pipeline->Illuminate/Pipeline/{closure}(Object(Illuminate/Http/Request))
#31 D:/FREELANCE/NONA/BengkelKu-POS/vendor/laravel/framework/src/Illuminate/Session/Middleware/StartSession.php(64): Illuminate/Session/Middleware/StartSession->handleStatefulRequest(Object(Illuminate/Http/Request), Object(Illuminate/Session/Store), Object(Closure))
#32 D:/FREELANCE/NONA/BengkelKu-POS/vendor/laravel/framework/src/Illuminate/Pipeline/Pipeline.php(209): Illuminate/Session/Middleware/StartSession->handle(Object(Illuminate/Http/Request), Object(Closure))
#33 D:/FREELANCE/NONA/BengkelKu-POS/vendor/laravel/framework/src/Illuminate/Cookie/Middleware/AddQueuedCookiesToResponse.php(37): Illuminate/Pipeline/Pipeline->Illuminate/Pipeline/{closure}(Object(Illuminate/Http/Request))
#34 D:/FREELANCE/NONA/BengkelKu-POS/vendor/laravel/framework/src/Illuminate/Pipeline/Pipeline.php(209): Illuminate/Cookie/Middleware/AddQueuedCookiesToResponse->handle(Object(Illuminate/Http/Request), Object(Closure))
#35 D:/FREELANCE/NONA/BengkelKu-POS/vendor/laravel/framework/src/Illuminate/Cookie/Middleware/EncryptCookies.php(75): Illuminate/Pipeline/Pipeline->Illuminate/Pipeline/{closure}(Object(Illuminate/Http/Request))
#36 D:/FREELANCE/NONA/BengkelKu-POS/vendor/laravel/framework/src/Illuminate/Pipeline/Pipeline.php(209): Illuminate/Cookie/Middleware/EncryptCookies->handle(Object(Illuminate/Http/Request), Object(Closure))
#37 D:/FREELANCE/NONA/BengkelKu-POS/vendor/laravel/framework/src/Illuminate/Pipeline/Pipeline.php(127): Illuminate/Pipeline/Pipeline->Illuminate/Pipeline/{closure}(Object(Illuminate/Http/Request))
#38 D:/FREELANCE/NONA/BengkelKu-POS/vendor/laravel/framework/src/Illuminate/Routing/Router.php(807): Illuminate/Pipeline/Pipeline->then(Object(Closure))
#39 D:/FREELANCE/NONA/BengkelKu-POS/vendor/laravel/framework/src/Illuminate/Routing/Router.php(786): Illuminate/Routing/Router->runRouteWithinStack(Object(Illuminate/Routing/Route), Object(Illuminate/Http/Request))
#40 D:/FREELANCE/NONA/BengkelKu-POS/vendor/laravel/framework/src/Illuminate/Routing/Router.php(750): Illuminate/Routing/Router->runRoute(Object(Illuminate/Http/Request), Object(Illuminate/Routing/Route))
#41 D:/FREELANCE/NONA/BengkelKu-POS/vendor/laravel/framework/src/Illuminate/Routing/Router.php(739): Illuminate/Routing/Router->dispatchToRoute(Object(Illuminate/Http/Request))
#42 D:/FREELANCE/NONA/BengkelKu-POS/vendor/laravel/framework/src/Illuminate/Foundation/Http/Kernel.php(201): Illuminate/Routing/Router->dispatch(Object(Illuminate/Http/Request))
#43 D:/FREELANCE/NONA/BengkelKu-POS/vendor/laravel/framework/src/Illuminate/Pipeline/Pipeline.php(170): Illuminate/Foundation/Http/Kernel->Illuminate/Foundation/Http/{closure}(Object(Illuminate/Http/Request))
#44 D:/FREELANCE/NONA/BengkelKu-POS/vendor/livewire/livewire/src/Features/SupportDisablingBackButtonCache/DisableBackButtonCacheMiddleware.php(19): Illuminate/Pipeline/Pipeline->Illuminate/Pipeline/{closure}(Object(Illuminate/Http/Request))
#45 D:/FREELANCE/NONA/BengkelKu-POS/vendor/laravel/framework/src/Illuminate/Pipeline/Pipeline.php(209): Livewire/Features/SupportDisablingBackButtonCache/DisableBackButtonCacheMiddleware->handle(Object(Illuminate/Http/Request), Object(Closure))
#46 D:/FREELANCE/NONA/BengkelKu-POS/vendor/laravel/framework/src/Illuminate/Foundation/Http/Middleware/TransformsRequest.php(21): Illuminate/Pipeline/Pipeline->Illuminate/Pipeline/{closure}(Object(Illuminate/Http/Request))
#47 D:/FREELANCE/NONA/BengkelKu-POS/vendor/laravel/framework/src/Illuminate/Foundation/Http/Middleware/ConvertEmptyStringsToNull.php(31): Illuminate/Foundation/Http/Middleware/TransformsRequest->handle(Object(Illuminate/Http/Request), Object(Closure))
#48 D:/FREELANCE/NONA/BengkelKu-POS/vendor/laravel/framework/src/Illuminate/Pipeline/Pipeline.php(209): Illuminate/Foundation/Http/Middleware/ConvertEmptyStringsToNull->handle(Object(Illuminate/Http/Request), Object(Closure))
#49 D:/FREELANCE/NONA/BengkelKu-POS/vendor/laravel/framework/src/Illuminate/Foundation/Http/Middleware/TransformsRequest.php(21): Illuminate/Pipeline/Pipeline->Illuminate/Pipeline/{closure}(Object(Illuminate/Http/Request))
#50 D:/FREELANCE/NONA/BengkelKu-POS/vendor/laravel/framework/src/Illuminate/Foundation/Http/Middleware/TrimStrings.php(51): Illuminate/Foundation/Http/Middleware/TransformsRequest->handle(Object(Illuminate/Http/Request), Object(Closure))
#51 D:/FREELANCE/NONA/BengkelKu-POS/vendor/laravel/framework/src/Illuminate/Pipeline/Pipeline.php(209): Illuminate/Foundation/Http/Middleware/TrimStrings->handle(Object(Illuminate/Http/Request), Object(Closure))
#52 D:/FREELANCE/NONA/BengkelKu-POS/vendor/laravel/framework/src/Illuminate/Http/Middleware/ValidatePostSize.php(27): Illuminate/Pipeline/Pipeline->Illuminate/Pipeline/{closure}(Object(Illuminate/Http/Request))
#53 D:/FREELANCE/NONA/BengkelKu-POS/vendor/laravel/framework/src/Illuminate/Pipeline/Pipeline.php(209): Illuminate/Http/Middleware/ValidatePostSize->handle(Object(Illuminate/Http/Request), Object(Closure))
#54 D:/FREELANCE/NONA/BengkelKu-POS/vendor/laravel/framework/src/Illuminate/Foundation/Http/Middleware/PreventRequestsDuringMaintenance.php(110): Illuminate/Pipeline/Pipeline->Illuminate/Pipeline/{closure}(Object(Illuminate/Http/Request))
#55 D:/FREELANCE/NONA/BengkelKu-POS/vendor/laravel/framework/src/Illuminate/Pipeline/Pipeline.php(209): Illuminate/Foundation/Http/Middleware/PreventRequestsDuringMaintenance->handle(Object(Illuminate/Http/Request), Object(Closure))
#56 D:/FREELANCE/NONA/BengkelKu-POS/vendor/laravel/framework/src/Illuminate/Http/Middleware/HandleCors.php(49): Illuminate/Pipeline/Pipeline->Illuminate/Pipeline/{closure}(Object(Illuminate/Http/Request))
#57 D:/FREELANCE/NONA/BengkelKu-POS/vendor/laravel/framework/src/Illuminate/Pipeline/Pipeline.php(209): Illuminate/Http/Middleware/HandleCors->handle(Object(Illuminate/Http/Request), Object(Closure))
#58 D:/FREELANCE/NONA/BengkelKu-POS/vendor/laravel/framework/src/Illuminate/Http/Middleware/TrustProxies.php(58): Illuminate/Pipeline/Pipeline->Illuminate/Pipeline/{closure}(Object(Illuminate/Http/Request))
#59 D:/FREELANCE/NONA/BengkelKu-POS/vendor/laravel/framework/src/Illuminate/Pipeline/Pipeline.php(209): Illuminate/Http/Middleware/TrustProxies->handle(Object(Illuminate/Http/Request), Object(Closure))
#60 D:/FREELANCE/NONA/BengkelKu-POS/vendor/laravel/framework/src/Illuminate/Foundation/Http/Middleware/InvokeDeferredCallbacks.php(22): Illuminate/Pipeline/Pipeline->Illuminate/Pipeline/{closure}(Object(Illuminate/Http/Request))
#61 D:/FREELANCE/NONA/BengkelKu-POS/vendor/laravel/framework/src/Illuminate/Pipeline/Pipeline.php(209): Illuminate/Foundation/Http/Middleware/InvokeDeferredCallbacks->handle(Object(Illuminate/Http/Request), Object(Closure))
#62 D:/FREELANCE/NONA/BengkelKu-POS/vendor/laravel/framework/src/Illuminate/Pipeline/Pipeline.php(127): Illuminate/Pipeline/Pipeline->Illuminate/Pipeline/{closure}(Object(Illuminate/Http/Request))
#63 D:/FREELANCE/NONA/BengkelKu-POS/vendor/laravel/framework/src/Illuminate/Foundation/Http/Kernel.php(176): Illuminate/Pipeline/Pipeline->then(Object(Closure))
#64 D:/FREELANCE/NONA/BengkelKu-POS/vendor/laravel/framework/src/Illuminate/Foundation/Http/Kernel.php(145): Illuminate/Foundation/Http/Kernel->sendRequestThroughRouter(Object(Illuminate/Http/Request))
#65 D:/FREELANCE/NONA/BengkelKu-POS/public/index.php(19): Illuminate/Foundation/Http/Kernel->handle(Object(Illuminate/Http/Request))
#66 D:/FREELANCE/NONA/BengkelKu-POS/vendor/laravel/framework/src/Illuminate/Foundation/resources/server.php(23): require_once('D://FREELANCE//NO...')
#67 {main}
"} 
[2026-08-31 11:22:25] local.ERROR: SQLSTATE[42S22]: Column not found: 1054 Unknown column 'total' in 'field list' (Connection: mysql, SQL: select COALESCE(SUM(total), 0) as total, COUNT(*) as count from `invoices` where `status` != void and `created_at` between 2026-08-01 00:00:00 and 2026-08-31 23:59:59 limit 1) {"userId":"a2a12424-3bbe-4cb5-b0d9-5e931f25e6ec","exception":"[object] (Illuminate\\Database\\QueryException(code: 42S22): SQLSTATE[42S22]: Column not found: 1054 Unknown column 'total' in 'field list' (Connection: mysql, SQL: select COALESCE(SUM(total), 0) as total, COUNT(*) as count from `invoices` where `status` != void and `created_at` between 2026-08-01 00:00:00 and 2026-08-31 23:59:59 limit 1) at D:/FREELANCE/NONA/BengkelKu-POS/vendor/laravel/framework/src/Illuminate/Database/Connection.php:825)
[stacktrace]
#0 D:/FREELANCE/NONA/BengkelKu-POS/vendor/laravel/framework/src/Illuminate/Database/Connection.php(779): Illuminate/Database/Connection->runQueryCallback('select COALESCE...', Array, Object(Closure))
#1 D:/FREELANCE/NONA/BengkelKu-POS/vendor/laravel/framework/src/Illuminate/Database/Connection.php(398): Illuminate/Database/Connection->run('select COALESCE...', Array, Object(Closure))
#2 D:/FREELANCE/NONA/BengkelKu-POS/vendor/laravel/framework/src/Illuminate/Database/Query/Builder.php(3106): Illuminate/Database/Connection->select('select COALESCE...', Array, true)
#3 D:/FREELANCE/NONA/BengkelKu-POS/vendor/laravel/framework/src/Illuminate/Database/Query/Builder.php(3091): Illuminate/Database/Query/Builder->runSelect()
#4 D:/FREELANCE/NONA/BengkelKu-POS/vendor/laravel/framework/src/Illuminate/Database/Query/Builder.php(3676): Illuminate/Database/Query/Builder->Illuminate/Database/Query/{closure}()
#5 D:/FREELANCE/NONA/BengkelKu-POS/vendor/laravel/framework/src/Illuminate/Database/Query/Builder.php(3090): Illuminate/Database/Query/Builder->onceWithColumns(Array, Object(Closure))
#6 D:/FREELANCE/NONA/BengkelKu-POS/vendor/laravel/framework/src/Illuminate/Database/Concerns/BuildsQueries.php(343): Illuminate/Database/Query/Builder->get(Array)
#7 D:/FREELANCE/NONA/BengkelKu-POS/app/Domains/Analytics/Services/AnalyticsService.php(277): Illuminate/Database/Query/Builder->first()
#8 D:/FREELANCE/NONA/BengkelKu-POS/app/Domains/Analytics/Services/AnalyticsService.php(19): App/Domains/Analytics/Services/AnalyticsService->sumInvoices(Object(Illuminate/Support/Carbon), Object(Illuminate/Support/Carbon), NULL)
#9 D:/FREELANCE/NONA/BengkelKu-POS/app/Livewire/Analytics/OwnerDashboard.php(95): App/Domains/Analytics/Services/AnalyticsService->kpi(Object(Illuminate/Support/Carbon), Object(Illuminate/Support/Carbon), NULL)
#10 D:/FREELANCE/NONA/BengkelKu-POS/vendor/laravel/framework/src/Illuminate/Container/BoundMethod.php(36): App/Livewire/Analytics/OwnerDashboard->render()
#11 D:/FREELANCE/NONA/BengkelKu-POS/vendor/laravel/framework/src/Illuminate/Container/Util.php(43): Illuminate/Container/BoundMethod::Illuminate/Container/{closure}()
#12 D:/FREELANCE/NONA/BengkelKu-POS/vendor/laravel/framework/src/Illuminate/Container/BoundMethod.php(95): Illuminate/Container/Util::unwrapIfClosure(Object(Closure))
#13 D:/FREELANCE/NONA/BengkelKu-POS/vendor/laravel/framework/src/Illuminate/Container/BoundMethod.php(35): Illuminate/Container/BoundMethod::callBoundMethod(Object(Illuminate/Foundation/Application), Array, Object(Closure))
#14 D:/FREELANCE/NONA/BengkelKu-POS/vendor/livewire/livewire/src/Wrapped.php(23): Illuminate/Container/BoundMethod::call(Object(Illuminate/Foundation/Application), Array, Array)
#15 D:/FREELANCE/NONA/BengkelKu-POS/vendor/livewire/livewire/src/Mechanisms/HandleComponents/HandleComponents.php(318): Livewire/Wrapped->__call('render', Array)
#16 D:/FREELANCE/NONA/BengkelKu-POS/vendor/livewire/livewire/src/Mechanisms/HandleComponents/HandleComponents.php(278): Livewire/Mechanisms/HandleComponents/HandleComponents->getView(Object(App/Livewire/Analytics/OwnerDashboard))
#17 D:/FREELANCE/NONA/BengkelKu-POS/vendor/livewire/livewire/src/Mechanisms/HandleComponents/HandleComponents.php(54): Livewire/Mechanisms/HandleComponents/HandleComponents->render(Object(App/Livewire/Analytics/OwnerDashboard), '<div></div>')
#18 D:/FREELANCE/NONA/BengkelKu-POS/vendor/livewire/livewire/src/LivewireManager.php(73): Livewire/Mechanisms/HandleComponents/HandleComponents->mount('App//Livewire//An...', Array, NULL)
#19 D:/FREELANCE/NONA/BengkelKu-POS/vendor/livewire/livewire/src/Features/SupportPageComponents/HandlesPageComponents.php(17): Livewire/LivewireManager->mount('App//Livewire//An...', Array)
#20 D:/FREELANCE/NONA/BengkelKu-POS/vendor/livewire/livewire/src/Features/SupportPageComponents/SupportPageComponents.php(117): Livewire/Component->Livewire/Features/SupportPageComponents/{closure}()
#21 D:/FREELANCE/NONA/BengkelKu-POS/vendor/livewire/livewire/src/Features/SupportPageComponents/HandlesPageComponents.php(14): Livewire/Features/SupportPageComponents/SupportPageComponents::interceptTheRenderOfTheComponentAndRetreiveTheLayoutConfiguration(Object(Closure))
#22 D:/FREELANCE/NONA/BengkelKu-POS/vendor/laravel/framework/src/Illuminate/Routing/ControllerDispatcher.php(47): Livewire/Component->__invoke()
#23 D:/FREELANCE/NONA/BengkelKu-POS/vendor/laravel/framework/src/Illuminate/Routing/Route.php(266): Illuminate/Routing/ControllerDispatcher->dispatch(Object(Illuminate/Routing/Route), Object(App/Livewire/Analytics/OwnerDashboard), '__invoke')
#24 D:/FREELANCE/NONA/BengkelKu-POS/vendor/laravel/framework/src/Illuminate/Routing/Route.php(212): Illuminate/Routing/Route->runController()
#25 D:/FREELANCE/NONA/BengkelKu-POS/vendor/laravel/framework/src/Illuminate/Routing/Router.php(808): Illuminate/Routing/Route->run()
#26 D:/FREELANCE/NONA/BengkelKu-POS/vendor/laravel/framework/src/Illuminate/Pipeline/Pipeline.php(170): Illuminate/Routing/Router->Illuminate/Routing/{closure}(Object(Illuminate/Http/Request))
#27 D:/FREELANCE/NONA/BengkelKu-POS/vendor/laravel/framework/src/Illuminate/Routing/Middleware/SubstituteBindings.php(51): Illuminate/Pipeline/Pipeline->Illuminate/Pipeline/{closure}(Object(Illuminate/Http/Request))
#28 D:/FREELANCE/NONA/BengkelKu-POS/vendor/laravel/framework/src/Illuminate/Pipeline/Pipeline.php(209): Illuminate/Routing/Middleware/SubstituteBindings->handle(Object(Illuminate/Http/Request), Object(Closure))
#29 D:/FREELANCE/NONA/BengkelKu-POS/vendor/laravel/framework/src/Illuminate/Auth/Middleware/Authenticate.php(64): Illuminate/Pipeline/Pipeline->Illuminate/Pipeline/{closure}(Object(Illuminate/Http/Request))
#30 D:/FREELANCE/NONA/BengkelKu-POS/vendor/laravel/framework/src/Illuminate/Pipeline/Pipeline.php(209): Illuminate/Auth/Middleware/Authenticate->handle(Object(Illuminate/Http/Request), Object(Closure))
#31 D:/FREELANCE/NONA/BengkelKu-POS/vendor/laravel/framework/src/Illuminate/Foundation/Http/Middleware/VerifyCsrfToken.php(88): Illuminate/Pipeline/Pipeline->Illuminate/Pipeline/{closure}(Object(Illuminate/Http/Request))
#32 D:/FREELANCE/NONA/BengkelKu-POS/vendor/laravel/framework/src/Illuminate/Pipeline/Pipeline.php(209): Illuminate/Foundation/Http/Middleware/VerifyCsrfToken->handle(Object(Illuminate/Http/Request), Object(Closure))
#33 D:/FREELANCE/NONA/BengkelKu-POS/vendor/laravel/framework/src/Illuminate/View/Middleware/ShareErrorsFromSession.php(49): Illuminate/Pipeline/Pipeline->Illuminate/Pipeline/{closure}(Object(Illuminate/Http/Request))
#34 D:/FREELANCE/NONA/BengkelKu-POS/vendor/laravel/framework/src/Illuminate/Pipeline/Pipeline.php(209): Illuminate/View/Middleware/ShareErrorsFromSession->handle(Object(Illuminate/Http/Request), Object(Closure))
#35 D:/FREELANCE/NONA/BengkelKu-POS/vendor/laravel/framework/src/Illuminate/Session/Middleware/StartSession.php(121): Illuminate/Pipeline/Pipeline->Illuminate/Pipeline/{closure}(Object(Illuminate/Http/Request))
#36 D:/FREELANCE/NONA/BengkelKu-POS/vendor/laravel/framework/src/Illuminate/Session/Middleware/StartSession.php(64): Illuminate/Session/Middleware/StartSession->handleStatefulRequest(Object(Illuminate/Http/Request), Object(Illuminate/Session/Store), Object(Closure))
#37 D:/FREELANCE/NONA/BengkelKu-POS/vendor/laravel/framework/src/Illuminate/Pipeline/Pipeline.php(209): Illuminate/Session/Middleware/StartSession->handle(Object(Illuminate/Http/Request), Object(Closure))
#38 D:/FREELANCE/NONA/BengkelKu-POS/vendor/laravel/framework/src/Illuminate/Cookie/Middleware/AddQueuedCookiesToResponse.php(37): Illuminate/Pipeline/Pipeline->Illuminate/Pipeline/{closure}(Object(Illuminate/Http/Request))
#39 D:/FREELANCE/NONA/BengkelKu-POS/vendor/laravel/framework/src/Illuminate/Pipeline/Pipeline.php(209): Illuminate/Cookie/Middleware/AddQueuedCookiesToResponse->handle(Object(Illuminate/Http/Request), Object(Closure))
#40 D:/FREELANCE/NONA/BengkelKu-POS/vendor/laravel/framework/src/Illuminate/Cookie/Middleware/EncryptCookies.php(75): Illuminate/Pipeline/Pipeline->Illuminate/Pipeline/{closure}(Object(Illuminate/Http/Request))
#41 D:/FREELANCE/NONA/BengkelKu-POS/vendor/laravel/framework/src/Illuminate/Pipeline/Pipeline.php(209): Illuminate/Cookie/Middleware/EncryptCookies->handle(Object(Illuminate/Http/Request), Object(Closure))
#42 D:/FREELANCE/NONA/BengkelKu-POS/vendor/laravel/framework/src/Illuminate/Pipeline/Pipeline.php(127): Illuminate/Pipeline/Pipeline->Illuminate/Pipeline/{closure}(Object(Illuminate/Http/Request))
#43 D:/FREELANCE/NONA/BengkelKu-POS/vendor/laravel/framework/src/Illuminate/Routing/Router.php(807): Illuminate/Pipeline/Pipeline->then(Object(Closure))
#44 D:/FREELANCE/NONA/BengkelKu-POS/vendor/laravel/framework/src/Illuminate/Routing/Router.php(786): Illuminate/Routing/Router->runRouteWithinStack(Object(Illuminate/Routing/Route), Object(Illuminate/Http/Request))
#45 D:/FREELANCE/NONA/BengkelKu-POS/vendor/laravel/framework/src/Illuminate/Routing/Router.php(750): Illuminate/Routing/Router->runRoute(Object(Illuminate/Http/Request), Object(Illuminate/Routing/Route))
#46 D:/FREELANCE/NONA/BengkelKu-POS/vendor/laravel/framework/src/Illuminate/Routing/Router.php(739): Illuminate/Routing/Router->dispatchToRoute(Object(Illuminate/Http/Request))
#47 D:/FREELANCE/NONA/BengkelKu-POS/vendor/laravel/framework/src/Illuminate/Foundation/Http/Kernel.php(201): Illuminate/Routing/Router->dispatch(Object(Illuminate/Http/Request))
#48 D:/FREELANCE/NONA/BengkelKu-POS/vendor/laravel/framework/src/Illuminate/Pipeline/Pipeline.php(170): Illuminate/Foundation/Http/Kernel->Illuminate/Foundation/Http/{closure}(Object(Illuminate/Http/Request))
#49 D:/FREELANCE/NONA/BengkelKu-POS/vendor/livewire/livewire/src/Features/SupportDisablingBackButtonCache/DisableBackButtonCacheMiddleware.php(19): Illuminate/Pipeline/Pipeline->Illuminate/Pipeline/{closure}(Object(Illuminate/Http/Request))
#50 D:/FREELANCE/NONA/BengkelKu-POS/vendor/laravel/framework/src/Illuminate/Pipeline/Pipeline.php(209): Livewire/Features/SupportDisablingBackButtonCache/DisableBackButtonCacheMiddleware->handle(Object(Illuminate/Http/Request), Object(Closure))
#51 D:/FREELANCE/NONA/BengkelKu-POS/vendor/laravel/framework/src/Illuminate/Foundation/Http/Middleware/TransformsRequest.php(21): Illuminate/Pipeline/Pipeline->Illuminate/Pipeline/{closure}(Object(Illuminate/Http/Request))
#52 D:/FREELANCE/NONA/BengkelKu-POS/vendor/laravel/framework/src/Illuminate/Foundation/Http/Middleware/ConvertEmptyStringsToNull.php(31): Illuminate/Foundation/Http/Middleware/TransformsRequest->handle(Object(Illuminate/Http/Request), Object(Closure))
#53 D:/FREELANCE/NONA/BengkelKu-POS/vendor/laravel/framework/src/Illuminate/Pipeline/Pipeline.php(209): Illuminate/Foundation/Http/Middleware/ConvertEmptyStringsToNull->handle(Object(Illuminate/Http/Request), Object(Closure))
#54 D:/FREELANCE/NONA/BengkelKu-POS/vendor/laravel/framework/src/Illuminate/Foundation/Http/Middleware/TransformsRequest.php(21): Illuminate/Pipeline/Pipeline->Illuminate/Pipeline/{closure}(Object(Illuminate/Http/Request))
#55 D:/FREELANCE/NONA/BengkelKu-POS/vendor/laravel/framework/src/Illuminate/Foundation/Http/Middleware/TrimStrings.php(51): Illuminate/Foundation/Http/Middleware/TransformsRequest->handle(Object(Illuminate/Http/Request), Object(Closure))
#56 D:/FREELANCE/NONA/BengkelKu-POS/vendor/laravel/framework/src/Illuminate/Pipeline/Pipeline.php(209): Illuminate/Foundation/Http/Middleware/TrimStrings->handle(Object(Illuminate/Http/Request), Object(Closure))
#57 D:/FREELANCE/NONA/BengkelKu-POS/vendor/laravel/framework/src/Illuminate/Http/Middleware/ValidatePostSize.php(27): Illuminate/Pipeline/Pipeline->Illuminate/Pipeline/{closure}(Object(Illuminate/Http/Request))
#58 D:/FREELANCE/NONA/BengkelKu-POS/vendor/laravel/framework/src/Illuminate/Pipeline/Pipeline.php(209): Illuminate/Http/Middleware/ValidatePostSize->handle(Object(Illuminate/Http/Request), Object(Closure))
#59 D:/FREELANCE/NONA/BengkelKu-POS/vendor/laravel/framework/src/Illuminate/Foundation/Http/Middleware/PreventRequestsDuringMaintenance.php(110): Illuminate/Pipeline/Pipeline->Illuminate/Pipeline/{closure}(Object(Illuminate/Http/Request))
#60 D:/FREELANCE/NONA/BengkelKu-POS/vendor/laravel/framework/src/Illuminate/Pipeline/Pipeline.php(209): Illuminate/Foundation/Http/Middleware/PreventRequestsDuringMaintenance->handle(Object(Illuminate/Http/Request), Object(Closure))
#61 D:/FREELANCE/NONA/BengkelKu-POS/vendor/laravel/framework/src/Illuminate/Http/Middleware/HandleCors.php(49): Illuminate/Pipeline/Pipeline->Illuminate/Pipeline/{closure}(Object(Illuminate/Http/Request))
#62 D:/FREELANCE/NONA/BengkelKu-POS/vendor/laravel/framework/src/Illuminate/Pipeline/Pipeline.php(209): Illuminate/Http/Middleware/HandleCors->handle(Object(Illuminate/Http/Request), Object(Closure))
#63 D:/FREELANCE/NONA/BengkelKu-POS/vendor/laravel/framework/src/Illuminate/Http/Middleware/TrustProxies.php(58): Illuminate/Pipeline/Pipeline->Illuminate/Pipeline/{closure}(Object(Illuminate/Http/Request))
#64 D:/FREELANCE/NONA/BengkelKu-POS/vendor/laravel/framework/src/Illuminate/Pipeline/Pipeline.php(209): Illuminate/Http/Middleware/TrustProxies->handle(Object(Illuminate/Http/Request), Object(Closure))
#65 D:/FREELANCE/NONA/BengkelKu-POS/vendor/laravel/framework/src/Illuminate/Foundation/Http/Middleware/InvokeDeferredCallbacks.php(22): Illuminate/Pipeline/Pipeline->Illuminate/Pipeline/{closure}(Object(Illuminate/Http/Request))
#66 D:/FREELANCE/NONA/BengkelKu-POS/vendor/laravel/framework/src/Illuminate/Pipeline/Pipeline.php(209): Illuminate/Foundation/Http/Middleware/InvokeDeferredCallbacks->handle(Object(Illuminate/Http/Request), Object(Closure))
#67 D:/FREELANCE/NONA/BengkelKu-POS/vendor/laravel/framework/src/Illuminate/Pipeline/Pipeline.php(127): Illuminate/Pipeline/Pipeline->Illuminate/Pipeline/{closure}(Object(Illuminate/Http/Request))
#68 D:/FREELANCE/NONA/BengkelKu-POS/vendor/laravel/framework/src/Illuminate/Foundation/Http/Kernel.php(176): Illuminate/Pipeline/Pipeline->then(Object(Closure))
#69 D:/FREELANCE/NONA/BengkelKu-POS/vendor/laravel/framework/src/Illuminate/Foundation/Http/Kernel.php(145): Illuminate/Foundation/Http/Kernel->sendRequestThroughRouter(Object(Illuminate/Http/Request))
#70 D:/FREELANCE/NONA/BengkelKu-POS/public/index.php(19): Illuminate/Foundation/Http/Kernel->handle(Object(Illuminate/Http/Request))
#71 D:/FREELANCE/NONA/BengkelKu-POS/vendor/laravel/framework/src/Illuminate/Foundation/resources/server.php(23): require_once('D://FREELANCE//NO...')
#72 {main}

[previous exception] [object] (PDOException(code: 42S22): SQLSTATE[42S22]: Column not found: 1054 Unknown column 'total' in 'field list' at D:/FREELANCE/NONA/BengkelKu-POS/vendor/laravel/framework/src/Illuminate/Database/Connection.php:407)
[stacktrace]
#0 D:/FREELANCE/NONA/BengkelKu-POS/vendor/laravel/framework/src/Illuminate/Database/Connection.php(407): PDO->prepare('select COALESCE...')
#1 D:/FREELANCE/NONA/BengkelKu-POS/vendor/laravel/framework/src/Illuminate/Database/Connection.php(812): Illuminate/Database/Connection->Illuminate/Database/{closure}('select COALESCE...', Array)
#2 D:/FREELANCE/NONA/BengkelKu-POS/vendor/laravel/framework/src/Illuminate/Database/Connection.php(779): Illuminate/Database/Connection->runQueryCallback('select COALESCE...', Array, Object(Closure))
#3 D:/FREELANCE/NONA/BengkelKu-POS/vendor/laravel/framework/src/Illuminate/Database/Connection.php(398): Illuminate/Database/Connection->run('select COALESCE...', Array, Object(Closure))
#4 D:/FREELANCE/NONA/BengkelKu-POS/vendor/laravel/framework/src/Illuminate/Database/Query/Builder.php(3106): Illuminate/Database/Connection->select('select COALESCE...', Array, true)
#5 D:/FREELANCE/NONA/BengkelKu-POS/vendor/laravel/framework/src/Illuminate/Database/Query/Builder.php(3091): Illuminate/Database/Query/Builder->runSelect()
#6 D:/FREELANCE/NONA/BengkelKu-POS/vendor/laravel/framework/src/Illuminate/Database/Query/Builder.php(3676): Illuminate/Database/Query/Builder->Illuminate/Database/Query/{closure}()
#7 D:/FREELANCE/NONA/BengkelKu-POS/vendor/laravel/framework/src/Illuminate/Database/Query/Builder.php(3090): Illuminate/Database/Query/Builder->onceWithColumns(Array, Object(Closure))
#8 D:/FREELANCE/NONA/BengkelKu-POS/vendor/laravel/framework/src/Illuminate/Database/Concerns/BuildsQueries.php(343): Illuminate/Database/Query/Builder->get(Array)
#9 D:/FREELANCE/NONA/BengkelKu-POS/app/Domains/Analytics/Services/AnalyticsService.php(277): Illuminate/Database/Query/Builder->first()
#10 D:/FREELANCE/NONA/BengkelKu-POS/app/Domains/Analytics/Services/AnalyticsService.php(19): App/Domains/Analytics/Services/AnalyticsService->sumInvoices(Object(Illuminate/Support/Carbon), Object(Illuminate/Support/Carbon), NULL)
#11 D:/FREELANCE/NONA/BengkelKu-POS/app/Livewire/Analytics/OwnerDashboard.php(95): App/Domains/Analytics/Services/AnalyticsService->kpi(Object(Illuminate/Support/Carbon), Object(Illuminate/Support/Carbon), NULL)
#12 D:/FREELANCE/NONA/BengkelKu-POS/vendor/laravel/framework/src/Illuminate/Container/BoundMethod.php(36): App/Livewire/Analytics/OwnerDashboard->render()
#13 D:/FREELANCE/NONA/BengkelKu-POS/vendor/laravel/framework/src/Illuminate/Container/Util.php(43): Illuminate/Container/BoundMethod::Illuminate/Container/{closure}()
#14 D:/FREELANCE/NONA/BengkelKu-POS/vendor/laravel/framework/src/Illuminate/Container/BoundMethod.php(95): Illuminate/Container/Util::unwrapIfClosure(Object(Closure))
#15 D:/FREELANCE/NONA/BengkelKu-POS/vendor/laravel/framework/src/Illuminate/Container/BoundMethod.php(35): Illuminate/Container/BoundMethod::callBoundMethod(Object(Illuminate/Foundation/Application), Array, Object(Closure))
#16 D:/FREELANCE/NONA/BengkelKu-POS/vendor/livewire/livewire/src/Wrapped.php(23): Illuminate/Container/BoundMethod::call(Object(Illuminate/Foundation/Application), Array, Array)
#17 D:/FREELANCE/NONA/BengkelKu-POS/vendor/livewire/livewire/src/Mechanisms/HandleComponents/HandleComponents.php(318): Livewire/Wrapped->__call('render', Array)
#18 D:/FREELANCE/NONA/BengkelKu-POS/vendor/livewire/livewire/src/Mechanisms/HandleComponents/HandleComponents.php(278): Livewire/Mechanisms/HandleComponents/HandleComponents->getView(Object(App/Livewire/Analytics/OwnerDashboard))
#19 D:/FREELANCE/NONA/BengkelKu-POS/vendor/livewire/livewire/src/Mechanisms/HandleComponents/HandleComponents.php(54): Livewire/Mechanisms/HandleComponents/HandleComponents->render(Object(App/Livewire/Analytics/OwnerDashboard), '<div></div>')
#20 D:/FREELANCE/NONA/BengkelKu-POS/vendor/livewire/livewire/src/LivewireManager.php(73): Livewire/Mechanisms/HandleComponents/HandleComponents->mount('App//Livewire//An...', Array, NULL)
#21 D:/FREELANCE/NONA/BengkelKu-POS/vendor/livewire/livewire/src/Features/SupportPageComponents/HandlesPageComponents.php(17): Livewire/LivewireManager->mount('App//Livewire//An...', Array)
#22 D:/FREELANCE/NONA/BengkelKu-POS/vendor/livewire/livewire/src/Features/SupportPageComponents/SupportPageComponents.php(117): Livewire/Component->Livewire/Features/SupportPageComponents/{closure}()
#23 D:/FREELANCE/NONA/BengkelKu-POS/vendor/livewire/livewire/src/Features/SupportPageComponents/HandlesPageComponents.php(14): Livewire/Features/SupportPageComponents/SupportPageComponents::interceptTheRenderOfTheComponentAndRetreiveTheLayoutConfiguration(Object(Closure))
#24 D:/FREELANCE/NONA/BengkelKu-POS/vendor/laravel/framework/src/Illuminate/Routing/ControllerDispatcher.php(47): Livewire/Component->__invoke()
#25 D:/FREELANCE/NONA/BengkelKu-POS/vendor/laravel/framework/src/Illuminate/Routing/Route.php(266): Illuminate/Routing/ControllerDispatcher->dispatch(Object(Illuminate/Routing/Route), Object(App/Livewire/Analytics/OwnerDashboard), '__invoke')
#26 D:/FREELANCE/NONA/BengkelKu-POS/vendor/laravel/framework/src/Illuminate/Routing/Route.php(212): Illuminate/Routing/Route->runController()
#27 D:/FREELANCE/NONA/BengkelKu-POS/vendor/laravel/framework/src/Illuminate/Routing/Router.php(808): Illuminate/Routing/Route->run()
#28 D:/FREELANCE/NONA/BengkelKu-POS/vendor/laravel/framework/src/Illuminate/Pipeline/Pipeline.php(170): Illuminate/Routing/Router->Illuminate/Routing/{closure}(Object(Illuminate/Http/Request))
#29 D:/FREELANCE/NONA/BengkelKu-POS/vendor/laravel/framework/src/Illuminate/Routing/Middleware/SubstituteBindings.php(51): Illuminate/Pipeline/Pipeline->Illuminate/Pipeline/{closure}(Object(Illuminate/Http/Request))
#30 D:/FREELANCE/NONA/BengkelKu-POS/vendor/laravel/framework/src/Illuminate/Pipeline/Pipeline.php(209): Illuminate/Routing/Middleware/SubstituteBindings->handle(Object(Illuminate/Http/Request), Object(Closure))
#31 D:/FREELANCE/NONA/BengkelKu-POS/vendor/laravel/framework/src/Illuminate/Auth/Middleware/Authenticate.php(64): Illuminate/Pipeline/Pipeline->Illuminate/Pipeline/{closure}(Object(Illuminate/Http/Request))
#32 D:/FREELANCE/NONA/BengkelKu-POS/vendor/laravel/framework/src/Illuminate/Pipeline/Pipeline.php(209): Illuminate/Auth/Middleware/Authenticate->handle(Object(Illuminate/Http/Request), Object(Closure))
#33 D:/FREELANCE/NONA/BengkelKu-POS/vendor/laravel/framework/src/Illuminate/Foundation/Http/Middleware/VerifyCsrfToken.php(88): Illuminate/Pipeline/Pipeline->Illuminate/Pipeline/{closure}(Object(Illuminate/Http/Request))
#34 D:/FREELANCE/NONA/BengkelKu-POS/vendor/laravel/framework/src/Illuminate/Pipeline/Pipeline.php(209): Illuminate/Foundation/Http/Middleware/VerifyCsrfToken->handle(Object(Illuminate/Http/Request), Object(Closure))
#35 D:/FREELANCE/NONA/BengkelKu-POS/vendor/laravel/framework/src/Illuminate/View/Middleware/ShareErrorsFromSession.php(49): Illuminate/Pipeline/Pipeline->Illuminate/Pipeline/{closure}(Object(Illuminate/Http/Request))
#36 D:/FREELANCE/NONA/BengkelKu-POS/vendor/laravel/framework/src/Illuminate/Pipeline/Pipeline.php(209): Illuminate/View/Middleware/ShareErrorsFromSession->handle(Object(Illuminate/Http/Request), Object(Closure))
#37 D:/FREELANCE/NONA/BengkelKu-POS/vendor/laravel/framework/src/Illuminate/Session/Middleware/StartSession.php(121): Illuminate/Pipeline/Pipeline->Illuminate/Pipeline/{closure}(Object(Illuminate/Http/Request))
#38 D:/FREELANCE/NONA/BengkelKu-POS/vendor/laravel/framework/src/Illuminate/Session/Middleware/StartSession.php(64): Illuminate/Session/Middleware/StartSession->handleStatefulRequest(Object(Illuminate/Http/Request), Object(Illuminate/Session/Store), Object(Closure))
#39 D:/FREELANCE/NONA/BengkelKu-POS/vendor/laravel/framework/src/Illuminate/Pipeline/Pipeline.php(209): Illuminate/Session/Middleware/StartSession->handle(Object(Illuminate/Http/Request), Object(Closure))
#40 D:/FREELANCE/NONA/BengkelKu-POS/vendor/laravel/framework/src/Illuminate/Cookie/Middleware/AddQueuedCookiesToResponse.php(37): Illuminate/Pipeline/Pipeline->Illuminate/Pipeline/{closure}(Object(Illuminate/Http/Request))
#41 D:/FREELANCE/NONA/BengkelKu-POS/vendor/laravel/framework/src/Illuminate/Pipeline/Pipeline.php(209): Illuminate/Cookie/Middleware/AddQueuedCookiesToResponse->handle(Object(Illuminate/Http/Request), Object(Closure))
#42 D:/FREELANCE/NONA/BengkelKu-POS/vendor/laravel/framework/src/Illuminate/Cookie/Middleware/EncryptCookies.php(75): Illuminate/Pipeline/Pipeline->Illuminate/Pipeline/{closure}(Object(Illuminate/Http/Request))
#43 D:/FREELANCE/NONA/BengkelKu-POS/vendor/laravel/framework/src/Illuminate/Pipeline/Pipeline.php(209): Illuminate/Cookie/Middleware/EncryptCookies->handle(Object(Illuminate/Http/Request), Object(Closure))
#44 D:/FREELANCE/NONA/BengkelKu-POS/vendor/laravel/framework/src/Illuminate/Pipeline/Pipeline.php(127): Illuminate/Pipeline/Pipeline->Illuminate/Pipeline/{closure}(Object(Illuminate/Http/Request))
#45 D:/FREELANCE/NONA/BengkelKu-POS/vendor/laravel/framework/src/Illuminate/Routing/Router.php(807): Illuminate/Pipeline/Pipeline->then(Object(Closure))
#46 D:/FREELANCE/NONA/BengkelKu-POS/vendor/laravel/framework/src/Illuminate/Routing/Router.php(786): Illuminate/Routing/Router->runRouteWithinStack(Object(Illuminate/Routing/Route), Object(Illuminate/Http/Request))
#47 D:/FREELANCE/NONA/BengkelKu-POS/vendor/laravel/framework/src/Illuminate/Routing/Router.php(750): Illuminate/Routing/Router->runRoute(Object(Illuminate/Http/Request), Object(Illuminate/Routing/Route))
#48 D:/FREELANCE/NONA/BengkelKu-POS/vendor/laravel/framework/src/Illuminate/Routing/Router.php(739): Illuminate/Routing/Router->dispatchToRoute(Object(Illuminate/Http/Request))
#49 D:/FREELANCE/NONA/BengkelKu-POS/vendor/laravel/framework/src/Illuminate/Foundation/Http/Kernel.php(201): Illuminate/Routing/Router->dispatch(Object(Illuminate/Http/Request))
#50 D:/FREELANCE/NONA/BengkelKu-POS/vendor/laravel/framework/src/Illuminate/Pipeline/Pipeline.php(170): Illuminate/Foundation/Http/Kernel->Illuminate/Foundation/Http/{closure}(Object(Illuminate/Http/Request))
#51 D:/FREELANCE/NONA/BengkelKu-POS/vendor/livewire/livewire/src/Features/SupportDisablingBackButtonCache/DisableBackButtonCacheMiddleware.php(19): Illuminate/Pipeline/Pipeline->Illuminate/Pipeline/{closure}(Object(Illuminate/Http/Request))
#52 D:/FREELANCE/NONA/BengkelKu-POS/vendor/laravel/framework/src/Illuminate/Pipeline/Pipeline.php(209): Livewire/Features/SupportDisablingBackButtonCache/DisableBackButtonCacheMiddleware->handle(Object(Illuminate/Http/Request), Object(Closure))
#53 D:/FREELANCE/NONA/BengkelKu-POS/vendor/laravel/framework/src/Illuminate/Foundation/Http/Middleware/TransformsRequest.php(21): Illuminate/Pipeline/Pipeline->Illuminate/Pipeline/{closure}(Object(Illuminate/Http/Request))
#54 D:/FREELANCE/NONA/BengkelKu-POS/vendor/laravel/framework/src/Illuminate/Foundation/Http/Middleware/ConvertEmptyStringsToNull.php(31): Illuminate/Foundation/Http/Middleware/TransformsRequest->handle(Object(Illuminate/Http/Request), Object(Closure))
#55 D:/FREELANCE/NONA/BengkelKu-POS/vendor/laravel/framework/src/Illuminate/Pipeline/Pipeline.php(209): Illuminate/Foundation/Http/Middleware/ConvertEmptyStringsToNull->handle(Object(Illuminate/Http/Request), Object(Closure))
#56 D:/FREELANCE/NONA/BengkelKu-POS/vendor/laravel/framework/src/Illuminate/Foundation/Http/Middleware/TransformsRequest.php(21): Illuminate/Pipeline/Pipeline->Illuminate/Pipeline/{closure}(Object(Illuminate/Http/Request))
#57 D:/FREELANCE/NONA/BengkelKu-POS/vendor/laravel/framework/src/Illuminate/Foundation/Http/Middleware/TrimStrings.php(51): Illuminate/Foundation/Http/Middleware/TransformsRequest->handle(Object(Illuminate/Http/Request), Object(Closure))
#58 D:/FREELANCE/NONA/BengkelKu-POS/vendor/laravel/framework/src/Illuminate/Pipeline/Pipeline.php(209): Illuminate/Foundation/Http/Middleware/TrimStrings->handle(Object(Illuminate/Http/Request), Object(Closure))
#59 D:/FREELANCE/NONA/BengkelKu-POS/vendor/laravel/framework/src/Illuminate/Http/Middleware/ValidatePostSize.php(27): Illuminate/Pipeline/Pipeline->Illuminate/Pipeline/{closure}(Object(Illuminate/Http/Request))
#60 D:/FREELANCE/NONA/BengkelKu-POS/vendor/laravel/framework/src/Illuminate/Pipeline/Pipeline.php(209): Illuminate/Http/Middleware/ValidatePostSize->handle(Object(Illuminate/Http/Request), Object(Closure))
#61 D:/FREELANCE/NONA/BengkelKu-POS/vendor/laravel/framework/src/Illuminate/Foundation/Http/Middleware/PreventRequestsDuringMaintenance.php(110): Illuminate/Pipeline/Pipeline->Illuminate/Pipeline/{closure}(Object(Illuminate/Http/Request))
#62 D:/FREELANCE/NONA/BengkelKu-POS/vendor/laravel/framework/src/Illuminate/Pipeline/Pipeline.php(209): Illuminate/Foundation/Http/Middleware/PreventRequestsDuringMaintenance->handle(Object(Illuminate/Http/Request), Object(Closure))
#63 D:/FREELANCE/NONA/BengkelKu-POS/vendor/laravel/framework/src/Illuminate/Http/Middleware/HandleCors.php(49): Illuminate/Pipeline/Pipeline->Illuminate/Pipeline/{closure}(Object(Illuminate/Http/Request))
#64 D:/FREELANCE/NONA/BengkelKu-POS/vendor/laravel/framework/src/Illuminate/Pipeline/Pipeline.php(209): Illuminate/Http/Middleware/HandleCors->handle(Object(Illuminate/Http/Request), Object(Closure))
#65 D:/FREELANCE/NONA/BengkelKu-POS/vendor/laravel/framework/src/Illuminate/Http/Middleware/TrustProxies.php(58): Illuminate/Pipeline/Pipeline->Illuminate/Pipeline/{closure}(Object(Illuminate/Http/Request))
#66 D:/FREELANCE/NONA/BengkelKu-POS/vendor/laravel/framework/src/Illuminate/Pipeline/Pipeline.php(209): Illuminate/Http/Middleware/TrustProxies->handle(Object(Illuminate/Http/Request), Object(Closure))
#67 D:/FREELANCE/NONA/BengkelKu-POS/vendor/laravel/framework/src/Illuminate/Foundation/Http/Middleware/InvokeDeferredCallbacks.php(22): Illuminate/Pipeline/Pipeline->Illuminate/Pipeline/{closure}(Object(Illuminate/Http/Request))
#68 D:/FREELANCE/NONA/BengkelKu-POS/vendor/laravel/framework/src/Illuminate/Pipeline/Pipeline.php(209): Illuminate/Foundation/Http/Middleware/InvokeDeferredCallbacks->handle(Object(Illuminate/Http/Request), Object(Closure))
#69 D:/FREELANCE/NONA/BengkelKu-POS/vendor/laravel/framework/src/Illuminate/Pipeline/Pipeline.php(127): Illuminate/Pipeline/Pipeline->Illuminate/Pipeline/{closure}(Object(Illuminate/Http/Request))
#70 D:/FREELANCE/NONA/BengkelKu-POS/vendor/laravel/framework/src/Illuminate/Foundation/Http/Kernel.php(176): Illuminate/Pipeline/Pipeline->then(Object(Closure))
#71 D:/FREELANCE/NONA/BengkelKu-POS/vendor/laravel/framework/src/Illuminate/Foundation/Http/Kernel.php(145): Illuminate/Foundation/Http/Kernel->sendRequestThroughRouter(Object(Illuminate/Http/Request))
#72 D:/FREELANCE/NONA/BengkelKu-POS/public/index.php(19): Illuminate/Foundation/Http/Kernel->handle(Object(Illuminate/Http/Request))
#73 D:/FREELANCE/NONA/BengkelKu-POS/vendor/laravel/framework/src/Illuminate/Foundation/resources/server.php(23): require_once('D://FREELANCE//NO...')
#74 {main}
"} 
[2026-08-31 11:23:55] local.ERROR: Undefined variable $activeWoCount (View: D:\FREELANCE\NONA\BengkelKu-POS\resources\views\livewire\mobile\home.blade.php) {"userId":"a2a12424-3bbe-4cb5-b0d9-5e931f25e6ec","exception":"[object] (Illuminate\\View\\ViewException(code: 0): Undefined variable $activeWoCount (View: D:\\FREELANCE\\NONA\\BengkelKu-POS\\resources\\views\\livewire\\mobile\\home.blade.php) at D:/FREELANCE/NONA/BengkelKu-POS/storage/framework/views/5267b311f0a68ba1c3b4e74a6e746c89.php:12)
[stacktrace]
#0 D:/FREELANCE/NONA/BengkelKu-POS/vendor/livewire/livewire/src/Mechanisms/ExtendBlade/ExtendedCompilerEngine.php(58): Illuminate/View/Engines/CompilerEngine->handleViewException(Object(ErrorException), 1)
#1 D:/FREELANCE/NONA/BengkelKu-POS/vendor/livewire/livewire/src/Mechanisms/ExtendBlade/ExtendedCompilerEngine.php(40): Livewire/Mechanisms/ExtendBlade/ExtendedCompilerEngine->handleViewException(Object(ErrorException), 1)
#2 D:/FREELANCE/NONA/BengkelKu-POS/vendor/laravel/framework/src/Illuminate/View/Engines/CompilerEngine.php(75): Livewire/Mechanisms/ExtendBlade/ExtendedCompilerEngine->evaluatePath('D://FREELANCE//NO...', Array)
#3 D:/FREELANCE/NONA/BengkelKu-POS/vendor/livewire/livewire/src/Mechanisms/ExtendBlade/ExtendedCompilerEngine.php(16): Illuminate/View/Engines/CompilerEngine->get('D://FREELANCE//NO...', Array)
#4 D:/FREELANCE/NONA/BengkelKu-POS/vendor/laravel/framework/src/Illuminate/View/View.php(209): Livewire/Mechanisms/ExtendBlade/ExtendedCompilerEngine->get('D://FREELANCE//NO...', Array)
#5 D:/FREELANCE/NONA/BengkelKu-POS/vendor/laravel/framework/src/Illuminate/View/View.php(192): Illuminate/View/View->getContents()
#6 D:/FREELANCE/NONA/BengkelKu-POS/vendor/laravel/framework/src/Illuminate/View/View.php(161): Illuminate/View/View->renderContents()
#7 D:/FREELANCE/NONA/BengkelKu-POS/vendor/livewire/livewire/src/Mechanisms/HandleComponents/HandleComponents.php(288): Illuminate/View/View->render(Object(Closure))
#8 D:/FREELANCE/NONA/BengkelKu-POS/vendor/livewire/livewire/src/Mechanisms/HandleComponents/HandleComponents.php(332): Livewire/Mechanisms/HandleComponents/HandleComponents->Livewire/Mechanisms/HandleComponents/{closure}()
#9 D:/FREELANCE/NONA/BengkelKu-POS/vendor/livewire/livewire/src/Mechanisms/HandleComponents/HandleComponents.php(280): Livewire/Mechanisms/HandleComponents/HandleComponents->trackInRenderStack(Object(App/Livewire/MobileMechanic/Home), Object(Closure))
#10 D:/FREELANCE/NONA/BengkelKu-POS/vendor/livewire/livewire/src/Mechanisms/HandleComponents/HandleComponents.php(54): Livewire/Mechanisms/HandleComponents/HandleComponents->render(Object(App/Livewire/MobileMechanic/Home), '<div></div>')
#11 D:/FREELANCE/NONA/BengkelKu-POS/vendor/livewire/livewire/src/LivewireManager.php(73): Livewire/Mechanisms/HandleComponents/HandleComponents->mount('App//Livewire//Mo...', Array, NULL)
#12 D:/FREELANCE/NONA/BengkelKu-POS/vendor/livewire/livewire/src/Features/SupportPageComponents/HandlesPageComponents.php(17): Livewire/LivewireManager->mount('App//Livewire//Mo...', Array)
#13 D:/FREELANCE/NONA/BengkelKu-POS/vendor/livewire/livewire/src/Features/SupportPageComponents/SupportPageComponents.php(117): Livewire/Component->Livewire/Features/SupportPageComponents/{closure}()
#14 D:/FREELANCE/NONA/BengkelKu-POS/vendor/livewire/livewire/src/Features/SupportPageComponents/HandlesPageComponents.php(14): Livewire/Features/SupportPageComponents/SupportPageComponents::interceptTheRenderOfTheComponentAndRetreiveTheLayoutConfiguration(Object(Closure))
#15 D:/FREELANCE/NONA/BengkelKu-POS/vendor/laravel/framework/src/Illuminate/Routing/ControllerDispatcher.php(47): Livewire/Component->__invoke()
#16 D:/FREELANCE/NONA/BengkelKu-POS/vendor/laravel/framework/src/Illuminate/Routing/Route.php(266): Illuminate/Routing/ControllerDispatcher->dispatch(Object(Illuminate/Routing/Route), Object(App/Livewire/MobileMechanic/Home), '__invoke')
#17 D:/FREELANCE/NONA/BengkelKu-POS/vendor/laravel/framework/src/Illuminate/Routing/Route.php(212): Illuminate/Routing/Route->runController()
#18 D:/FREELANCE/NONA/BengkelKu-POS/vendor/laravel/framework/src/Illuminate/Routing/Router.php(808): Illuminate/Routing/Route->run()
#19 D:/FREELANCE/NONA/BengkelKu-POS/vendor/laravel/framework/src/Illuminate/Pipeline/Pipeline.php(170): Illuminate/Routing/Router->Illuminate/Routing/{closure}(Object(Illuminate/Http/Request))
#20 D:/FREELANCE/NONA/BengkelKu-POS/vendor/laravel/framework/src/Illuminate/Routing/Middleware/SubstituteBindings.php(51): Illuminate/Pipeline/Pipeline->Illuminate/Pipeline/{closure}(Object(Illuminate/Http/Request))
#21 D:/FREELANCE/NONA/BengkelKu-POS/vendor/laravel/framework/src/Illuminate/Pipeline/Pipeline.php(209): Illuminate/Routing/Middleware/SubstituteBindings->handle(Object(Illuminate/Http/Request), Object(Closure))
#22 D:/FREELANCE/NONA/BengkelKu-POS/vendor/laravel/framework/src/Illuminate/Auth/Middleware/Authenticate.php(64): Illuminate/Pipeline/Pipeline->Illuminate/Pipeline/{closure}(Object(Illuminate/Http/Request))
#23 D:/FREELANCE/NONA/BengkelKu-POS/vendor/laravel/framework/src/Illuminate/Pipeline/Pipeline.php(209): Illuminate/Auth/Middleware/Authenticate->handle(Object(Illuminate/Http/Request), Object(Closure))
#24 D:/FREELANCE/NONA/BengkelKu-POS/vendor/laravel/framework/src/Illuminate/Foundation/Http/Middleware/VerifyCsrfToken.php(88): Illuminate/Pipeline/Pipeline->Illuminate/Pipeline/{closure}(Object(Illuminate/Http/Request))
#25 D:/FREELANCE/NONA/BengkelKu-POS/vendor/laravel/framework/src/Illuminate/Pipeline/Pipeline.php(209): Illuminate/Foundation/Http/Middleware/VerifyCsrfToken->handle(Object(Illuminate/Http/Request), Object(Closure))
#26 D:/FREELANCE/NONA/BengkelKu-POS/vendor/laravel/framework/src/Illuminate/View/Middleware/ShareErrorsFromSession.php(49): Illuminate/Pipeline/Pipeline->Illuminate/Pipeline/{closure}(Object(Illuminate/Http/Request))
#27 D:/FREELANCE/NONA/BengkelKu-POS/vendor/laravel/framework/src/Illuminate/Pipeline/Pipeline.php(209): Illuminate/View/Middleware/ShareErrorsFromSession->handle(Object(Illuminate/Http/Request), Object(Closure))
#28 D:/FREELANCE/NONA/BengkelKu-POS/vendor/laravel/framework/src/Illuminate/Session/Middleware/StartSession.php(121): Illuminate/Pipeline/Pipeline->Illuminate/Pipeline/{closure}(Object(Illuminate/Http/Request))
#29 D:/FREELANCE/NONA/BengkelKu-POS/vendor/laravel/framework/src/Illuminate/Session/Middleware/StartSession.php(64): Illuminate/Session/Middleware/StartSession->handleStatefulRequest(Object(Illuminate/Http/Request), Object(Illuminate/Session/Store), Object(Closure))
#30 D:/FREELANCE/NONA/BengkelKu-POS/vendor/laravel/framework/src/Illuminate/Pipeline/Pipeline.php(209): Illuminate/Session/Middleware/StartSession->handle(Object(Illuminate/Http/Request), Object(Closure))
#31 D:/FREELANCE/NONA/BengkelKu-POS/vendor/laravel/framework/src/Illuminate/Cookie/Middleware/AddQueuedCookiesToResponse.php(37): Illuminate/Pipeline/Pipeline->Illuminate/Pipeline/{closure}(Object(Illuminate/Http/Request))
#32 D:/FREELANCE/NONA/BengkelKu-POS/vendor/laravel/framework/src/Illuminate/Pipeline/Pipeline.php(209): Illuminate/Cookie/Middleware/AddQueuedCookiesToResponse->handle(Object(Illuminate/Http/Request), Object(Closure))
#33 D:/FREELANCE/NONA/BengkelKu-POS/vendor/laravel/framework/src/Illuminate/Cookie/Middleware/EncryptCookies.php(75): Illuminate/Pipeline/Pipeline->Illuminate/Pipeline/{closure}(Object(Illuminate/Http/Request))
#34 D:/FREELANCE/NONA/BengkelKu-POS/vendor/laravel/framework/src/Illuminate/Pipeline/Pipeline.php(209): Illuminate/Cookie/Middleware/EncryptCookies->handle(Object(Illuminate/Http/Request), Object(Closure))
#35 D:/FREELANCE/NONA/BengkelKu-POS/vendor/laravel/framework/src/Illuminate/Pipeline/Pipeline.php(127): Illuminate/Pipeline/Pipeline->Illuminate/Pipeline/{closure}(Object(Illuminate/Http/Request))
#36 D:/FREELANCE/NONA/BengkelKu-POS/vendor/laravel/framework/src/Illuminate/Routing/Router.php(807): Illuminate/Pipeline/Pipeline->then(Object(Closure))
#37 D:/FREELANCE/NONA/BengkelKu-POS/vendor/laravel/framework/src/Illuminate/Routing/Router.php(786): Illuminate/Routing/Router->runRouteWithinStack(Object(Illuminate/Routing/Route), Object(Illuminate/Http/Request))
#38 D:/FREELANCE/NONA/BengkelKu-POS/vendor/laravel/framework/src/Illuminate/Routing/Router.php(750): Illuminate/Routing/Router->runRoute(Object(Illuminate/Http/Request), Object(Illuminate/Routing/Route))
#39 D:/FREELANCE/NONA/BengkelKu-POS/vendor/laravel/framework/src/Illuminate/Routing/Router.php(739): Illuminate/Routing/Router->dispatchToRoute(Object(Illuminate/Http/Request))
#40 D:/FREELANCE/NONA/BengkelKu-POS/vendor/laravel/framework/src/Illuminate/Foundation/Http/Kernel.php(201): Illuminate/Routing/Router->dispatch(Object(Illuminate/Http/Request))
#41 D:/FREELANCE/NONA/BengkelKu-POS/vendor/laravel/framework/src/Illuminate/Pipeline/Pipeline.php(170): Illuminate/Foundation/Http/Kernel->Illuminate/Foundation/Http/{closure}(Object(Illuminate/Http/Request))
#42 D:/FREELANCE/NONA/BengkelKu-POS/vendor/livewire/livewire/src/Features/SupportDisablingBackButtonCache/DisableBackButtonCacheMiddleware.php(19): Illuminate/Pipeline/Pipeline->Illuminate/Pipeline/{closure}(Object(Illuminate/Http/Request))
#43 D:/FREELANCE/NONA/BengkelKu-POS/vendor/laravel/framework/src/Illuminate/Pipeline/Pipeline.php(209): Livewire/Features/SupportDisablingBackButtonCache/DisableBackButtonCacheMiddleware->handle(Object(Illuminate/Http/Request), Object(Closure))
#44 D:/FREELANCE/NONA/BengkelKu-POS/vendor/laravel/framework/src/Illuminate/Foundation/Http/Middleware/TransformsRequest.php(21): Illuminate/Pipeline/Pipeline->Illuminate/Pipeline/{closure}(Object(Illuminate/Http/Request))
#45 D:/FREELANCE/NONA/BengkelKu-POS/vendor/laravel/framework/src/Illuminate/Foundation/Http/Middleware/ConvertEmptyStringsToNull.php(31): Illuminate/Foundation/Http/Middleware/TransformsRequest->handle(Object(Illuminate/Http/Request), Object(Closure))
#46 D:/FREELANCE/NONA/BengkelKu-POS/vendor/laravel/framework/src/Illuminate/Pipeline/Pipeline.php(209): Illuminate/Foundation/Http/Middleware/ConvertEmptyStringsToNull->handle(Object(Illuminate/Http/Request), Object(Closure))
#47 D:/FREELANCE/NONA/BengkelKu-POS/vendor/laravel/framework/src/Illuminate/Foundation/Http/Middleware/TransformsRequest.php(21): Illuminate/Pipeline/Pipeline->Illuminate/Pipeline/{closure}(Object(Illuminate/Http/Request))
#48 D:/FREELANCE/NONA/BengkelKu-POS/vendor/laravel/framework/src/Illuminate/Foundation/Http/Middleware/TrimStrings.php(51): Illuminate/Foundation/Http/Middleware/TransformsRequest->handle(Object(Illuminate/Http/Request), Object(Closure))
#49 D:/FREELANCE/NONA/BengkelKu-POS/vendor/laravel/framework/src/Illuminate/Pipeline/Pipeline.php(209): Illuminate/Foundation/Http/Middleware/TrimStrings->handle(Object(Illuminate/Http/Request), Object(Closure))
#50 D:/FREELANCE/NONA/BengkelKu-POS/vendor/laravel/framework/src/Illuminate/Http/Middleware/ValidatePostSize.php(27): Illuminate/Pipeline/Pipeline->Illuminate/Pipeline/{closure}(Object(Illuminate/Http/Request))
#51 D:/FREELANCE/NONA/BengkelKu-POS/vendor/laravel/framework/src/Illuminate/Pipeline/Pipeline.php(209): Illuminate/Http/Middleware/ValidatePostSize->handle(Object(Illuminate/Http/Request), Object(Closure))
#52 D:/FREELANCE/NONA/BengkelKu-POS/vendor/laravel/framework/src/Illuminate/Foundation/Http/Middleware/PreventRequestsDuringMaintenance.php(110): Illuminate/Pipeline/Pipeline->Illuminate/Pipeline/{closure}(Object(Illuminate/Http/Request))
#53 D:/FREELANCE/NONA/BengkelKu-POS/vendor/laravel/framework/src/Illuminate/Pipeline/Pipeline.php(209): Illuminate/Foundation/Http/Middleware/PreventRequestsDuringMaintenance->handle(Object(Illuminate/Http/Request), Object(Closure))
#54 D:/FREELANCE/NONA/BengkelKu-POS/vendor/laravel/framework/src/Illuminate/Http/Middleware/HandleCors.php(49): Illuminate/Pipeline/Pipeline->Illuminate/Pipeline/{closure}(Object(Illuminate/Http/Request))
#55 D:/FREELANCE/NONA/BengkelKu-POS/vendor/laravel/framework/src/Illuminate/Pipeline/Pipeline.php(209): Illuminate/Http/Middleware/HandleCors->handle(Object(Illuminate/Http/Request), Object(Closure))
#56 D:/FREELANCE/NONA/BengkelKu-POS/vendor/laravel/framework/src/Illuminate/Http/Middleware/TrustProxies.php(58): Illuminate/Pipeline/Pipeline->Illuminate/Pipeline/{closure}(Object(Illuminate/Http/Request))
#57 D:/FREELANCE/NONA/BengkelKu-POS/vendor/laravel/framework/src/Illuminate/Pipeline/Pipeline.php(209): Illuminate/Http/Middleware/TrustProxies->handle(Object(Illuminate/Http/Request), Object(Closure))
#58 D:/FREELANCE/NONA/BengkelKu-POS/vendor/laravel/framework/src/Illuminate/Foundation/Http/Middleware/InvokeDeferredCallbacks.php(22): Illuminate/Pipeline/Pipeline->Illuminate/Pipeline/{closure}(Object(Illuminate/Http/Request))
#59 D:/FREELANCE/NONA/BengkelKu-POS/vendor/laravel/framework/src/Illuminate/Pipeline/Pipeline.php(209): Illuminate/Foundation/Http/Middleware/InvokeDeferredCallbacks->handle(Object(Illuminate/Http/Request), Object(Closure))
#60 D:/FREELANCE/NONA/BengkelKu-POS/vendor/laravel/framework/src/Illuminate/Pipeline/Pipeline.php(127): Illuminate/Pipeline/Pipeline->Illuminate/Pipeline/{closure}(Object(Illuminate/Http/Request))
#61 D:/FREELANCE/NONA/BengkelKu-POS/vendor/laravel/framework/src/Illuminate/Foundation/Http/Kernel.php(176): Illuminate/Pipeline/Pipeline->then(Object(Closure))
#62 D:/FREELANCE/NONA/BengkelKu-POS/vendor/laravel/framework/src/Illuminate/Foundation/Http/Kernel.php(145): Illuminate/Foundation/Http/Kernel->sendRequestThroughRouter(Object(Illuminate/Http/Request))
#63 D:/FREELANCE/NONA/BengkelKu-POS/public/index.php(19): Illuminate/Foundation/Http/Kernel->handle(Object(Illuminate/Http/Request))
#64 D:/FREELANCE/NONA/BengkelKu-POS/vendor/laravel/framework/src/Illuminate/Foundation/resources/server.php(23): require_once('D://FREELANCE//NO...')
#65 {main}

[previous exception] [object] (ErrorException(code: 0): Undefined variable $activeWoCount at D:/FREELANCE/NONA/BengkelKu-POS/storage/framework/views/5267b311f0a68ba1c3b4e74a6e746c89.php:12)
[stacktrace]
#0 D:/FREELANCE/NONA/BengkelKu-POS/vendor/laravel/framework/src/Illuminate/Foundation/Bootstrap/HandleExceptions.php(258): Illuminate/Foundation/Bootstrap/HandleExceptions->handleError(2, 'Undefined varia...', 'D://FREELANCE//NO...', 12)
#1 D:/FREELANCE/NONA/BengkelKu-POS/storage/framework/views/5267b311f0a68ba1c3b4e74a6e746c89.php(12): Illuminate/Foundation/Bootstrap/HandleExceptions->Illuminate/Foundation/Bootstrap/{closure}(2, 'Undefined varia...', 'D://FREELANCE//NO...', 12)
#2 D:/FREELANCE/NONA/BengkelKu-POS/vendor/livewire/livewire/src/Mechanisms/ExtendBlade/ExtendedCompilerEngine.php(37): include('D://FREELANCE//NO...')
#3 D:/FREELANCE/NONA/BengkelKu-POS/vendor/livewire/livewire/src/Mechanisms/ExtendBlade/ExtendedCompilerEngine.php(38): App/Livewire/MobileMechanic/Home->Livewire/Mechanisms/ExtendBlade/{closure}()
#4 D:/FREELANCE/NONA/BengkelKu-POS/vendor/laravel/framework/src/Illuminate/View/Engines/CompilerEngine.php(75): Livewire/Mechanisms/ExtendBlade/ExtendedCompilerEngine->evaluatePath('D://FREELANCE//NO...', Array)
#5 D:/FREELANCE/NONA/BengkelKu-POS/vendor/livewire/livewire/src/Mechanisms/ExtendBlade/ExtendedCompilerEngine.php(16): Illuminate/View/Engines/CompilerEngine->get('D://FREELANCE//NO...', Array)
#6 D:/FREELANCE/NONA/BengkelKu-POS/vendor/laravel/framework/src/Illuminate/View/View.php(209): Livewire/Mechanisms/ExtendBlade/ExtendedCompilerEngine->get('D://FREELANCE//NO...', Array)
#7 D:/FREELANCE/NONA/BengkelKu-POS/vendor/laravel/framework/src/Illuminate/View/View.php(192): Illuminate/View/View->getContents()
#8 D:/FREELANCE/NONA/BengkelKu-POS/vendor/laravel/framework/src/Illuminate/View/View.php(161): Illuminate/View/View->renderContents()
#9 D:/FREELANCE/NONA/BengkelKu-POS/vendor/livewire/livewire/src/Mechanisms/HandleComponents/HandleComponents.php(288): Illuminate/View/View->render(Object(Closure))
#10 D:/FREELANCE/NONA/BengkelKu-POS/vendor/livewire/livewire/src/Mechanisms/HandleComponents/HandleComponents.php(332): Livewire/Mechanisms/HandleComponents/HandleComponents->Livewire/Mechanisms/HandleComponents/{closure}()
#11 D:/FREELANCE/NONA/BengkelKu-POS/vendor/livewire/livewire/src/Mechanisms/HandleComponents/HandleComponents.php(280): Livewire/Mechanisms/HandleComponents/HandleComponents->trackInRenderStack(Object(App/Livewire/MobileMechanic/Home), Object(Closure))
#12 D:/FREELANCE/NONA/BengkelKu-POS/vendor/livewire/livewire/src/Mechanisms/HandleComponents/HandleComponents.php(54): Livewire/Mechanisms/HandleComponents/HandleComponents->render(Object(App/Livewire/MobileMechanic/Home), '<div></div>')
#13 D:/FREELANCE/NONA/BengkelKu-POS/vendor/livewire/livewire/src/LivewireManager.php(73): Livewire/Mechanisms/HandleComponents/HandleComponents->mount('App//Livewire//Mo...', Array, NULL)
#14 D:/FREELANCE/NONA/BengkelKu-POS/vendor/livewire/livewire/src/Features/SupportPageComponents/HandlesPageComponents.php(17): Livewire/LivewireManager->mount('App//Livewire//Mo...', Array)
#15 D:/FREELANCE/NONA/BengkelKu-POS/vendor/livewire/livewire/src/Features/SupportPageComponents/SupportPageComponents.php(117): Livewire/Component->Livewire/Features/SupportPageComponents/{closure}()
#16 D:/FREELANCE/NONA/BengkelKu-POS/vendor/livewire/livewire/src/Features/SupportPageComponents/HandlesPageComponents.php(14): Livewire/Features/SupportPageComponents/SupportPageComponents::interceptTheRenderOfTheComponentAndRetreiveTheLayoutConfiguration(Object(Closure))
#17 D:/FREELANCE/NONA/BengkelKu-POS/vendor/laravel/framework/src/Illuminate/Routing/ControllerDispatcher.php(47): Livewire/Component->__invoke()
#18 D:/FREELANCE/NONA/BengkelKu-POS/vendor/laravel/framework/src/Illuminate/Routing/Route.php(266): Illuminate/Routing/ControllerDispatcher->dispatch(Object(Illuminate/Routing/Route), Object(App/Livewire/MobileMechanic/Home), '__invoke')
#19 D:/FREELANCE/NONA/BengkelKu-POS/vendor/laravel/framework/src/Illuminate/Routing/Route.php(212): Illuminate/Routing/Route->runController()
#20 D:/FREELANCE/NONA/BengkelKu-POS/vendor/laravel/framework/src/Illuminate/Routing/Router.php(808): Illuminate/Routing/Route->run()
#21 D:/FREELANCE/NONA/BengkelKu-POS/vendor/laravel/framework/src/Illuminate/Pipeline/Pipeline.php(170): Illuminate/Routing/Router->Illuminate/Routing/{closure}(Object(Illuminate/Http/Request))
#22 D:/FREELANCE/NONA/BengkelKu-POS/vendor/laravel/framework/src/Illuminate/Routing/Middleware/SubstituteBindings.php(51): Illuminate/Pipeline/Pipeline->Illuminate/Pipeline/{closure}(Object(Illuminate/Http/Request))
#23 D:/FREELANCE/NONA/BengkelKu-POS/vendor/laravel/framework/src/Illuminate/Pipeline/Pipeline.php(209): Illuminate/Routing/Middleware/SubstituteBindings->handle(Object(Illuminate/Http/Request), Object(Closure))
#24 D:/FREELANCE/NONA/BengkelKu-POS/vendor/laravel/framework/src/Illuminate/Auth/Middleware/Authenticate.php(64): Illuminate/Pipeline/Pipeline->Illuminate/Pipeline/{closure}(Object(Illuminate/Http/Request))
#25 D:/FREELANCE/NONA/BengkelKu-POS/vendor/laravel/framework/src/Illuminate/Pipeline/Pipeline.php(209): Illuminate/Auth/Middleware/Authenticate->handle(Object(Illuminate/Http/Request), Object(Closure))
#26 D:/FREELANCE/NONA/BengkelKu-POS/vendor/laravel/framework/src/Illuminate/Foundation/Http/Middleware/VerifyCsrfToken.php(88): Illuminate/Pipeline/Pipeline->Illuminate/Pipeline/{closure}(Object(Illuminate/Http/Request))
#27 D:/FREELANCE/NONA/BengkelKu-POS/vendor/laravel/framework/src/Illuminate/Pipeline/Pipeline.php(209): Illuminate/Foundation/Http/Middleware/VerifyCsrfToken->handle(Object(Illuminate/Http/Request), Object(Closure))
#28 D:/FREELANCE/NONA/BengkelKu-POS/vendor/laravel/framework/src/Illuminate/View/Middleware/ShareErrorsFromSession.php(49): Illuminate/Pipeline/Pipeline->Illuminate/Pipeline/{closure}(Object(Illuminate/Http/Request))
#29 D:/FREELANCE/NONA/BengkelKu-POS/vendor/laravel/framework/src/Illuminate/Pipeline/Pipeline.php(209): Illuminate/View/Middleware/ShareErrorsFromSession->handle(Object(Illuminate/Http/Request), Object(Closure))
#30 D:/FREELANCE/NONA/BengkelKu-POS/vendor/laravel/framework/src/Illuminate/Session/Middleware/StartSession.php(121): Illuminate/Pipeline/Pipeline->Illuminate/Pipeline/{closure}(Object(Illuminate/Http/Request))
#31 D:/FREELANCE/NONA/BengkelKu-POS/vendor/laravel/framework/src/Illuminate/Session/Middleware/StartSession.php(64): Illuminate/Session/Middleware/StartSession->handleStatefulRequest(Object(Illuminate/Http/Request), Object(Illuminate/Session/Store), Object(Closure))
#32 D:/FREELANCE/NONA/BengkelKu-POS/vendor/laravel/framework/src/Illuminate/Pipeline/Pipeline.php(209): Illuminate/Session/Middleware/StartSession->handle(Object(Illuminate/Http/Request), Object(Closure))
#33 D:/FREELANCE/NONA/BengkelKu-POS/vendor/laravel/framework/src/Illuminate/Cookie/Middleware/AddQueuedCookiesToResponse.php(37): Illuminate/Pipeline/Pipeline->Illuminate/Pipeline/{closure}(Object(Illuminate/Http/Request))
#34 D:/FREELANCE/NONA/BengkelKu-POS/vendor/laravel/framework/src/Illuminate/Pipeline/Pipeline.php(209): Illuminate/Cookie/Middleware/AddQueuedCookiesToResponse->handle(Object(Illuminate/Http/Request), Object(Closure))
#35 D:/FREELANCE/NONA/BengkelKu-POS/vendor/laravel/framework/src/Illuminate/Cookie/Middleware/EncryptCookies.php(75): Illuminate/Pipeline/Pipeline->Illuminate/Pipeline/{closure}(Object(Illuminate/Http/Request))
#36 D:/FREELANCE/NONA/BengkelKu-POS/vendor/laravel/framework/src/Illuminate/Pipeline/Pipeline.php(209): Illuminate/Cookie/Middleware/EncryptCookies->handle(Object(Illuminate/Http/Request), Object(Closure))
#37 D:/FREELANCE/NONA/BengkelKu-POS/vendor/laravel/framework/src/Illuminate/Pipeline/Pipeline.php(127): Illuminate/Pipeline/Pipeline->Illuminate/Pipeline/{closure}(Object(Illuminate/Http/Request))
#38 D:/FREELANCE/NONA/BengkelKu-POS/vendor/laravel/framework/src/Illuminate/Routing/Router.php(807): Illuminate/Pipeline/Pipeline->then(Object(Closure))
#39 D:/FREELANCE/NONA/BengkelKu-POS/vendor/laravel/framework/src/Illuminate/Routing/Router.php(786): Illuminate/Routing/Router->runRouteWithinStack(Object(Illuminate/Routing/Route), Object(Illuminate/Http/Request))
#40 D:/FREELANCE/NONA/BengkelKu-POS/vendor/laravel/framework/src/Illuminate/Routing/Router.php(750): Illuminate/Routing/Router->runRoute(Object(Illuminate/Http/Request), Object(Illuminate/Routing/Route))
#41 D:/FREELANCE/NONA/BengkelKu-POS/vendor/laravel/framework/src/Illuminate/Routing/Router.php(739): Illuminate/Routing/Router->dispatchToRoute(Object(Illuminate/Http/Request))
#42 D:/FREELANCE/NONA/BengkelKu-POS/vendor/laravel/framework/src/Illuminate/Foundation/Http/Kernel.php(201): Illuminate/Routing/Router->dispatch(Object(Illuminate/Http/Request))
#43 D:/FREELANCE/NONA/BengkelKu-POS/vendor/laravel/framework/src/Illuminate/Pipeline/Pipeline.php(170): Illuminate/Foundation/Http/Kernel->Illuminate/Foundation/Http/{closure}(Object(Illuminate/Http/Request))
#44 D:/FREELANCE/NONA/BengkelKu-POS/vendor/livewire/livewire/src/Features/SupportDisablingBackButtonCache/DisableBackButtonCacheMiddleware.php(19): Illuminate/Pipeline/Pipeline->Illuminate/Pipeline/{closure}(Object(Illuminate/Http/Request))
#45 D:/FREELANCE/NONA/BengkelKu-POS/vendor/laravel/framework/src/Illuminate/Pipeline/Pipeline.php(209): Livewire/Features/SupportDisablingBackButtonCache/DisableBackButtonCacheMiddleware->handle(Object(Illuminate/Http/Request), Object(Closure))
#46 D:/FREELANCE/NONA/BengkelKu-POS/vendor/laravel/framework/src/Illuminate/Foundation/Http/Middleware/TransformsRequest.php(21): Illuminate/Pipeline/Pipeline->Illuminate/Pipeline/{closure}(Object(Illuminate/Http/Request))
#47 D:/FREELANCE/NONA/BengkelKu-POS/vendor/laravel/framework/src/Illuminate/Foundation/Http/Middleware/ConvertEmptyStringsToNull.php(31): Illuminate/Foundation/Http/Middleware/TransformsRequest->handle(Object(Illuminate/Http/Request), Object(Closure))
#48 D:/FREELANCE/NONA/BengkelKu-POS/vendor/laravel/framework/src/Illuminate/Pipeline/Pipeline.php(209): Illuminate/Foundation/Http/Middleware/ConvertEmptyStringsToNull->handle(Object(Illuminate/Http/Request), Object(Closure))
#49 D:/FREELANCE/NONA/BengkelKu-POS/vendor/laravel/framework/src/Illuminate/Foundation/Http/Middleware/TransformsRequest.php(21): Illuminate/Pipeline/Pipeline->Illuminate/Pipeline/{closure}(Object(Illuminate/Http/Request))
#50 D:/FREELANCE/NONA/BengkelKu-POS/vendor/laravel/framework/src/Illuminate/Foundation/Http/Middleware/TrimStrings.php(51): Illuminate/Foundation/Http/Middleware/TransformsRequest->handle(Object(Illuminate/Http/Request), Object(Closure))
#51 D:/FREELANCE/NONA/BengkelKu-POS/vendor/laravel/framework/src/Illuminate/Pipeline/Pipeline.php(209): Illuminate/Foundation/Http/Middleware/TrimStrings->handle(Object(Illuminate/Http/Request), Object(Closure))
#52 D:/FREELANCE/NONA/BengkelKu-POS/vendor/laravel/framework/src/Illuminate/Http/Middleware/ValidatePostSize.php(27): Illuminate/Pipeline/Pipeline->Illuminate/Pipeline/{closure}(Object(Illuminate/Http/Request))
#53 D:/FREELANCE/NONA/BengkelKu-POS/vendor/laravel/framework/src/Illuminate/Pipeline/Pipeline.php(209): Illuminate/Http/Middleware/ValidatePostSize->handle(Object(Illuminate/Http/Request), Object(Closure))
#54 D:/FREELANCE/NONA/BengkelKu-POS/vendor/laravel/framework/src/Illuminate/Foundation/Http/Middleware/PreventRequestsDuringMaintenance.php(110): Illuminate/Pipeline/Pipeline->Illuminate/Pipeline/{closure}(Object(Illuminate/Http/Request))
#55 D:/FREELANCE/NONA/BengkelKu-POS/vendor/laravel/framework/src/Illuminate/Pipeline/Pipeline.php(209): Illuminate/Foundation/Http/Middleware/PreventRequestsDuringMaintenance->handle(Object(Illuminate/Http/Request), Object(Closure))
#56 D:/FREELANCE/NONA/BengkelKu-POS/vendor/laravel/framework/src/Illuminate/Http/Middleware/HandleCors.php(49): Illuminate/Pipeline/Pipeline->Illuminate/Pipeline/{closure}(Object(Illuminate/Http/Request))
#57 D:/FREELANCE/NONA/BengkelKu-POS/vendor/laravel/framework/src/Illuminate/Pipeline/Pipeline.php(209): Illuminate/Http/Middleware/HandleCors->handle(Object(Illuminate/Http/Request), Object(Closure))
#58 D:/FREELANCE/NONA/BengkelKu-POS/vendor/laravel/framework/src/Illuminate/Http/Middleware/TrustProxies.php(58): Illuminate/Pipeline/Pipeline->Illuminate/Pipeline/{closure}(Object(Illuminate/Http/Request))
#59 D:/FREELANCE/NONA/BengkelKu-POS/vendor/laravel/framework/src/Illuminate/Pipeline/Pipeline.php(209): Illuminate/Http/Middleware/TrustProxies->handle(Object(Illuminate/Http/Request), Object(Closure))
#60 D:/FREELANCE/NONA/BengkelKu-POS/vendor/laravel/framework/src/Illuminate/Foundation/Http/Middleware/InvokeDeferredCallbacks.php(22): Illuminate/Pipeline/Pipeline->Illuminate/Pipeline/{closure}(Object(Illuminate/Http/Request))
#61 D:/FREELANCE/NONA/BengkelKu-POS/vendor/laravel/framework/src/Illuminate/Pipeline/Pipeline.php(209): Illuminate/Foundation/Http/Middleware/InvokeDeferredCallbacks->handle(Object(Illuminate/Http/Request), Object(Closure))
#62 D:/FREELANCE/NONA/BengkelKu-POS/vendor/laravel/framework/src/Illuminate/Pipeline/Pipeline.php(127): Illuminate/Pipeline/Pipeline->Illuminate/Pipeline/{closure}(Object(Illuminate/Http/Request))
#63 D:/FREELANCE/NONA/BengkelKu-POS/vendor/laravel/framework/src/Illuminate/Foundation/Http/Kernel.php(176): Illuminate/Pipeline/Pipeline->then(Object(Closure))
#64 D:/FREELANCE/NONA/BengkelKu-POS/vendor/laravel/framework/src/Illuminate/Foundation/Http/Kernel.php(145): Illuminate/Foundation/Http/Kernel->sendRequestThroughRouter(Object(Illuminate/Http/Request))
#65 D:/FREELANCE/NONA/BengkelKu-POS/public/index.php(19): Illuminate/Foundation/Http/Kernel->handle(Object(Illuminate/Http/Request))
#66 D:/FREELANCE/NONA/BengkelKu-POS/vendor/laravel/framework/src/Illuminate/Foundation/resources/server.php(23): require_once('D://FREELANCE//NO...')
#67 {main}
"} 
[2026-08-31 11:23:57] local.ERROR: Undefined variable $workOrders (View: D:\FREELANCE\NONA\BengkelKu-POS\resources\views\livewire\mobile\wo.blade.php) {"userId":"a2a12424-3bbe-4cb5-b0d9-5e931f25e6ec","exception":"[object] (Illuminate\\View\\ViewException(code: 0): Undefined variable $workOrders (View: D:\\FREELANCE\\NONA\\BengkelKu-POS\\resources\\views\\livewire\\mobile\\wo.blade.php) at D:/FREELANCE/NONA/BengkelKu-POS/storage/framework/views/b0385ebe89fcbbfe410f3dcbeba6ec8e.php:13)
[stacktrace]
#0 D:/FREELANCE/NONA/BengkelKu-POS/vendor/livewire/livewire/src/Mechanisms/ExtendBlade/ExtendedCompilerEngine.php(58): Illuminate/View/Engines/CompilerEngine->handleViewException(Object(ErrorException), 1)
#1 D:/FREELANCE/NONA/BengkelKu-POS/vendor/livewire/livewire/src/Mechanisms/ExtendBlade/ExtendedCompilerEngine.php(40): Livewire/Mechanisms/ExtendBlade/ExtendedCompilerEngine->handleViewException(Object(ErrorException), 1)
#2 D:/FREELANCE/NONA/BengkelKu-POS/vendor/laravel/framework/src/Illuminate/View/Engines/CompilerEngine.php(75): Livewire/Mechanisms/ExtendBlade/ExtendedCompilerEngine->evaluatePath('D://FREELANCE//NO...', Array)
#3 D:/FREELANCE/NONA/BengkelKu-POS/vendor/livewire/livewire/src/Mechanisms/ExtendBlade/ExtendedCompilerEngine.php(16): Illuminate/View/Engines/CompilerEngine->get('D://FREELANCE//NO...', Array)
#4 D:/FREELANCE/NONA/BengkelKu-POS/vendor/laravel/framework/src/Illuminate/View/View.php(209): Livewire/Mechanisms/ExtendBlade/ExtendedCompilerEngine->get('D://FREELANCE//NO...', Array)
#5 D:/FREELANCE/NONA/BengkelKu-POS/vendor/laravel/framework/src/Illuminate/View/View.php(192): Illuminate/View/View->getContents()
#6 D:/FREELANCE/NONA/BengkelKu-POS/vendor/laravel/framework/src/Illuminate/View/View.php(161): Illuminate/View/View->renderContents()
#7 D:/FREELANCE/NONA/BengkelKu-POS/vendor/livewire/livewire/src/Mechanisms/HandleComponents/HandleComponents.php(288): Illuminate/View/View->render(Object(Closure))
#8 D:/FREELANCE/NONA/BengkelKu-POS/vendor/livewire/livewire/src/Mechanisms/HandleComponents/HandleComponents.php(332): Livewire/Mechanisms/HandleComponents/HandleComponents->Livewire/Mechanisms/HandleComponents/{closure}()
#9 D:/FREELANCE/NONA/BengkelKu-POS/vendor/livewire/livewire/src/Mechanisms/HandleComponents/HandleComponents.php(280): Livewire/Mechanisms/HandleComponents/HandleComponents->trackInRenderStack(Object(App/Livewire/MobileMechanic/WorkOrders), Object(Closure))
#10 D:/FREELANCE/NONA/BengkelKu-POS/vendor/livewire/livewire/src/Mechanisms/HandleComponents/HandleComponents.php(54): Livewire/Mechanisms/HandleComponents/HandleComponents->render(Object(App/Livewire/MobileMechanic/WorkOrders), '<div></div>')
#11 D:/FREELANCE/NONA/BengkelKu-POS/vendor/livewire/livewire/src/LivewireManager.php(73): Livewire/Mechanisms/HandleComponents/HandleComponents->mount('App//Livewire//Mo...', Array, NULL)
#12 D:/FREELANCE/NONA/BengkelKu-POS/vendor/livewire/livewire/src/Features/SupportPageComponents/HandlesPageComponents.php(17): Livewire/LivewireManager->mount('App//Livewire//Mo...', Array)
#13 D:/FREELANCE/NONA/BengkelKu-POS/vendor/livewire/livewire/src/Features/SupportPageComponents/SupportPageComponents.php(117): Livewire/Component->Livewire/Features/SupportPageComponents/{closure}()
#14 D:/FREELANCE/NONA/BengkelKu-POS/vendor/livewire/livewire/src/Features/SupportPageComponents/HandlesPageComponents.php(14): Livewire/Features/SupportPageComponents/SupportPageComponents::interceptTheRenderOfTheComponentAndRetreiveTheLayoutConfiguration(Object(Closure))
#15 D:/FREELANCE/NONA/BengkelKu-POS/vendor/laravel/framework/src/Illuminate/Routing/ControllerDispatcher.php(47): Livewire/Component->__invoke()
#16 D:/FREELANCE/NONA/BengkelKu-POS/vendor/laravel/framework/src/Illuminate/Routing/Route.php(266): Illuminate/Routing/ControllerDispatcher->dispatch(Object(Illuminate/Routing/Route), Object(App/Livewire/MobileMechanic/WorkOrders), '__invoke')
#17 D:/FREELANCE/NONA/BengkelKu-POS/vendor/laravel/framework/src/Illuminate/Routing/Route.php(212): Illuminate/Routing/Route->runController()
#18 D:/FREELANCE/NONA/BengkelKu-POS/vendor/laravel/framework/src/Illuminate/Routing/Router.php(808): Illuminate/Routing/Route->run()
#19 D:/FREELANCE/NONA/BengkelKu-POS/vendor/laravel/framework/src/Illuminate/Pipeline/Pipeline.php(170): Illuminate/Routing/Router->Illuminate/Routing/{closure}(Object(Illuminate/Http/Request))
#20 D:/FREELANCE/NONA/BengkelKu-POS/vendor/laravel/framework/src/Illuminate/Routing/Middleware/SubstituteBindings.php(51): Illuminate/Pipeline/Pipeline->Illuminate/Pipeline/{closure}(Object(Illuminate/Http/Request))
#21 D:/FREELANCE/NONA/BengkelKu-POS/vendor/laravel/framework/src/Illuminate/Pipeline/Pipeline.php(209): Illuminate/Routing/Middleware/SubstituteBindings->handle(Object(Illuminate/Http/Request), Object(Closure))
#22 D:/FREELANCE/NONA/BengkelKu-POS/vendor/laravel/framework/src/Illuminate/Auth/Middleware/Authenticate.php(64): Illuminate/Pipeline/Pipeline->Illuminate/Pipeline/{closure}(Object(Illuminate/Http/Request))
#23 D:/FREELANCE/NONA/BengkelKu-POS/vendor/laravel/framework/src/Illuminate/Pipeline/Pipeline.php(209): Illuminate/Auth/Middleware/Authenticate->handle(Object(Illuminate/Http/Request), Object(Closure))
#24 D:/FREELANCE/NONA/BengkelKu-POS/vendor/laravel/framework/src/Illuminate/Foundation/Http/Middleware/VerifyCsrfToken.php(88): Illuminate/Pipeline/Pipeline->Illuminate/Pipeline/{closure}(Object(Illuminate/Http/Request))
#25 D:/FREELANCE/NONA/BengkelKu-POS/vendor/laravel/framework/src/Illuminate/Pipeline/Pipeline.php(209): Illuminate/Foundation/Http/Middleware/VerifyCsrfToken->handle(Object(Illuminate/Http/Request), Object(Closure))
#26 D:/FREELANCE/NONA/BengkelKu-POS/vendor/laravel/framework/src/Illuminate/View/Middleware/ShareErrorsFromSession.php(49): Illuminate/Pipeline/Pipeline->Illuminate/Pipeline/{closure}(Object(Illuminate/Http/Request))
#27 D:/FREELANCE/NONA/BengkelKu-POS/vendor/laravel/framework/src/Illuminate/Pipeline/Pipeline.php(209): Illuminate/View/Middleware/ShareErrorsFromSession->handle(Object(Illuminate/Http/Request), Object(Closure))
#28 D:/FREELANCE/NONA/BengkelKu-POS/vendor/laravel/framework/src/Illuminate/Session/Middleware/StartSession.php(121): Illuminate/Pipeline/Pipeline->Illuminate/Pipeline/{closure}(Object(Illuminate/Http/Request))
#29 D:/FREELANCE/NONA/BengkelKu-POS/vendor/laravel/framework/src/Illuminate/Session/Middleware/StartSession.php(64): Illuminate/Session/Middleware/StartSession->handleStatefulRequest(Object(Illuminate/Http/Request), Object(Illuminate/Session/Store), Object(Closure))
#30 D:/FREELANCE/NONA/BengkelKu-POS/vendor/laravel/framework/src/Illuminate/Pipeline/Pipeline.php(209): Illuminate/Session/Middleware/StartSession->handle(Object(Illuminate/Http/Request), Object(Closure))
#31 D:/FREELANCE/NONA/BengkelKu-POS/vendor/laravel/framework/src/Illuminate/Cookie/Middleware/AddQueuedCookiesToResponse.php(37): Illuminate/Pipeline/Pipeline->Illuminate/Pipeline/{closure}(Object(Illuminate/Http/Request))
#32 D:/FREELANCE/NONA/BengkelKu-POS/vendor/laravel/framework/src/Illuminate/Pipeline/Pipeline.php(209): Illuminate/Cookie/Middleware/AddQueuedCookiesToResponse->handle(Object(Illuminate/Http/Request), Object(Closure))
#33 D:/FREELANCE/NONA/BengkelKu-POS/vendor/laravel/framework/src/Illuminate/Cookie/Middleware/EncryptCookies.php(75): Illuminate/Pipeline/Pipeline->Illuminate/Pipeline/{closure}(Object(Illuminate/Http/Request))
#34 D:/FREELANCE/NONA/BengkelKu-POS/vendor/laravel/framework/src/Illuminate/Pipeline/Pipeline.php(209): Illuminate/Cookie/Middleware/EncryptCookies->handle(Object(Illuminate/Http/Request), Object(Closure))
#35 D:/FREELANCE/NONA/BengkelKu-POS/vendor/laravel/framework/src/Illuminate/Pipeline/Pipeline.php(127): Illuminate/Pipeline/Pipeline->Illuminate/Pipeline/{closure}(Object(Illuminate/Http/Request))
#36 D:/FREELANCE/NONA/BengkelKu-POS/vendor/laravel/framework/src/Illuminate/Routing/Router.php(807): Illuminate/Pipeline/Pipeline->then(Object(Closure))
#37 D:/FREELANCE/NONA/BengkelKu-POS/vendor/laravel/framework/src/Illuminate/Routing/Router.php(786): Illuminate/Routing/Router->runRouteWithinStack(Object(Illuminate/Routing/Route), Object(Illuminate/Http/Request))
#38 D:/FREELANCE/NONA/BengkelKu-POS/vendor/laravel/framework/src/Illuminate/Routing/Router.php(750): Illuminate/Routing/Router->runRoute(Object(Illuminate/Http/Request), Object(Illuminate/Routing/Route))
#39 D:/FREELANCE/NONA/BengkelKu-POS/vendor/laravel/framework/src/Illuminate/Routing/Router.php(739): Illuminate/Routing/Router->dispatchToRoute(Object(Illuminate/Http/Request))
#40 D:/FREELANCE/NONA/BengkelKu-POS/vendor/laravel/framework/src/Illuminate/Foundation/Http/Kernel.php(201): Illuminate/Routing/Router->dispatch(Object(Illuminate/Http/Request))
#41 D:/FREELANCE/NONA/BengkelKu-POS/vendor/laravel/framework/src/Illuminate/Pipeline/Pipeline.php(170): Illuminate/Foundation/Http/Kernel->Illuminate/Foundation/Http/{closure}(Object(Illuminate/Http/Request))
#42 D:/FREELANCE/NONA/BengkelKu-POS/vendor/livewire/livewire/src/Features/SupportDisablingBackButtonCache/DisableBackButtonCacheMiddleware.php(19): Illuminate/Pipeline/Pipeline->Illuminate/Pipeline/{closure}(Object(Illuminate/Http/Request))
#43 D:/FREELANCE/NONA/BengkelKu-POS/vendor/laravel/framework/src/Illuminate/Pipeline/Pipeline.php(209): Livewire/Features/SupportDisablingBackButtonCache/DisableBackButtonCacheMiddleware->handle(Object(Illuminate/Http/Request), Object(Closure))
#44 D:/FREELANCE/NONA/BengkelKu-POS/vendor/laravel/framework/src/Illuminate/Foundation/Http/Middleware/TransformsRequest.php(21): Illuminate/Pipeline/Pipeline->Illuminate/Pipeline/{closure}(Object(Illuminate/Http/Request))
#45 D:/FREELANCE/NONA/BengkelKu-POS/vendor/laravel/framework/src/Illuminate/Foundation/Http/Middleware/ConvertEmptyStringsToNull.php(31): Illuminate/Foundation/Http/Middleware/TransformsRequest->handle(Object(Illuminate/Http/Request), Object(Closure))
#46 D:/FREELANCE/NONA/BengkelKu-POS/vendor/laravel/framework/src/Illuminate/Pipeline/Pipeline.php(209): Illuminate/Foundation/Http/Middleware/ConvertEmptyStringsToNull->handle(Object(Illuminate/Http/Request), Object(Closure))
#47 D:/FREELANCE/NONA/BengkelKu-POS/vendor/laravel/framework/src/Illuminate/Foundation/Http/Middleware/TransformsRequest.php(21): Illuminate/Pipeline/Pipeline->Illuminate/Pipeline/{closure}(Object(Illuminate/Http/Request))
#48 D:/FREELANCE/NONA/BengkelKu-POS/vendor/laravel/framework/src/Illuminate/Foundation/Http/Middleware/TrimStrings.php(51): Illuminate/Foundation/Http/Middleware/TransformsRequest->handle(Object(Illuminate/Http/Request), Object(Closure))
#49 D:/FREELANCE/NONA/BengkelKu-POS/vendor/laravel/framework/src/Illuminate/Pipeline/Pipeline.php(209): Illuminate/Foundation/Http/Middleware/TrimStrings->handle(Object(Illuminate/Http/Request), Object(Closure))
#50 D:/FREELANCE/NONA/BengkelKu-POS/vendor/laravel/framework/src/Illuminate/Http/Middleware/ValidatePostSize.php(27): Illuminate/Pipeline/Pipeline->Illuminate/Pipeline/{closure}(Object(Illuminate/Http/Request))
#51 D:/FREELANCE/NONA/BengkelKu-POS/vendor/laravel/framework/src/Illuminate/Pipeline/Pipeline.php(209): Illuminate/Http/Middleware/ValidatePostSize->handle(Object(Illuminate/Http/Request), Object(Closure))
#52 D:/FREELANCE/NONA/BengkelKu-POS/vendor/laravel/framework/src/Illuminate/Foundation/Http/Middleware/PreventRequestsDuringMaintenance.php(110): Illuminate/Pipeline/Pipeline->Illuminate/Pipeline/{closure}(Object(Illuminate/Http/Request))
#53 D:/FREELANCE/NONA/BengkelKu-POS/vendor/laravel/framework/src/Illuminate/Pipeline/Pipeline.php(209): Illuminate/Foundation/Http/Middleware/PreventRequestsDuringMaintenance->handle(Object(Illuminate/Http/Request), Object(Closure))
#54 D:/FREELANCE/NONA/BengkelKu-POS/vendor/laravel/framework/src/Illuminate/Http/Middleware/HandleCors.php(49): Illuminate/Pipeline/Pipeline->Illuminate/Pipeline/{closure}(Object(Illuminate/Http/Request))
#55 D:/FREELANCE/NONA/BengkelKu-POS/vendor/laravel/framework/src/Illuminate/Pipeline/Pipeline.php(209): Illuminate/Http/Middleware/HandleCors->handle(Object(Illuminate/Http/Request), Object(Closure))
#56 D:/FREELANCE/NONA/BengkelKu-POS/vendor/laravel/framework/src/Illuminate/Http/Middleware/TrustProxies.php(58): Illuminate/Pipeline/Pipeline->Illuminate/Pipeline/{closure}(Object(Illuminate/Http/Request))
#57 D:/FREELANCE/NONA/BengkelKu-POS/vendor/laravel/framework/src/Illuminate/Pipeline/Pipeline.php(209): Illuminate/Http/Middleware/TrustProxies->handle(Object(Illuminate/Http/Request), Object(Closure))
#58 D:/FREELANCE/NONA/BengkelKu-POS/vendor/laravel/framework/src/Illuminate/Foundation/Http/Middleware/InvokeDeferredCallbacks.php(22): Illuminate/Pipeline/Pipeline->Illuminate/Pipeline/{closure}(Object(Illuminate/Http/Request))
#59 D:/FREELANCE/NONA/BengkelKu-POS/vendor/laravel/framework/src/Illuminate/Pipeline/Pipeline.php(209): Illuminate/Foundation/Http/Middleware/InvokeDeferredCallbacks->handle(Object(Illuminate/Http/Request), Object(Closure))
#60 D:/FREELANCE/NONA/BengkelKu-POS/vendor/laravel/framework/src/Illuminate/Pipeline/Pipeline.php(127): Illuminate/Pipeline/Pipeline->Illuminate/Pipeline/{closure}(Object(Illuminate/Http/Request))
#61 D:/FREELANCE/NONA/BengkelKu-POS/vendor/laravel/framework/src/Illuminate/Foundation/Http/Kernel.php(176): Illuminate/Pipeline/Pipeline->then(Object(Closure))
#62 D:/FREELANCE/NONA/BengkelKu-POS/vendor/laravel/framework/src/Illuminate/Foundation/Http/Kernel.php(145): Illuminate/Foundation/Http/Kernel->sendRequestThroughRouter(Object(Illuminate/Http/Request))
#63 D:/FREELANCE/NONA/BengkelKu-POS/public/index.php(19): Illuminate/Foundation/Http/Kernel->handle(Object(Illuminate/Http/Request))
#64 D:/FREELANCE/NONA/BengkelKu-POS/vendor/laravel/framework/src/Illuminate/Foundation/resources/server.php(23): require_once('D://FREELANCE//NO...')
#65 {main}

[previous exception] [object] (ErrorException(code: 0): Undefined variable $workOrders at D:/FREELANCE/NONA/BengkelKu-POS/storage/framework/views/b0385ebe89fcbbfe410f3dcbeba6ec8e.php:13)
[stacktrace]
#0 D:/FREELANCE/NONA/BengkelKu-POS/vendor/laravel/framework/src/Illuminate/Foundation/Bootstrap/HandleExceptions.php(258): Illuminate/Foundation/Bootstrap/HandleExceptions->handleError(2, 'Undefined varia...', 'D://FREELANCE//NO...', 13)
#1 D:/FREELANCE/NONA/BengkelKu-POS/storage/framework/views/b0385ebe89fcbbfe410f3dcbeba6ec8e.php(13): Illuminate/Foundation/Bootstrap/HandleExceptions->Illuminate/Foundation/Bootstrap/{closure}(2, 'Undefined varia...', 'D://FREELANCE//NO...', 13)
#2 D:/FREELANCE/NONA/BengkelKu-POS/vendor/livewire/livewire/src/Mechanisms/ExtendBlade/ExtendedCompilerEngine.php(37): include('D://FREELANCE//NO...')
#3 D:/FREELANCE/NONA/BengkelKu-POS/vendor/livewire/livewire/src/Mechanisms/ExtendBlade/ExtendedCompilerEngine.php(38): App/Livewire/MobileMechanic/WorkOrders->Livewire/Mechanisms/ExtendBlade/{closure}()
#4 D:/FREELANCE/NONA/BengkelKu-POS/vendor/laravel/framework/src/Illuminate/View/Engines/CompilerEngine.php(75): Livewire/Mechanisms/ExtendBlade/ExtendedCompilerEngine->evaluatePath('D://FREELANCE//NO...', Array)
#5 D:/FREELANCE/NONA/BengkelKu-POS/vendor/livewire/livewire/src/Mechanisms/ExtendBlade/ExtendedCompilerEngine.php(16): Illuminate/View/Engines/CompilerEngine->get('D://FREELANCE//NO...', Array)
#6 D:/FREELANCE/NONA/BengkelKu-POS/vendor/laravel/framework/src/Illuminate/View/View.php(209): Livewire/Mechanisms/ExtendBlade/ExtendedCompilerEngine->get('D://FREELANCE//NO...', Array)
#7 D:/FREELANCE/NONA/BengkelKu-POS/vendor/laravel/framework/src/Illuminate/View/View.php(192): Illuminate/View/View->getContents()
#8 D:/FREELANCE/NONA/BengkelKu-POS/vendor/laravel/framework/src/Illuminate/View/View.php(161): Illuminate/View/View->renderContents()
#9 D:/FREELANCE/NONA/BengkelKu-POS/vendor/livewire/livewire/src/Mechanisms/HandleComponents/HandleComponents.php(288): Illuminate/View/View->render(Object(Closure))
#10 D:/FREELANCE/NONA/BengkelKu-POS/vendor/livewire/livewire/src/Mechanisms/HandleComponents/HandleComponents.php(332): Livewire/Mechanisms/HandleComponents/HandleComponents->Livewire/Mechanisms/HandleComponents/{closure}()
#11 D:/FREELANCE/NONA/BengkelKu-POS/vendor/livewire/livewire/src/Mechanisms/HandleComponents/HandleComponents.php(280): Livewire/Mechanisms/HandleComponents/HandleComponents->trackInRenderStack(Object(App/Livewire/MobileMechanic/WorkOrders), Object(Closure))
#12 D:/FREELANCE/NONA/BengkelKu-POS/vendor/livewire/livewire/src/Mechanisms/HandleComponents/HandleComponents.php(54): Livewire/Mechanisms/HandleComponents/HandleComponents->render(Object(App/Livewire/MobileMechanic/WorkOrders), '<div></div>')
#13 D:/FREELANCE/NONA/BengkelKu-POS/vendor/livewire/livewire/src/LivewireManager.php(73): Livewire/Mechanisms/HandleComponents/HandleComponents->mount('App//Livewire//Mo...', Array, NULL)
#14 D:/FREELANCE/NONA/BengkelKu-POS/vendor/livewire/livewire/src/Features/SupportPageComponents/HandlesPageComponents.php(17): Livewire/LivewireManager->mount('App//Livewire//Mo...', Array)
#15 D:/FREELANCE/NONA/BengkelKu-POS/vendor/livewire/livewire/src/Features/SupportPageComponents/SupportPageComponents.php(117): Livewire/Component->Livewire/Features/SupportPageComponents/{closure}()
#16 D:/FREELANCE/NONA/BengkelKu-POS/vendor/livewire/livewire/src/Features/SupportPageComponents/HandlesPageComponents.php(14): Livewire/Features/SupportPageComponents/SupportPageComponents::interceptTheRenderOfTheComponentAndRetreiveTheLayoutConfiguration(Object(Closure))
#17 D:/FREELANCE/NONA/BengkelKu-POS/vendor/laravel/framework/src/Illuminate/Routing/ControllerDispatcher.php(47): Livewire/Component->__invoke()
#18 D:/FREELANCE/NONA/BengkelKu-POS/vendor/laravel/framework/src/Illuminate/Routing/Route.php(266): Illuminate/Routing/ControllerDispatcher->dispatch(Object(Illuminate/Routing/Route), Object(App/Livewire/MobileMechanic/WorkOrders), '__invoke')
#19 D:/FREELANCE/NONA/BengkelKu-POS/vendor/laravel/framework/src/Illuminate/Routing/Route.php(212): Illuminate/Routing/Route->runController()
#20 D:/FREELANCE/NONA/BengkelKu-POS/vendor/laravel/framework/src/Illuminate/Routing/Router.php(808): Illuminate/Routing/Route->run()
#21 D:/FREELANCE/NONA/BengkelKu-POS/vendor/laravel/framework/src/Illuminate/Pipeline/Pipeline.php(170): Illuminate/Routing/Router->Illuminate/Routing/{closure}(Object(Illuminate/Http/Request))
#22 D:/FREELANCE/NONA/BengkelKu-POS/vendor/laravel/framework/src/Illuminate/Routing/Middleware/SubstituteBindings.php(51): Illuminate/Pipeline/Pipeline->Illuminate/Pipeline/{closure}(Object(Illuminate/Http/Request))
#23 D:/FREELANCE/NONA/BengkelKu-POS/vendor/laravel/framework/src/Illuminate/Pipeline/Pipeline.php(209): Illuminate/Routing/Middleware/SubstituteBindings->handle(Object(Illuminate/Http/Request), Object(Closure))
#24 D:/FREELANCE/NONA/BengkelKu-POS/vendor/laravel/framework/src/Illuminate/Auth/Middleware/Authenticate.php(64): Illuminate/Pipeline/Pipeline->Illuminate/Pipeline/{closure}(Object(Illuminate/Http/Request))
#25 D:/FREELANCE/NONA/BengkelKu-POS/vendor/laravel/framework/src/Illuminate/Pipeline/Pipeline.php(209): Illuminate/Auth/Middleware/Authenticate->handle(Object(Illuminate/Http/Request), Object(Closure))
#26 D:/FREELANCE/NONA/BengkelKu-POS/vendor/laravel/framework/src/Illuminate/Foundation/Http/Middleware/VerifyCsrfToken.php(88): Illuminate/Pipeline/Pipeline->Illuminate/Pipeline/{closure}(Object(Illuminate/Http/Request))
#27 D:/FREELANCE/NONA/BengkelKu-POS/vendor/laravel/framework/src/Illuminate/Pipeline/Pipeline.php(209): Illuminate/Foundation/Http/Middleware/VerifyCsrfToken->handle(Object(Illuminate/Http/Request), Object(Closure))
#28 D:/FREELANCE/NONA/BengkelKu-POS/vendor/laravel/framework/src/Illuminate/View/Middleware/ShareErrorsFromSession.php(49): Illuminate/Pipeline/Pipeline->Illuminate/Pipeline/{closure}(Object(Illuminate/Http/Request))
#29 D:/FREELANCE/NONA/BengkelKu-POS/vendor/laravel/framework/src/Illuminate/Pipeline/Pipeline.php(209): Illuminate/View/Middleware/ShareErrorsFromSession->handle(Object(Illuminate/Http/Request), Object(Closure))
#30 D:/FREELANCE/NONA/BengkelKu-POS/vendor/laravel/framework/src/Illuminate/Session/Middleware/StartSession.php(121): Illuminate/Pipeline/Pipeline->Illuminate/Pipeline/{closure}(Object(Illuminate/Http/Request))
#31 D:/FREELANCE/NONA/BengkelKu-POS/vendor/laravel/framework/src/Illuminate/Session/Middleware/StartSession.php(64): Illuminate/Session/Middleware/StartSession->handleStatefulRequest(Object(Illuminate/Http/Request), Object(Illuminate/Session/Store), Object(Closure))
#32 D:/FREELANCE/NONA/BengkelKu-POS/vendor/laravel/framework/src/Illuminate/Pipeline/Pipeline.php(209): Illuminate/Session/Middleware/StartSession->handle(Object(Illuminate/Http/Request), Object(Closure))
#33 D:/FREELANCE/NONA/BengkelKu-POS/vendor/laravel/framework/src/Illuminate/Cookie/Middleware/AddQueuedCookiesToResponse.php(37): Illuminate/Pipeline/Pipeline->Illuminate/Pipeline/{closure}(Object(Illuminate/Http/Request))
#34 D:/FREELANCE/NONA/BengkelKu-POS/vendor/laravel/framework/src/Illuminate/Pipeline/Pipeline.php(209): Illuminate/Cookie/Middleware/AddQueuedCookiesToResponse->handle(Object(Illuminate/Http/Request), Object(Closure))
#35 D:/FREELANCE/NONA/BengkelKu-POS/vendor/laravel/framework/src/Illuminate/Cookie/Middleware/EncryptCookies.php(75): Illuminate/Pipeline/Pipeline->Illuminate/Pipeline/{closure}(Object(Illuminate/Http/Request))
#36 D:/FREELANCE/NONA/BengkelKu-POS/vendor/laravel/framework/src/Illuminate/Pipeline/Pipeline.php(209): Illuminate/Cookie/Middleware/EncryptCookies->handle(Object(Illuminate/Http/Request), Object(Closure))
#37 D:/FREELANCE/NONA/BengkelKu-POS/vendor/laravel/framework/src/Illuminate/Pipeline/Pipeline.php(127): Illuminate/Pipeline/Pipeline->Illuminate/Pipeline/{closure}(Object(Illuminate/Http/Request))
#38 D:/FREELANCE/NONA/BengkelKu-POS/vendor/laravel/framework/src/Illuminate/Routing/Router.php(807): Illuminate/Pipeline/Pipeline->then(Object(Closure))
#39 D:/FREELANCE/NONA/BengkelKu-POS/vendor/laravel/framework/src/Illuminate/Routing/Router.php(786): Illuminate/Routing/Router->runRouteWithinStack(Object(Illuminate/Routing/Route), Object(Illuminate/Http/Request))
#40 D:/FREELANCE/NONA/BengkelKu-POS/vendor/laravel/framework/src/Illuminate/Routing/Router.php(750): Illuminate/Routing/Router->runRoute(Object(Illuminate/Http/Request), Object(Illuminate/Routing/Route))
#41 D:/FREELANCE/NONA/BengkelKu-POS/vendor/laravel/framework/src/Illuminate/Routing/Router.php(739): Illuminate/Routing/Router->dispatchToRoute(Object(Illuminate/Http/Request))
#42 D:/FREELANCE/NONA/BengkelKu-POS/vendor/laravel/framework/src/Illuminate/Foundation/Http/Kernel.php(201): Illuminate/Routing/Router->dispatch(Object(Illuminate/Http/Request))
#43 D:/FREELANCE/NONA/BengkelKu-POS/vendor/laravel/framework/src/Illuminate/Pipeline/Pipeline.php(170): Illuminate/Foundation/Http/Kernel->Illuminate/Foundation/Http/{closure}(Object(Illuminate/Http/Request))
#44 D:/FREELANCE/NONA/BengkelKu-POS/vendor/livewire/livewire/src/Features/SupportDisablingBackButtonCache/DisableBackButtonCacheMiddleware.php(19): Illuminate/Pipeline/Pipeline->Illuminate/Pipeline/{closure}(Object(Illuminate/Http/Request))
#45 D:/FREELANCE/NONA/BengkelKu-POS/vendor/laravel/framework/src/Illuminate/Pipeline/Pipeline.php(209): Livewire/Features/SupportDisablingBackButtonCache/DisableBackButtonCacheMiddleware->handle(Object(Illuminate/Http/Request), Object(Closure))
#46 D:/FREELANCE/NONA/BengkelKu-POS/vendor/laravel/framework/src/Illuminate/Foundation/Http/Middleware/TransformsRequest.php(21): Illuminate/Pipeline/Pipeline->Illuminate/Pipeline/{closure}(Object(Illuminate/Http/Request))
#47 D:/FREELANCE/NONA/BengkelKu-POS/vendor/laravel/framework/src/Illuminate/Foundation/Http/Middleware/ConvertEmptyStringsToNull.php(31): Illuminate/Foundation/Http/Middleware/TransformsRequest->handle(Object(Illuminate/Http/Request), Object(Closure))
#48 D:/FREELANCE/NONA/BengkelKu-POS/vendor/laravel/framework/src/Illuminate/Pipeline/Pipeline.php(209): Illuminate/Foundation/Http/Middleware/ConvertEmptyStringsToNull->handle(Object(Illuminate/Http/Request), Object(Closure))
#49 D:/FREELANCE/NONA/BengkelKu-POS/vendor/laravel/framework/src/Illuminate/Foundation/Http/Middleware/TransformsRequest.php(21): Illuminate/Pipeline/Pipeline->Illuminate/Pipeline/{closure}(Object(Illuminate/Http/Request))
#50 D:/FREELANCE/NONA/BengkelKu-POS/vendor/laravel/framework/src/Illuminate/Foundation/Http/Middleware/TrimStrings.php(51): Illuminate/Foundation/Http/Middleware/TransformsRequest->handle(Object(Illuminate/Http/Request), Object(Closure))
#51 D:/FREELANCE/NONA/BengkelKu-POS/vendor/laravel/framework/src/Illuminate/Pipeline/Pipeline.php(209): Illuminate/Foundation/Http/Middleware/TrimStrings->handle(Object(Illuminate/Http/Request), Object(Closure))
#52 D:/FREELANCE/NONA/BengkelKu-POS/vendor/laravel/framework/src/Illuminate/Http/Middleware/ValidatePostSize.php(27): Illuminate/Pipeline/Pipeline->Illuminate/Pipeline/{closure}(Object(Illuminate/Http/Request))
#53 D:/FREELANCE/NONA/BengkelKu-POS/vendor/laravel/framework/src/Illuminate/Pipeline/Pipeline.php(209): Illuminate/Http/Middleware/ValidatePostSize->handle(Object(Illuminate/Http/Request), Object(Closure))
#54 D:/FREELANCE/NONA/BengkelKu-POS/vendor/laravel/framework/src/Illuminate/Foundation/Http/Middleware/PreventRequestsDuringMaintenance.php(110): Illuminate/Pipeline/Pipeline->Illuminate/Pipeline/{closure}(Object(Illuminate/Http/Request))
#55 D:/FREELANCE/NONA/BengkelKu-POS/vendor/laravel/framework/src/Illuminate/Pipeline/Pipeline.php(209): Illuminate/Foundation/Http/Middleware/PreventRequestsDuringMaintenance->handle(Object(Illuminate/Http/Request), Object(Closure))
#56 D:/FREELANCE/NONA/BengkelKu-POS/vendor/laravel/framework/src/Illuminate/Http/Middleware/HandleCors.php(49): Illuminate/Pipeline/Pipeline->Illuminate/Pipeline/{closure}(Object(Illuminate/Http/Request))
#57 D:/FREELANCE/NONA/BengkelKu-POS/vendor/laravel/framework/src/Illuminate/Pipeline/Pipeline.php(209): Illuminate/Http/Middleware/HandleCors->handle(Object(Illuminate/Http/Request), Object(Closure))
#58 D:/FREELANCE/NONA/BengkelKu-POS/vendor/laravel/framework/src/Illuminate/Http/Middleware/TrustProxies.php(58): Illuminate/Pipeline/Pipeline->Illuminate/Pipeline/{closure}(Object(Illuminate/Http/Request))
#59 D:/FREELANCE/NONA/BengkelKu-POS/vendor/laravel/framework/src/Illuminate/Pipeline/Pipeline.php(209): Illuminate/Http/Middleware/TrustProxies->handle(Object(Illuminate/Http/Request), Object(Closure))
#60 D:/FREELANCE/NONA/BengkelKu-POS/vendor/laravel/framework/src/Illuminate/Foundation/Http/Middleware/InvokeDeferredCallbacks.php(22): Illuminate/Pipeline/Pipeline->Illuminate/Pipeline/{closure}(Object(Illuminate/Http/Request))
#61 D:/FREELANCE/NONA/BengkelKu-POS/vendor/laravel/framework/src/Illuminate/Pipeline/Pipeline.php(209): Illuminate/Foundation/Http/Middleware/InvokeDeferredCallbacks->handle(Object(Illuminate/Http/Request), Object(Closure))
#62 D:/FREELANCE/NONA/BengkelKu-POS/vendor/laravel/framework/src/Illuminate/Pipeline/Pipeline.php(127): Illuminate/Pipeline/Pipeline->Illuminate/Pipeline/{closure}(Object(Illuminate/Http/Request))
#63 D:/FREELANCE/NONA/BengkelKu-POS/vendor/laravel/framework/src/Illuminate/Foundation/Http/Kernel.php(176): Illuminate/Pipeline/Pipeline->then(Object(Closure))
#64 D:/FREELANCE/NONA/BengkelKu-POS/vendor/laravel/framework/src/Illuminate/Foundation/Http/Kernel.php(145): Illuminate/Foundation/Http/Kernel->sendRequestThroughRouter(Object(Illuminate/Http/Request))
#65 D:/FREELANCE/NONA/BengkelKu-POS/public/index.php(19): Illuminate/Foundation/Http/Kernel->handle(Object(Illuminate/Http/Request))
#66 D:/FREELANCE/NONA/BengkelKu-POS/vendor/laravel/framework/src/Illuminate/Foundation/resources/server.php(23): require_once('D://FREELANCE//NO...')
#67 {main}
"} 
[2026-08-31 11:24:05] local.ERROR: Undefined variable $foundProduct (View: D:\FREELANCE\NONA\BengkelKu-POS\resources\views\livewire\mobile\scanner.blade.php) {"userId":"a2a12424-3bbe-4cb5-b0d9-5e931f25e6ec","exception":"[object] (Illuminate\\View\\ViewException(code: 0): Undefined variable $foundProduct (View: D:\\FREELANCE\\NONA\\BengkelKu-POS\\resources\\views\\livewire\\mobile\\scanner.blade.php) at D:/FREELANCE/NONA/BengkelKu-POS/storage/framework/views/80e5af808b527f169e9fff0cd71cd4a5.php:51)
[stacktrace]
#0 D:/FREELANCE/NONA/BengkelKu-POS/vendor/livewire/livewire/src/Mechanisms/ExtendBlade/ExtendedCompilerEngine.php(58): Illuminate/View/Engines/CompilerEngine->handleViewException(Object(ErrorException), 1)
#1 D:/FREELANCE/NONA/BengkelKu-POS/vendor/livewire/livewire/src/Mechanisms/ExtendBlade/ExtendedCompilerEngine.php(40): Livewire/Mechanisms/ExtendBlade/ExtendedCompilerEngine->handleViewException(Object(ErrorException), 1)
#2 D:/FREELANCE/NONA/BengkelKu-POS/vendor/laravel/framework/src/Illuminate/View/Engines/CompilerEngine.php(75): Livewire/Mechanisms/ExtendBlade/ExtendedCompilerEngine->evaluatePath('D://FREELANCE//NO...', Array)
#3 D:/FREELANCE/NONA/BengkelKu-POS/vendor/livewire/livewire/src/Mechanisms/ExtendBlade/ExtendedCompilerEngine.php(16): Illuminate/View/Engines/CompilerEngine->get('D://FREELANCE//NO...', Array)
#4 D:/FREELANCE/NONA/BengkelKu-POS/vendor/laravel/framework/src/Illuminate/View/View.php(209): Livewire/Mechanisms/ExtendBlade/ExtendedCompilerEngine->get('D://FREELANCE//NO...', Array)
#5 D:/FREELANCE/NONA/BengkelKu-POS/vendor/laravel/framework/src/Illuminate/View/View.php(192): Illuminate/View/View->getContents()
#6 D:/FREELANCE/NONA/BengkelKu-POS/vendor/laravel/framework/src/Illuminate/View/View.php(161): Illuminate/View/View->renderContents()
#7 D:/FREELANCE/NONA/BengkelKu-POS/vendor/livewire/livewire/src/Mechanisms/HandleComponents/HandleComponents.php(288): Illuminate/View/View->render(Object(Closure))
#8 D:/FREELANCE/NONA/BengkelKu-POS/vendor/livewire/livewire/src/Mechanisms/HandleComponents/HandleComponents.php(332): Livewire/Mechanisms/HandleComponents/HandleComponents->Livewire/Mechanisms/HandleComponents/{closure}()
#9 D:/FREELANCE/NONA/BengkelKu-POS/vendor/livewire/livewire/src/Mechanisms/HandleComponents/HandleComponents.php(280): Livewire/Mechanisms/HandleComponents/HandleComponents->trackInRenderStack(Object(App/Livewire/MobileMechanic/Scanner), Object(Closure))
#10 D:/FREELANCE/NONA/BengkelKu-POS/vendor/livewire/livewire/src/Mechanisms/HandleComponents/HandleComponents.php(127): Livewire/Mechanisms/HandleComponents/HandleComponents->render(Object(App/Livewire/MobileMechanic/Scanner))
#11 D:/FREELANCE/NONA/BengkelKu-POS/vendor/livewire/livewire/src/LivewireManager.php(102): Livewire/Mechanisms/HandleComponents/HandleComponents->update(Array, Array, Array)
#12 D:/FREELANCE/NONA/BengkelKu-POS/vendor/livewire/livewire/src/Mechanisms/HandleRequests/HandleRequests.php(144): Livewire/LivewireManager->update(Array, Array, Array)
#13 D:/FREELANCE/NONA/BengkelKu-POS/vendor/laravel/framework/src/Illuminate/Routing/ControllerDispatcher.php(47): Livewire/Mechanisms/HandleRequests/HandleRequests->handleUpdate()
#14 D:/FREELANCE/NONA/BengkelKu-POS/vendor/laravel/framework/src/Illuminate/Routing/Route.php(266): Illuminate/Routing/ControllerDispatcher->dispatch(Object(Illuminate/Routing/Route), Object(Livewire/Mechanisms/HandleRequests/HandleRequests), 'handleUpdate')
#15 D:/FREELANCE/NONA/BengkelKu-POS/vendor/laravel/framework/src/Illuminate/Routing/Route.php(212): Illuminate/Routing/Route->runController()
#16 D:/FREELANCE/NONA/BengkelKu-POS/vendor/laravel/framework/src/Illuminate/Routing/Router.php(808): Illuminate/Routing/Route->run()
#17 D:/FREELANCE/NONA/BengkelKu-POS/vendor/laravel/framework/src/Illuminate/Pipeline/Pipeline.php(170): Illuminate/Routing/Router->Illuminate/Routing/{closure}(Object(Illuminate/Http/Request))
#18 D:/FREELANCE/NONA/BengkelKu-POS/vendor/laravel/framework/src/Illuminate/Routing/Middleware/SubstituteBindings.php(51): Illuminate/Pipeline/Pipeline->Illuminate/Pipeline/{closure}(Object(Illuminate/Http/Request))
#19 D:/FREELANCE/NONA/BengkelKu-POS/vendor/laravel/framework/src/Illuminate/Pipeline/Pipeline.php(209): Illuminate/Routing/Middleware/SubstituteBindings->handle(Object(Illuminate/Http/Request), Object(Closure))
#20 D:/FREELANCE/NONA/BengkelKu-POS/vendor/laravel/framework/src/Illuminate/Foundation/Http/Middleware/VerifyCsrfToken.php(88): Illuminate/Pipeline/Pipeline->Illuminate/Pipeline/{closure}(Object(Illuminate/Http/Request))
#21 D:/FREELANCE/NONA/BengkelKu-POS/vendor/laravel/framework/src/Illuminate/Pipeline/Pipeline.php(209): Illuminate/Foundation/Http/Middleware/VerifyCsrfToken->handle(Object(Illuminate/Http/Request), Object(Closure))
#22 D:/FREELANCE/NONA/BengkelKu-POS/vendor/laravel/framework/src/Illuminate/View/Middleware/ShareErrorsFromSession.php(49): Illuminate/Pipeline/Pipeline->Illuminate/Pipeline/{closure}(Object(Illuminate/Http/Request))
#23 D:/FREELANCE/NONA/BengkelKu-POS/vendor/laravel/framework/src/Illuminate/Pipeline/Pipeline.php(209): Illuminate/View/Middleware/ShareErrorsFromSession->handle(Object(Illuminate/Http/Request), Object(Closure))
#24 D:/FREELANCE/NONA/BengkelKu-POS/vendor/laravel/framework/src/Illuminate/Session/Middleware/StartSession.php(121): Illuminate/Pipeline/Pipeline->Illuminate/Pipeline/{closure}(Object(Illuminate/Http/Request))
#25 D:/FREELANCE/NONA/BengkelKu-POS/vendor/laravel/framework/src/Illuminate/Session/Middleware/StartSession.php(64): Illuminate/Session/Middleware/StartSession->handleStatefulRequest(Object(Illuminate/Http/Request), Object(Illuminate/Session/Store), Object(Closure))
#26 D:/FREELANCE/NONA/BengkelKu-POS/vendor/laravel/framework/src/Illuminate/Pipeline/Pipeline.php(209): Illuminate/Session/Middleware/StartSession->handle(Object(Illuminate/Http/Request), Object(Closure))
#27 D:/FREELANCE/NONA/BengkelKu-POS/vendor/laravel/framework/src/Illuminate/Cookie/Middleware/AddQueuedCookiesToResponse.php(37): Illuminate/Pipeline/Pipeline->Illuminate/Pipeline/{closure}(Object(Illuminate/Http/Request))
#28 D:/FREELANCE/NONA/BengkelKu-POS/vendor/laravel/framework/src/Illuminate/Pipeline/Pipeline.php(209): Illuminate/Cookie/Middleware/AddQueuedCookiesToResponse->handle(Object(Illuminate/Http/Request), Object(Closure))
#29 D:/FREELANCE/NONA/BengkelKu-POS/vendor/laravel/framework/src/Illuminate/Cookie/Middleware/EncryptCookies.php(75): Illuminate/Pipeline/Pipeline->Illuminate/Pipeline/{closure}(Object(Illuminate/Http/Request))
#30 D:/FREELANCE/NONA/BengkelKu-POS/vendor/laravel/framework/src/Illuminate/Pipeline/Pipeline.php(209): Illuminate/Cookie/Middleware/EncryptCookies->handle(Object(Illuminate/Http/Request), Object(Closure))
#31 D:/FREELANCE/NONA/BengkelKu-POS/vendor/laravel/framework/src/Illuminate/Pipeline/Pipeline.php(127): Illuminate/Pipeline/Pipeline->Illuminate/Pipeline/{closure}(Object(Illuminate/Http/Request))
#32 D:/FREELANCE/NONA/BengkelKu-POS/vendor/laravel/framework/src/Illuminate/Routing/Router.php(807): Illuminate/Pipeline/Pipeline->then(Object(Closure))
#33 D:/FREELANCE/NONA/BengkelKu-POS/vendor/laravel/framework/src/Illuminate/Routing/Router.php(786): Illuminate/Routing/Router->runRouteWithinStack(Object(Illuminate/Routing/Route), Object(Illuminate/Http/Request))
#34 D:/FREELANCE/NONA/BengkelKu-POS/vendor/laravel/framework/src/Illuminate/Routing/Router.php(750): Illuminate/Routing/Router->runRoute(Object(Illuminate/Http/Request), Object(Illuminate/Routing/Route))
#35 D:/FREELANCE/NONA/BengkelKu-POS/vendor/laravel/framework/src/Illuminate/Routing/Router.php(739): Illuminate/Routing/Router->dispatchToRoute(Object(Illuminate/Http/Request))
#36 D:/FREELANCE/NONA/BengkelKu-POS/vendor/laravel/framework/src/Illuminate/Foundation/Http/Kernel.php(201): Illuminate/Routing/Router->dispatch(Object(Illuminate/Http/Request))
#37 D:/FREELANCE/NONA/BengkelKu-POS/vendor/laravel/framework/src/Illuminate/Pipeline/Pipeline.php(170): Illuminate/Foundation/Http/Kernel->Illuminate/Foundation/Http/{closure}(Object(Illuminate/Http/Request))
#38 D:/FREELANCE/NONA/BengkelKu-POS/vendor/livewire/livewire/src/Features/SupportDisablingBackButtonCache/DisableBackButtonCacheMiddleware.php(19): Illuminate/Pipeline/Pipeline->Illuminate/Pipeline/{closure}(Object(Illuminate/Http/Request))
#39 D:/FREELANCE/NONA/BengkelKu-POS/vendor/laravel/framework/src/Illuminate/Pipeline/Pipeline.php(209): Livewire/Features/SupportDisablingBackButtonCache/DisableBackButtonCacheMiddleware->handle(Object(Illuminate/Http/Request), Object(Closure))
#40 D:/FREELANCE/NONA/BengkelKu-POS/vendor/laravel/framework/src/Illuminate/Foundation/Http/Middleware/ConvertEmptyStringsToNull.php(27): Illuminate/Pipeline/Pipeline->Illuminate/Pipeline/{closure}(Object(Illuminate/Http/Request))
#41 D:/FREELANCE/NONA/BengkelKu-POS/vendor/laravel/framework/src/Illuminate/Pipeline/Pipeline.php(209): Illuminate/Foundation/Http/Middleware/ConvertEmptyStringsToNull->handle(Object(Illuminate/Http/Request), Object(Closure))
#42 D:/FREELANCE/NONA/BengkelKu-POS/vendor/laravel/framework/src/Illuminate/Foundation/Http/Middleware/TrimStrings.php(47): Illuminate/Pipeline/Pipeline->Illuminate/Pipeline/{closure}(Object(Illuminate/Http/Request))
#43 D:/FREELANCE/NONA/BengkelKu-POS/vendor/laravel/framework/src/Illuminate/Pipeline/Pipeline.php(209): Illuminate/Foundation/Http/Middleware/TrimStrings->handle(Object(Illuminate/Http/Request), Object(Closure))
#44 D:/FREELANCE/NONA/BengkelKu-POS/vendor/laravel/framework/src/Illuminate/Http/Middleware/ValidatePostSize.php(27): Illuminate/Pipeline/Pipeline->Illuminate/Pipeline/{closure}(Object(Illuminate/Http/Request))
#45 D:/FREELANCE/NONA/BengkelKu-POS/vendor/laravel/framework/src/Illuminate/Pipeline/Pipeline.php(209): Illuminate/Http/Middleware/ValidatePostSize->handle(Object(Illuminate/Http/Request), Object(Closure))
#46 D:/FREELANCE/NONA/BengkelKu-POS/vendor/laravel/framework/src/Illuminate/Foundation/Http/Middleware/PreventRequestsDuringMaintenance.php(110): Illuminate/Pipeline/Pipeline->Illuminate/Pipeline/{closure}(Object(Illuminate/Http/Request))
#47 D:/FREELANCE/NONA/BengkelKu-POS/vendor/laravel/framework/src/Illuminate/Pipeline/Pipeline.php(209): Illuminate/Foundation/Http/Middleware/PreventRequestsDuringMaintenance->handle(Object(Illuminate/Http/Request), Object(Closure))
#48 D:/FREELANCE/NONA/BengkelKu-POS/vendor/laravel/framework/src/Illuminate/Http/Middleware/HandleCors.php(49): Illuminate/Pipeline/Pipeline->Illuminate/Pipeline/{closure}(Object(Illuminate/Http/Request))
#49 D:/FREELANCE/NONA/BengkelKu-POS/vendor/laravel/framework/src/Illuminate/Pipeline/Pipeline.php(209): Illuminate/Http/Middleware/HandleCors->handle(Object(Illuminate/Http/Request), Object(Closure))
#50 D:/FREELANCE/NONA/BengkelKu-POS/vendor/laravel/framework/src/Illuminate/Http/Middleware/TrustProxies.php(58): Illuminate/Pipeline/Pipeline->Illuminate/Pipeline/{closure}(Object(Illuminate/Http/Request))
#51 D:/FREELANCE/NONA/BengkelKu-POS/vendor/laravel/framework/src/Illuminate/Pipeline/Pipeline.php(209): Illuminate/Http/Middleware/TrustProxies->handle(Object(Illuminate/Http/Request), Object(Closure))
#52 D:/FREELANCE/NONA/BengkelKu-POS/vendor/laravel/framework/src/Illuminate/Foundation/Http/Middleware/InvokeDeferredCallbacks.php(22): Illuminate/Pipeline/Pipeline->Illuminate/Pipeline/{closure}(Object(Illuminate/Http/Request))
#53 D:/FREELANCE/NONA/BengkelKu-POS/vendor/laravel/framework/src/Illuminate/Pipeline/Pipeline.php(209): Illuminate/Foundation/Http/Middleware/InvokeDeferredCallbacks->handle(Object(Illuminate/Http/Request), Object(Closure))
#54 D:/FREELANCE/NONA/BengkelKu-POS/vendor/laravel/framework/src/Illuminate/Pipeline/Pipeline.php(127): Illuminate/Pipeline/Pipeline->Illuminate/Pipeline/{closure}(Object(Illuminate/Http/Request))
#55 D:/FREELANCE/NONA/BengkelKu-POS/vendor/laravel/framework/src/Illuminate/Foundation/Http/Kernel.php(176): Illuminate/Pipeline/Pipeline->then(Object(Closure))
#56 D:/FREELANCE/NONA/BengkelKu-POS/vendor/laravel/framework/src/Illuminate/Foundation/Http/Kernel.php(145): Illuminate/Foundation/Http/Kernel->sendRequestThroughRouter(Object(Illuminate/Http/Request))
#57 D:/FREELANCE/NONA/BengkelKu-POS/public/index.php(19): Illuminate/Foundation/Http/Kernel->handle(Object(Illuminate/Http/Request))
#58 D:/FREELANCE/NONA/BengkelKu-POS/vendor/laravel/framework/src/Illuminate/Foundation/resources/server.php(23): require_once('D://FREELANCE//NO...')
#59 {main}

[previous exception] [object] (ErrorException(code: 0): Undefined variable $foundProduct at D:/FREELANCE/NONA/BengkelKu-POS/storage/framework/views/80e5af808b527f169e9fff0cd71cd4a5.php:51)
[stacktrace]
#0 D:/FREELANCE/NONA/BengkelKu-POS/vendor/laravel/framework/src/Illuminate/Foundation/Bootstrap/HandleExceptions.php(258): Illuminate/Foundation/Bootstrap/HandleExceptions->handleError(2, 'Undefined varia...', 'D://FREELANCE//NO...', 51)
#1 D:/FREELANCE/NONA/BengkelKu-POS/storage/framework/views/80e5af808b527f169e9fff0cd71cd4a5.php(51): Illuminate/Foundation/Bootstrap/HandleExceptions->Illuminate/Foundation/Bootstrap/{closure}(2, 'Undefined varia...', 'D://FREELANCE//NO...', 51)
#2 D:/FREELANCE/NONA/BengkelKu-POS/vendor/livewire/livewire/src/Mechanisms/ExtendBlade/ExtendedCompilerEngine.php(37): include('D://FREELANCE//NO...')
#3 D:/FREELANCE/NONA/BengkelKu-POS/vendor/livewire/livewire/src/Mechanisms/ExtendBlade/ExtendedCompilerEngine.php(38): App/Livewire/MobileMechanic/Scanner->Livewire/Mechanisms/ExtendBlade/{closure}()
#4 D:/FREELANCE/NONA/BengkelKu-POS/vendor/laravel/framework/src/Illuminate/View/Engines/CompilerEngine.php(75): Livewire/Mechanisms/ExtendBlade/ExtendedCompilerEngine->evaluatePath('D://FREELANCE//NO...', Array)
#5 D:/FREELANCE/NONA/BengkelKu-POS/vendor/livewire/livewire/src/Mechanisms/ExtendBlade/ExtendedCompilerEngine.php(16): Illuminate/View/Engines/CompilerEngine->get('D://FREELANCE//NO...', Array)
#6 D:/FREELANCE/NONA/BengkelKu-POS/vendor/laravel/framework/src/Illuminate/View/View.php(209): Livewire/Mechanisms/ExtendBlade/ExtendedCompilerEngine->get('D://FREELANCE//NO...', Array)
#7 D:/FREELANCE/NONA/BengkelKu-POS/vendor/laravel/framework/src/Illuminate/View/View.php(192): Illuminate/View/View->getContents()
#8 D:/FREELANCE/NONA/BengkelKu-POS/vendor/laravel/framework/src/Illuminate/View/View.php(161): Illuminate/View/View->renderContents()
#9 D:/FREELANCE/NONA/BengkelKu-POS/vendor/livewire/livewire/src/Mechanisms/HandleComponents/HandleComponents.php(288): Illuminate/View/View->render(Object(Closure))
#10 D:/FREELANCE/NONA/BengkelKu-POS/vendor/livewire/livewire/src/Mechanisms/HandleComponents/HandleComponents.php(332): Livewire/Mechanisms/HandleComponents/HandleComponents->Livewire/Mechanisms/HandleComponents/{closure}()
#11 D:/FREELANCE/NONA/BengkelKu-POS/vendor/livewire/livewire/src/Mechanisms/HandleComponents/HandleComponents.php(280): Livewire/Mechanisms/HandleComponents/HandleComponents->trackInRenderStack(Object(App/Livewire/MobileMechanic/Scanner), Object(Closure))
#12 D:/FREELANCE/NONA/BengkelKu-POS/vendor/livewire/livewire/src/Mechanisms/HandleComponents/HandleComponents.php(127): Livewire/Mechanisms/HandleComponents/HandleComponents->render(Object(App/Livewire/MobileMechanic/Scanner))
#13 D:/FREELANCE/NONA/BengkelKu-POS/vendor/livewire/livewire/src/LivewireManager.php(102): Livewire/Mechanisms/HandleComponents/HandleComponents->update(Array, Array, Array)
#14 D:/FREELANCE/NONA/BengkelKu-POS/vendor/livewire/livewire/src/Mechanisms/HandleRequests/HandleRequests.php(144): Livewire/LivewireManager->update(Array, Array, Array)
#15 D:/FREELANCE/NONA/BengkelKu-POS/vendor/laravel/framework/src/Illuminate/Routing/ControllerDispatcher.php(47): Livewire/Mechanisms/HandleRequests/HandleRequests->handleUpdate()
#16 D:/FREELANCE/NONA/BengkelKu-POS/vendor/laravel/framework/src/Illuminate/Routing/Route.php(266): Illuminate/Routing/ControllerDispatcher->dispatch(Object(Illuminate/Routing/Route), Object(Livewire/Mechanisms/HandleRequests/HandleRequests), 'handleUpdate')
#17 D:/FREELANCE/NONA/BengkelKu-POS/vendor/laravel/framework/src/Illuminate/Routing/Route.php(212): Illuminate/Routing/Route->runController()
#18 D:/FREELANCE/NONA/BengkelKu-POS/vendor/laravel/framework/src/Illuminate/Routing/Router.php(808): Illuminate/Routing/Route->run()
#19 D:/FREELANCE/NONA/BengkelKu-POS/vendor/laravel/framework/src/Illuminate/Pipeline/Pipeline.php(170): Illuminate/Routing/Router->Illuminate/Routing/{closure}(Object(Illuminate/Http/Request))
#20 D:/FREELANCE/NONA/BengkelKu-POS/vendor/laravel/framework/src/Illuminate/Routing/Middleware/SubstituteBindings.php(51): Illuminate/Pipeline/Pipeline->Illuminate/Pipeline/{closure}(Object(Illuminate/Http/Request))
#21 D:/FREELANCE/NONA/BengkelKu-POS/vendor/laravel/framework/src/Illuminate/Pipeline/Pipeline.php(209): Illuminate/Routing/Middleware/SubstituteBindings->handle(Object(Illuminate/Http/Request), Object(Closure))
#22 D:/FREELANCE/NONA/BengkelKu-POS/vendor/laravel/framework/src/Illuminate/Foundation/Http/Middleware/VerifyCsrfToken.php(88): Illuminate/Pipeline/Pipeline->Illuminate/Pipeline/{closure}(Object(Illuminate/Http/Request))
#23 D:/FREELANCE/NONA/BengkelKu-POS/vendor/laravel/framework/src/Illuminate/Pipeline/Pipeline.php(209): Illuminate/Foundation/Http/Middleware/VerifyCsrfToken->handle(Object(Illuminate/Http/Request), Object(Closure))
#24 D:/FREELANCE/NONA/BengkelKu-POS/vendor/laravel/framework/src/Illuminate/View/Middleware/ShareErrorsFromSession.php(49): Illuminate/Pipeline/Pipeline->Illuminate/Pipeline/{closure}(Object(Illuminate/Http/Request))
#25 D:/FREELANCE/NONA/BengkelKu-POS/vendor/laravel/framework/src/Illuminate/Pipeline/Pipeline.php(209): Illuminate/View/Middleware/ShareErrorsFromSession->handle(Object(Illuminate/Http/Request), Object(Closure))
#26 D:/FREELANCE/NONA/BengkelKu-POS/vendor/laravel/framework/src/Illuminate/Session/Middleware/StartSession.php(121): Illuminate/Pipeline/Pipeline->Illuminate/Pipeline/{closure}(Object(Illuminate/Http/Request))
#27 D:/FREELANCE/NONA/BengkelKu-POS/vendor/laravel/framework/src/Illuminate/Session/Middleware/StartSession.php(64): Illuminate/Session/Middleware/StartSession->handleStatefulRequest(Object(Illuminate/Http/Request), Object(Illuminate/Session/Store), Object(Closure))
#28 D:/FREELANCE/NONA/BengkelKu-POS/vendor/laravel/framework/src/Illuminate/Pipeline/Pipeline.php(209): Illuminate/Session/Middleware/StartSession->handle(Object(Illuminate/Http/Request), Object(Closure))
#29 D:/FREELANCE/NONA/BengkelKu-POS/vendor/laravel/framework/src/Illuminate/Cookie/Middleware/AddQueuedCookiesToResponse.php(37): Illuminate/Pipeline/Pipeline->Illuminate/Pipeline/{closure}(Object(Illuminate/Http/Request))
#30 D:/FREELANCE/NONA/BengkelKu-POS/vendor/laravel/framework/src/Illuminate/Pipeline/Pipeline.php(209): Illuminate/Cookie/Middleware/AddQueuedCookiesToResponse->handle(Object(Illuminate/Http/Request), Object(Closure))
#31 D:/FREELANCE/NONA/BengkelKu-POS/vendor/laravel/framework/src/Illuminate/Cookie/Middleware/EncryptCookies.php(75): Illuminate/Pipeline/Pipeline->Illuminate/Pipeline/{closure}(Object(Illuminate/Http/Request))
#32 D:/FREELANCE/NONA/BengkelKu-POS/vendor/laravel/framework/src/Illuminate/Pipeline/Pipeline.php(209): Illuminate/Cookie/Middleware/EncryptCookies->handle(Object(Illuminate/Http/Request), Object(Closure))
#33 D:/FREELANCE/NONA/BengkelKu-POS/vendor/laravel/framework/src/Illuminate/Pipeline/Pipeline.php(127): Illuminate/Pipeline/Pipeline->Illuminate/Pipeline/{closure}(Object(Illuminate/Http/Request))
#34 D:/FREELANCE/NONA/BengkelKu-POS/vendor/laravel/framework/src/Illuminate/Routing/Router.php(807): Illuminate/Pipeline/Pipeline->then(Object(Closure))
#35 D:/FREELANCE/NONA/BengkelKu-POS/vendor/laravel/framework/src/Illuminate/Routing/Router.php(786): Illuminate/Routing/Router->runRouteWithinStack(Object(Illuminate/Routing/Route), Object(Illuminate/Http/Request))
#36 D:/FREELANCE/NONA/BengkelKu-POS/vendor/laravel/framework/src/Illuminate/Routing/Router.php(750): Illuminate/Routing/Router->runRoute(Object(Illuminate/Http/Request), Object(Illuminate/Routing/Route))
#37 D:/FREELANCE/NONA/BengkelKu-POS/vendor/laravel/framework/src/Illuminate/Routing/Router.php(739): Illuminate/Routing/Router->dispatchToRoute(Object(Illuminate/Http/Request))
#38 D:/FREELANCE/NONA/BengkelKu-POS/vendor/laravel/framework/src/Illuminate/Foundation/Http/Kernel.php(201): Illuminate/Routing/Router->dispatch(Object(Illuminate/Http/Request))
#39 D:/FREELANCE/NONA/BengkelKu-POS/vendor/laravel/framework/src/Illuminate/Pipeline/Pipeline.php(170): Illuminate/Foundation/Http/Kernel->Illuminate/Foundation/Http/{closure}(Object(Illuminate/Http/Request))
#40 D:/FREELANCE/NONA/BengkelKu-POS/vendor/livewire/livewire/src/Features/SupportDisablingBackButtonCache/DisableBackButtonCacheMiddleware.php(19): Illuminate/Pipeline/Pipeline->Illuminate/Pipeline/{closure}(Object(Illuminate/Http/Request))
#41 D:/FREELANCE/NONA/BengkelKu-POS/vendor/laravel/framework/src/Illuminate/Pipeline/Pipeline.php(209): Livewire/Features/SupportDisablingBackButtonCache/DisableBackButtonCacheMiddleware->handle(Object(Illuminate/Http/Request), Object(Closure))
#42 D:/FREELANCE/NONA/BengkelKu-POS/vendor/laravel/framework/src/Illuminate/Foundation/Http/Middleware/ConvertEmptyStringsToNull.php(27): Illuminate/Pipeline/Pipeline->Illuminate/Pipeline/{closure}(Object(Illuminate/Http/Request))
#43 D:/FREELANCE/NONA/BengkelKu-POS/vendor/laravel/framework/src/Illuminate/Pipeline/Pipeline.php(209): Illuminate/Foundation/Http/Middleware/ConvertEmptyStringsToNull->handle(Object(Illuminate/Http/Request), Object(Closure))
#44 D:/FREELANCE/NONA/BengkelKu-POS/vendor/laravel/framework/src/Illuminate/Foundation/Http/Middleware/TrimStrings.php(47): Illuminate/Pipeline/Pipeline->Illuminate/Pipeline/{closure}(Object(Illuminate/Http/Request))
#45 D:/FREELANCE/NONA/BengkelKu-POS/vendor/laravel/framework/src/Illuminate/Pipeline/Pipeline.php(209): Illuminate/Foundation/Http/Middleware/TrimStrings->handle(Object(Illuminate/Http/Request), Object(Closure))
#46 D:/FREELANCE/NONA/BengkelKu-POS/vendor/laravel/framework/src/Illuminate/Http/Middleware/ValidatePostSize.php(27): Illuminate/Pipeline/Pipeline->Illuminate/Pipeline/{closure}(Object(Illuminate/Http/Request))
#47 D:/FREELANCE/NONA/BengkelKu-POS/vendor/laravel/framework/src/Illuminate/Pipeline/Pipeline.php(209): Illuminate/Http/Middleware/ValidatePostSize->handle(Object(Illuminate/Http/Request), Object(Closure))
#48 D:/FREELANCE/NONA/BengkelKu-POS/vendor/laravel/framework/src/Illuminate/Foundation/Http/Middleware/PreventRequestsDuringMaintenance.php(110): Illuminate/Pipeline/Pipeline->Illuminate/Pipeline/{closure}(Object(Illuminate/Http/Request))
#49 D:/FREELANCE/NONA/BengkelKu-POS/vendor/laravel/framework/src/Illuminate/Pipeline/Pipeline.php(209): Illuminate/Foundation/Http/Middleware/PreventRequestsDuringMaintenance->handle(Object(Illuminate/Http/Request), Object(Closure))
#50 D:/FREELANCE/NONA/BengkelKu-POS/vendor/laravel/framework/src/Illuminate/Http/Middleware/HandleCors.php(49): Illuminate/Pipeline/Pipeline->Illuminate/Pipeline/{closure}(Object(Illuminate/Http/Request))
#51 D:/FREELANCE/NONA/BengkelKu-POS/vendor/laravel/framework/src/Illuminate/Pipeline/Pipeline.php(209): Illuminate/Http/Middleware/HandleCors->handle(Object(Illuminate/Http/Request), Object(Closure))
#52 D:/FREELANCE/NONA/BengkelKu-POS/vendor/laravel/framework/src/Illuminate/Http/Middleware/TrustProxies.php(58): Illuminate/Pipeline/Pipeline->Illuminate/Pipeline/{closure}(Object(Illuminate/Http/Request))
#53 D:/FREELANCE/NONA/BengkelKu-POS/vendor/laravel/framework/src/Illuminate/Pipeline/Pipeline.php(209): Illuminate/Http/Middleware/TrustProxies->handle(Object(Illuminate/Http/Request), Object(Closure))
#54 D:/FREELANCE/NONA/BengkelKu-POS/vendor/laravel/framework/src/Illuminate/Foundation/Http/Middleware/InvokeDeferredCallbacks.php(22): Illuminate/Pipeline/Pipeline->Illuminate/Pipeline/{closure}(Object(Illuminate/Http/Request))
#55 D:/FREELANCE/NONA/BengkelKu-POS/vendor/laravel/framework/src/Illuminate/Pipeline/Pipeline.php(209): Illuminate/Foundation/Http/Middleware/InvokeDeferredCallbacks->handle(Object(Illuminate/Http/Request), Object(Closure))
#56 D:/FREELANCE/NONA/BengkelKu-POS/vendor/laravel/framework/src/Illuminate/Pipeline/Pipeline.php(127): Illuminate/Pipeline/Pipeline->Illuminate/Pipeline/{closure}(Object(Illuminate/Http/Request))
#57 D:/FREELANCE/NONA/BengkelKu-POS/vendor/laravel/framework/src/Illuminate/Foundation/Http/Kernel.php(176): Illuminate/Pipeline/Pipeline->then(Object(Closure))
#58 D:/FREELANCE/NONA/BengkelKu-POS/vendor/laravel/framework/src/Illuminate/Foundation/Http/Kernel.php(145): Illuminate/Foundation/Http/Kernel->sendRequestThroughRouter(Object(Illuminate/Http/Request))
#59 D:/FREELANCE/NONA/BengkelKu-POS/public/index.php(19): Illuminate/Foundation/Http/Kernel->handle(Object(Illuminate/Http/Request))
#60 D:/FREELANCE/NONA/BengkelKu-POS/vendor/laravel/framework/src/Illuminate/Foundation/resources/server.php(23): require_once('D://FREELANCE//NO...')
#61 {main}
"} 
[2026-08-31 11:24:16] local.ERROR: Undefined variable $reminders (View: D:\FREELANCE\NONA\BengkelKu-POS\resources\views\livewire\crm\reminders.blade.php) {"userId":"a2a12424-3bbe-4cb5-b0d9-5e931f25e6ec","exception":"[object] (Illuminate\\View\\ViewException(code: 0): Undefined variable $reminders (View: D:\\FREELANCE\\NONA\\BengkelKu-POS\\resources\\views\\livewire\\crm\\reminders.blade.php) at D:/FREELANCE/NONA/BengkelKu-POS/storage/framework/views/cef7461b1247b6f72e1dabc2df8d850e.php:19)
[stacktrace]
#0 D:/FREELANCE/NONA/BengkelKu-POS/vendor/livewire/livewire/src/Mechanisms/ExtendBlade/ExtendedCompilerEngine.php(58): Illuminate/View/Engines/CompilerEngine->handleViewException(Object(ErrorException), 1)
#1 D:/FREELANCE/NONA/BengkelKu-POS/vendor/livewire/livewire/src/Mechanisms/ExtendBlade/ExtendedCompilerEngine.php(40): Livewire/Mechanisms/ExtendBlade/ExtendedCompilerEngine->handleViewException(Object(ErrorException), 1)
#2 D:/FREELANCE/NONA/BengkelKu-POS/vendor/laravel/framework/src/Illuminate/View/Engines/CompilerEngine.php(75): Livewire/Mechanisms/ExtendBlade/ExtendedCompilerEngine->evaluatePath('D://FREELANCE//NO...', Array)
#3 D:/FREELANCE/NONA/BengkelKu-POS/vendor/livewire/livewire/src/Mechanisms/ExtendBlade/ExtendedCompilerEngine.php(16): Illuminate/View/Engines/CompilerEngine->get('D://FREELANCE//NO...', Array)
#4 D:/FREELANCE/NONA/BengkelKu-POS/vendor/laravel/framework/src/Illuminate/View/View.php(209): Livewire/Mechanisms/ExtendBlade/ExtendedCompilerEngine->get('D://FREELANCE//NO...', Array)
#5 D:/FREELANCE/NONA/BengkelKu-POS/vendor/laravel/framework/src/Illuminate/View/View.php(192): Illuminate/View/View->getContents()
#6 D:/FREELANCE/NONA/BengkelKu-POS/vendor/laravel/framework/src/Illuminate/View/View.php(161): Illuminate/View/View->renderContents()
#7 D:/FREELANCE/NONA/BengkelKu-POS/vendor/livewire/livewire/src/Mechanisms/HandleComponents/HandleComponents.php(288): Illuminate/View/View->render(Object(Closure))
#8 D:/FREELANCE/NONA/BengkelKu-POS/vendor/livewire/livewire/src/Mechanisms/HandleComponents/HandleComponents.php(332): Livewire/Mechanisms/HandleComponents/HandleComponents->Livewire/Mechanisms/HandleComponents/{closure}()
#9 D:/FREELANCE/NONA/BengkelKu-POS/vendor/livewire/livewire/src/Mechanisms/HandleComponents/HandleComponents.php(280): Livewire/Mechanisms/HandleComponents/HandleComponents->trackInRenderStack(Object(App/Livewire/CRM/Reminders), Object(Closure))
#10 D:/FREELANCE/NONA/BengkelKu-POS/vendor/livewire/livewire/src/Mechanisms/HandleComponents/HandleComponents.php(54): Livewire/Mechanisms/HandleComponents/HandleComponents->render(Object(App/Livewire/CRM/Reminders), '<div></div>')
#11 D:/FREELANCE/NONA/BengkelKu-POS/vendor/livewire/livewire/src/LivewireManager.php(73): Livewire/Mechanisms/HandleComponents/HandleComponents->mount('App//Livewire//CR...', Array, NULL)
#12 D:/FREELANCE/NONA/BengkelKu-POS/vendor/livewire/livewire/src/Features/SupportPageComponents/HandlesPageComponents.php(17): Livewire/LivewireManager->mount('App//Livewire//CR...', Array)
#13 D:/FREELANCE/NONA/BengkelKu-POS/vendor/livewire/livewire/src/Features/SupportPageComponents/SupportPageComponents.php(117): Livewire/Component->Livewire/Features/SupportPageComponents/{closure}()
#14 D:/FREELANCE/NONA/BengkelKu-POS/vendor/livewire/livewire/src/Features/SupportPageComponents/HandlesPageComponents.php(14): Livewire/Features/SupportPageComponents/SupportPageComponents::interceptTheRenderOfTheComponentAndRetreiveTheLayoutConfiguration(Object(Closure))
#15 D:/FREELANCE/NONA/BengkelKu-POS/vendor/laravel/framework/src/Illuminate/Routing/ControllerDispatcher.php(47): Livewire/Component->__invoke()
#16 D:/FREELANCE/NONA/BengkelKu-POS/vendor/laravel/framework/src/Illuminate/Routing/Route.php(266): Illuminate/Routing/ControllerDispatcher->dispatch(Object(Illuminate/Routing/Route), Object(App/Livewire/CRM/Reminders), '__invoke')
#17 D:/FREELANCE/NONA/BengkelKu-POS/vendor/laravel/framework/src/Illuminate/Routing/Route.php(212): Illuminate/Routing/Route->runController()
#18 D:/FREELANCE/NONA/BengkelKu-POS/vendor/laravel/framework/src/Illuminate/Routing/Router.php(808): Illuminate/Routing/Route->run()
#19 D:/FREELANCE/NONA/BengkelKu-POS/vendor/laravel/framework/src/Illuminate/Pipeline/Pipeline.php(170): Illuminate/Routing/Router->Illuminate/Routing/{closure}(Object(Illuminate/Http/Request))
#20 D:/FREELANCE/NONA/BengkelKu-POS/vendor/laravel/framework/src/Illuminate/Routing/Middleware/SubstituteBindings.php(51): Illuminate/Pipeline/Pipeline->Illuminate/Pipeline/{closure}(Object(Illuminate/Http/Request))
#21 D:/FREELANCE/NONA/BengkelKu-POS/vendor/laravel/framework/src/Illuminate/Pipeline/Pipeline.php(209): Illuminate/Routing/Middleware/SubstituteBindings->handle(Object(Illuminate/Http/Request), Object(Closure))
#22 D:/FREELANCE/NONA/BengkelKu-POS/vendor/laravel/framework/src/Illuminate/Auth/Middleware/Authenticate.php(64): Illuminate/Pipeline/Pipeline->Illuminate/Pipeline/{closure}(Object(Illuminate/Http/Request))
#23 D:/FREELANCE/NONA/BengkelKu-POS/vendor/laravel/framework/src/Illuminate/Pipeline/Pipeline.php(209): Illuminate/Auth/Middleware/Authenticate->handle(Object(Illuminate/Http/Request), Object(Closure))
#24 D:/FREELANCE/NONA/BengkelKu-POS/vendor/laravel/framework/src/Illuminate/Foundation/Http/Middleware/VerifyCsrfToken.php(88): Illuminate/Pipeline/Pipeline->Illuminate/Pipeline/{closure}(Object(Illuminate/Http/Request))
#25 D:/FREELANCE/NONA/BengkelKu-POS/vendor/laravel/framework/src/Illuminate/Pipeline/Pipeline.php(209): Illuminate/Foundation/Http/Middleware/VerifyCsrfToken->handle(Object(Illuminate/Http/Request), Object(Closure))
#26 D:/FREELANCE/NONA/BengkelKu-POS/vendor/laravel/framework/src/Illuminate/View/Middleware/ShareErrorsFromSession.php(49): Illuminate/Pipeline/Pipeline->Illuminate/Pipeline/{closure}(Object(Illuminate/Http/Request))
#27 D:/FREELANCE/NONA/BengkelKu-POS/vendor/laravel/framework/src/Illuminate/Pipeline/Pipeline.php(209): Illuminate/View/Middleware/ShareErrorsFromSession->handle(Object(Illuminate/Http/Request), Object(Closure))
#28 D:/FREELANCE/NONA/BengkelKu-POS/vendor/laravel/framework/src/Illuminate/Session/Middleware/StartSession.php(121): Illuminate/Pipeline/Pipeline->Illuminate/Pipeline/{closure}(Object(Illuminate/Http/Request))
#29 D:/FREELANCE/NONA/BengkelKu-POS/vendor/laravel/framework/src/Illuminate/Session/Middleware/StartSession.php(64): Illuminate/Session/Middleware/StartSession->handleStatefulRequest(Object(Illuminate/Http/Request), Object(Illuminate/Session/Store), Object(Closure))
#30 D:/FREELANCE/NONA/BengkelKu-POS/vendor/laravel/framework/src/Illuminate/Pipeline/Pipeline.php(209): Illuminate/Session/Middleware/StartSession->handle(Object(Illuminate/Http/Request), Object(Closure))
#31 D:/FREELANCE/NONA/BengkelKu-POS/vendor/laravel/framework/src/Illuminate/Cookie/Middleware/AddQueuedCookiesToResponse.php(37): Illuminate/Pipeline/Pipeline->Illuminate/Pipeline/{closure}(Object(Illuminate/Http/Request))
#32 D:/FREELANCE/NONA/BengkelKu-POS/vendor/laravel/framework/src/Illuminate/Pipeline/Pipeline.php(209): Illuminate/Cookie/Middleware/AddQueuedCookiesToResponse->handle(Object(Illuminate/Http/Request), Object(Closure))
#33 D:/FREELANCE/NONA/BengkelKu-POS/vendor/laravel/framework/src/Illuminate/Cookie/Middleware/EncryptCookies.php(75): Illuminate/Pipeline/Pipeline->Illuminate/Pipeline/{closure}(Object(Illuminate/Http/Request))
#34 D:/FREELANCE/NONA/BengkelKu-POS/vendor/laravel/framework/src/Illuminate/Pipeline/Pipeline.php(209): Illuminate/Cookie/Middleware/EncryptCookies->handle(Object(Illuminate/Http/Request), Object(Closure))
#35 D:/FREELANCE/NONA/BengkelKu-POS/vendor/laravel/framework/src/Illuminate/Pipeline/Pipeline.php(127): Illuminate/Pipeline/Pipeline->Illuminate/Pipeline/{closure}(Object(Illuminate/Http/Request))
#36 D:/FREELANCE/NONA/BengkelKu-POS/vendor/laravel/framework/src/Illuminate/Routing/Router.php(807): Illuminate/Pipeline/Pipeline->then(Object(Closure))
#37 D:/FREELANCE/NONA/BengkelKu-POS/vendor/laravel/framework/src/Illuminate/Routing/Router.php(786): Illuminate/Routing/Router->runRouteWithinStack(Object(Illuminate/Routing/Route), Object(Illuminate/Http/Request))
#38 D:/FREELANCE/NONA/BengkelKu-POS/vendor/laravel/framework/src/Illuminate/Routing/Router.php(750): Illuminate/Routing/Router->runRoute(Object(Illuminate/Http/Request), Object(Illuminate/Routing/Route))
#39 D:/FREELANCE/NONA/BengkelKu-POS/vendor/laravel/framework/src/Illuminate/Routing/Router.php(739): Illuminate/Routing/Router->dispatchToRoute(Object(Illuminate/Http/Request))
#40 D:/FREELANCE/NONA/BengkelKu-POS/vendor/laravel/framework/src/Illuminate/Foundation/Http/Kernel.php(201): Illuminate/Routing/Router->dispatch(Object(Illuminate/Http/Request))
#41 D:/FREELANCE/NONA/BengkelKu-POS/vendor/laravel/framework/src/Illuminate/Pipeline/Pipeline.php(170): Illuminate/Foundation/Http/Kernel->Illuminate/Foundation/Http/{closure}(Object(Illuminate/Http/Request))
#42 D:/FREELANCE/NONA/BengkelKu-POS/vendor/livewire/livewire/src/Features/SupportDisablingBackButtonCache/DisableBackButtonCacheMiddleware.php(19): Illuminate/Pipeline/Pipeline->Illuminate/Pipeline/{closure}(Object(Illuminate/Http/Request))
#43 D:/FREELANCE/NONA/BengkelKu-POS/vendor/laravel/framework/src/Illuminate/Pipeline/Pipeline.php(209): Livewire/Features/SupportDisablingBackButtonCache/DisableBackButtonCacheMiddleware->handle(Object(Illuminate/Http/Request), Object(Closure))
#44 D:/FREELANCE/NONA/BengkelKu-POS/vendor/laravel/framework/src/Illuminate/Foundation/Http/Middleware/TransformsRequest.php(21): Illuminate/Pipeline/Pipeline->Illuminate/Pipeline/{closure}(Object(Illuminate/Http/Request))
#45 D:/FREELANCE/NONA/BengkelKu-POS/vendor/laravel/framework/src/Illuminate/Foundation/Http/Middleware/ConvertEmptyStringsToNull.php(31): Illuminate/Foundation/Http/Middleware/TransformsRequest->handle(Object(Illuminate/Http/Request), Object(Closure))
#46 D:/FREELANCE/NONA/BengkelKu-POS/vendor/laravel/framework/src/Illuminate/Pipeline/Pipeline.php(209): Illuminate/Foundation/Http/Middleware/ConvertEmptyStringsToNull->handle(Object(Illuminate/Http/Request), Object(Closure))
#47 D:/FREELANCE/NONA/BengkelKu-POS/vendor/laravel/framework/src/Illuminate/Foundation/Http/Middleware/TransformsRequest.php(21): Illuminate/Pipeline/Pipeline->Illuminate/Pipeline/{closure}(Object(Illuminate/Http/Request))
#48 D:/FREELANCE/NONA/BengkelKu-POS/vendor/laravel/framework/src/Illuminate/Foundation/Http/Middleware/TrimStrings.php(51): Illuminate/Foundation/Http/Middleware/TransformsRequest->handle(Object(Illuminate/Http/Request), Object(Closure))
#49 D:/FREELANCE/NONA/BengkelKu-POS/vendor/laravel/framework/src/Illuminate/Pipeline/Pipeline.php(209): Illuminate/Foundation/Http/Middleware/TrimStrings->handle(Object(Illuminate/Http/Request), Object(Closure))
#50 D:/FREELANCE/NONA/BengkelKu-POS/vendor/laravel/framework/src/Illuminate/Http/Middleware/ValidatePostSize.php(27): Illuminate/Pipeline/Pipeline->Illuminate/Pipeline/{closure}(Object(Illuminate/Http/Request))
#51 D:/FREELANCE/NONA/BengkelKu-POS/vendor/laravel/framework/src/Illuminate/Pipeline/Pipeline.php(209): Illuminate/Http/Middleware/ValidatePostSize->handle(Object(Illuminate/Http/Request), Object(Closure))
#52 D:/FREELANCE/NONA/BengkelKu-POS/vendor/laravel/framework/src/Illuminate/Foundation/Http/Middleware/PreventRequestsDuringMaintenance.php(110): Illuminate/Pipeline/Pipeline->Illuminate/Pipeline/{closure}(Object(Illuminate/Http/Request))
#53 D:/FREELANCE/NONA/BengkelKu-POS/vendor/laravel/framework/src/Illuminate/Pipeline/Pipeline.php(209): Illuminate/Foundation/Http/Middleware/PreventRequestsDuringMaintenance->handle(Object(Illuminate/Http/Request), Object(Closure))
#54 D:/FREELANCE/NONA/BengkelKu-POS/vendor/laravel/framework/src/Illuminate/Http/Middleware/HandleCors.php(49): Illuminate/Pipeline/Pipeline->Illuminate/Pipeline/{closure}(Object(Illuminate/Http/Request))
#55 D:/FREELANCE/NONA/BengkelKu-POS/vendor/laravel/framework/src/Illuminate/Pipeline/Pipeline.php(209): Illuminate/Http/Middleware/HandleCors->handle(Object(Illuminate/Http/Request), Object(Closure))
#56 D:/FREELANCE/NONA/BengkelKu-POS/vendor/laravel/framework/src/Illuminate/Http/Middleware/TrustProxies.php(58): Illuminate/Pipeline/Pipeline->Illuminate/Pipeline/{closure}(Object(Illuminate/Http/Request))
#57 D:/FREELANCE/NONA/BengkelKu-POS/vendor/laravel/framework/src/Illuminate/Pipeline/Pipeline.php(209): Illuminate/Http/Middleware/TrustProxies->handle(Object(Illuminate/Http/Request), Object(Closure))
#58 D:/FREELANCE/NONA/BengkelKu-POS/vendor/laravel/framework/src/Illuminate/Foundation/Http/Middleware/InvokeDeferredCallbacks.php(22): Illuminate/Pipeline/Pipeline->Illuminate/Pipeline/{closure}(Object(Illuminate/Http/Request))
#59 D:/FREELANCE/NONA/BengkelKu-POS/vendor/laravel/framework/src/Illuminate/Pipeline/Pipeline.php(209): Illuminate/Foundation/Http/Middleware/InvokeDeferredCallbacks->handle(Object(Illuminate/Http/Request), Object(Closure))
#60 D:/FREELANCE/NONA/BengkelKu-POS/vendor/laravel/framework/src/Illuminate/Pipeline/Pipeline.php(127): Illuminate/Pipeline/Pipeline->Illuminate/Pipeline/{closure}(Object(Illuminate/Http/Request))
#61 D:/FREELANCE/NONA/BengkelKu-POS/vendor/laravel/framework/src/Illuminate/Foundation/Http/Kernel.php(176): Illuminate/Pipeline/Pipeline->then(Object(Closure))
#62 D:/FREELANCE/NONA/BengkelKu-POS/vendor/laravel/framework/src/Illuminate/Foundation/Http/Kernel.php(145): Illuminate/Foundation/Http/Kernel->sendRequestThroughRouter(Object(Illuminate/Http/Request))
#63 D:/FREELANCE/NONA/BengkelKu-POS/public/index.php(19): Illuminate/Foundation/Http/Kernel->handle(Object(Illuminate/Http/Request))
#64 D:/FREELANCE/NONA/BengkelKu-POS/vendor/laravel/framework/src/Illuminate/Foundation/resources/server.php(23): require_once('D://FREELANCE//NO...')
#65 {main}

[previous exception] [object] (ErrorException(code: 0): Undefined variable $reminders at D:/FREELANCE/NONA/BengkelKu-POS/storage/framework/views/cef7461b1247b6f72e1dabc2df8d850e.php:19)
[stacktrace]
#0 D:/FREELANCE/NONA/BengkelKu-POS/vendor/laravel/framework/src/Illuminate/Foundation/Bootstrap/HandleExceptions.php(258): Illuminate/Foundation/Bootstrap/HandleExceptions->handleError(2, 'Undefined varia...', 'D://FREELANCE//NO...', 19)
#1 D:/FREELANCE/NONA/BengkelKu-POS/storage/framework/views/cef7461b1247b6f72e1dabc2df8d850e.php(19): Illuminate/Foundation/Bootstrap/HandleExceptions->Illuminate/Foundation/Bootstrap/{closure}(2, 'Undefined varia...', 'D://FREELANCE//NO...', 19)
#2 D:/FREELANCE/NONA/BengkelKu-POS/vendor/livewire/livewire/src/Mechanisms/ExtendBlade/ExtendedCompilerEngine.php(37): include('D://FREELANCE//NO...')
#3 D:/FREELANCE/NONA/BengkelKu-POS/vendor/livewire/livewire/src/Mechanisms/ExtendBlade/ExtendedCompilerEngine.php(38): App/Livewire/CRM/Reminders->Livewire/Mechanisms/ExtendBlade/{closure}()
#4 D:/FREELANCE/NONA/BengkelKu-POS/vendor/laravel/framework/src/Illuminate/View/Engines/CompilerEngine.php(75): Livewire/Mechanisms/ExtendBlade/ExtendedCompilerEngine->evaluatePath('D://FREELANCE//NO...', Array)
#5 D:/FREELANCE/NONA/BengkelKu-POS/vendor/livewire/livewire/src/Mechanisms/ExtendBlade/ExtendedCompilerEngine.php(16): Illuminate/View/Engines/CompilerEngine->get('D://FREELANCE//NO...', Array)
#6 D:/FREELANCE/NONA/BengkelKu-POS/vendor/laravel/framework/src/Illuminate/View/View.php(209): Livewire/Mechanisms/ExtendBlade/ExtendedCompilerEngine->get('D://FREELANCE//NO...', Array)
#7 D:/FREELANCE/NONA/BengkelKu-POS/vendor/laravel/framework/src/Illuminate/View/View.php(192): Illuminate/View/View->getContents()
#8 D:/FREELANCE/NONA/BengkelKu-POS/vendor/laravel/framework/src/Illuminate/View/View.php(161): Illuminate/View/View->renderContents()
#9 D:/FREELANCE/NONA/BengkelKu-POS/vendor/livewire/livewire/src/Mechanisms/HandleComponents/HandleComponents.php(288): Illuminate/View/View->render(Object(Closure))
#10 D:/FREELANCE/NONA/BengkelKu-POS/vendor/livewire/livewire/src/Mechanisms/HandleComponents/HandleComponents.php(332): Livewire/Mechanisms/HandleComponents/HandleComponents->Livewire/Mechanisms/HandleComponents/{closure}()
#11 D:/FREELANCE/NONA/BengkelKu-POS/vendor/livewire/livewire/src/Mechanisms/HandleComponents/HandleComponents.php(280): Livewire/Mechanisms/HandleComponents/HandleComponents->trackInRenderStack(Object(App/Livewire/CRM/Reminders), Object(Closure))
#12 D:/FREELANCE/NONA/BengkelKu-POS/vendor/livewire/livewire/src/Mechanisms/HandleComponents/HandleComponents.php(54): Livewire/Mechanisms/HandleComponents/HandleComponents->render(Object(App/Livewire/CRM/Reminders), '<div></div>')
#13 D:/FREELANCE/NONA/BengkelKu-POS/vendor/livewire/livewire/src/LivewireManager.php(73): Livewire/Mechanisms/HandleComponents/HandleComponents->mount('App//Livewire//CR...', Array, NULL)
#14 D:/FREELANCE/NONA/BengkelKu-POS/vendor/livewire/livewire/src/Features/SupportPageComponents/HandlesPageComponents.php(17): Livewire/LivewireManager->mount('App//Livewire//CR...', Array)
#15 D:/FREELANCE/NONA/BengkelKu-POS/vendor/livewire/livewire/src/Features/SupportPageComponents/SupportPageComponents.php(117): Livewire/Component->Livewire/Features/SupportPageComponents/{closure}()
#16 D:/FREELANCE/NONA/BengkelKu-POS/vendor/livewire/livewire/src/Features/SupportPageComponents/HandlesPageComponents.php(14): Livewire/Features/SupportPageComponents/SupportPageComponents::interceptTheRenderOfTheComponentAndRetreiveTheLayoutConfiguration(Object(Closure))
#17 D:/FREELANCE/NONA/BengkelKu-POS/vendor/laravel/framework/src/Illuminate/Routing/ControllerDispatcher.php(47): Livewire/Component->__invoke()
#18 D:/FREELANCE/NONA/BengkelKu-POS/vendor/laravel/framework/src/Illuminate/Routing/Route.php(266): Illuminate/Routing/ControllerDispatcher->dispatch(Object(Illuminate/Routing/Route), Object(App/Livewire/CRM/Reminders), '__invoke')
#19 D:/FREELANCE/NONA/BengkelKu-POS/vendor/laravel/framework/src/Illuminate/Routing/Route.php(212): Illuminate/Routing/Route->runController()
#20 D:/FREELANCE/NONA/BengkelKu-POS/vendor/laravel/framework/src/Illuminate/Routing/Router.php(808): Illuminate/Routing/Route->run()
#21 D:/FREELANCE/NONA/BengkelKu-POS/vendor/laravel/framework/src/Illuminate/Pipeline/Pipeline.php(170): Illuminate/Routing/Router->Illuminate/Routing/{closure}(Object(Illuminate/Http/Request))
#22 D:/FREELANCE/NONA/BengkelKu-POS/vendor/laravel/framework/src/Illuminate/Routing/Middleware/SubstituteBindings.php(51): Illuminate/Pipeline/Pipeline->Illuminate/Pipeline/{closure}(Object(Illuminate/Http/Request))
#23 D:/FREELANCE/NONA/BengkelKu-POS/vendor/laravel/framework/src/Illuminate/Pipeline/Pipeline.php(209): Illuminate/Routing/Middleware/SubstituteBindings->handle(Object(Illuminate/Http/Request), Object(Closure))
#24 D:/FREELANCE/NONA/BengkelKu-POS/vendor/laravel/framework/src/Illuminate/Auth/Middleware/Authenticate.php(64): Illuminate/Pipeline/Pipeline->Illuminate/Pipeline/{closure}(Object(Illuminate/Http/Request))
#25 D:/FREELANCE/NONA/BengkelKu-POS/vendor/laravel/framework/src/Illuminate/Pipeline/Pipeline.php(209): Illuminate/Auth/Middleware/Authenticate->handle(Object(Illuminate/Http/Request), Object(Closure))
#26 D:/FREELANCE/NONA/BengkelKu-POS/vendor/laravel/framework/src/Illuminate/Foundation/Http/Middleware/VerifyCsrfToken.php(88): Illuminate/Pipeline/Pipeline->Illuminate/Pipeline/{closure}(Object(Illuminate/Http/Request))
#27 D:/FREELANCE/NONA/BengkelKu-POS/vendor/laravel/framework/src/Illuminate/Pipeline/Pipeline.php(209): Illuminate/Foundation/Http/Middleware/VerifyCsrfToken->handle(Object(Illuminate/Http/Request), Object(Closure))
#28 D:/FREELANCE/NONA/BengkelKu-POS/vendor/laravel/framework/src/Illuminate/View/Middleware/ShareErrorsFromSession.php(49): Illuminate/Pipeline/Pipeline->Illuminate/Pipeline/{closure}(Object(Illuminate/Http/Request))
#29 D:/FREELANCE/NONA/BengkelKu-POS/vendor/laravel/framework/src/Illuminate/Pipeline/Pipeline.php(209): Illuminate/View/Middleware/ShareErrorsFromSession->handle(Object(Illuminate/Http/Request), Object(Closure))
#30 D:/FREELANCE/NONA/BengkelKu-POS/vendor/laravel/framework/src/Illuminate/Session/Middleware/StartSession.php(121): Illuminate/Pipeline/Pipeline->Illuminate/Pipeline/{closure}(Object(Illuminate/Http/Request))
#31 D:/FREELANCE/NONA/BengkelKu-POS/vendor/laravel/framework/src/Illuminate/Session/Middleware/StartSession.php(64): Illuminate/Session/Middleware/StartSession->handleStatefulRequest(Object(Illuminate/Http/Request), Object(Illuminate/Session/Store), Object(Closure))
#32 D:/FREELANCE/NONA/BengkelKu-POS/vendor/laravel/framework/src/Illuminate/Pipeline/Pipeline.php(209): Illuminate/Session/Middleware/StartSession->handle(Object(Illuminate/Http/Request), Object(Closure))
#33 D:/FREELANCE/NONA/BengkelKu-POS/vendor/laravel/framework/src/Illuminate/Cookie/Middleware/AddQueuedCookiesToResponse.php(37): Illuminate/Pipeline/Pipeline->Illuminate/Pipeline/{closure}(Object(Illuminate/Http/Request))
#34 D:/FREELANCE/NONA/BengkelKu-POS/vendor/laravel/framework/src/Illuminate/Pipeline/Pipeline.php(209): Illuminate/Cookie/Middleware/AddQueuedCookiesToResponse->handle(Object(Illuminate/Http/Request), Object(Closure))
#35 D:/FREELANCE/NONA/BengkelKu-POS/vendor/laravel/framework/src/Illuminate/Cookie/Middleware/EncryptCookies.php(75): Illuminate/Pipeline/Pipeline->Illuminate/Pipeline/{closure}(Object(Illuminate/Http/Request))
#36 D:/FREELANCE/NONA/BengkelKu-POS/vendor/laravel/framework/src/Illuminate/Pipeline/Pipeline.php(209): Illuminate/Cookie/Middleware/EncryptCookies->handle(Object(Illuminate/Http/Request), Object(Closure))
#37 D:/FREELANCE/NONA/BengkelKu-POS/vendor/laravel/framework/src/Illuminate/Pipeline/Pipeline.php(127): Illuminate/Pipeline/Pipeline->Illuminate/Pipeline/{closure}(Object(Illuminate/Http/Request))
#38 D:/FREELANCE/NONA/BengkelKu-POS/vendor/laravel/framework/src/Illuminate/Routing/Router.php(807): Illuminate/Pipeline/Pipeline->then(Object(Closure))
#39 D:/FREELANCE/NONA/BengkelKu-POS/vendor/laravel/framework/src/Illuminate/Routing/Router.php(786): Illuminate/Routing/Router->runRouteWithinStack(Object(Illuminate/Routing/Route), Object(Illuminate/Http/Request))
#40 D:/FREELANCE/NONA/BengkelKu-POS/vendor/laravel/framework/src/Illuminate/Routing/Router.php(750): Illuminate/Routing/Router->runRoute(Object(Illuminate/Http/Request), Object(Illuminate/Routing/Route))
#41 D:/FREELANCE/NONA/BengkelKu-POS/vendor/laravel/framework/src/Illuminate/Routing/Router.php(739): Illuminate/Routing/Router->dispatchToRoute(Object(Illuminate/Http/Request))
#42 D:/FREELANCE/NONA/BengkelKu-POS/vendor/laravel/framework/src/Illuminate/Foundation/Http/Kernel.php(201): Illuminate/Routing/Router->dispatch(Object(Illuminate/Http/Request))
#43 D:/FREELANCE/NONA/BengkelKu-POS/vendor/laravel/framework/src/Illuminate/Pipeline/Pipeline.php(170): Illuminate/Foundation/Http/Kernel->Illuminate/Foundation/Http/{closure}(Object(Illuminate/Http/Request))
#44 D:/FREELANCE/NONA/BengkelKu-POS/vendor/livewire/livewire/src/Features/SupportDisablingBackButtonCache/DisableBackButtonCacheMiddleware.php(19): Illuminate/Pipeline/Pipeline->Illuminate/Pipeline/{closure}(Object(Illuminate/Http/Request))
#45 D:/FREELANCE/NONA/BengkelKu-POS/vendor/laravel/framework/src/Illuminate/Pipeline/Pipeline.php(209): Livewire/Features/SupportDisablingBackButtonCache/DisableBackButtonCacheMiddleware->handle(Object(Illuminate/Http/Request), Object(Closure))
#46 D:/FREELANCE/NONA/BengkelKu-POS/vendor/laravel/framework/src/Illuminate/Foundation/Http/Middleware/TransformsRequest.php(21): Illuminate/Pipeline/Pipeline->Illuminate/Pipeline/{closure}(Object(Illuminate/Http/Request))
#47 D:/FREELANCE/NONA/BengkelKu-POS/vendor/laravel/framework/src/Illuminate/Foundation/Http/Middleware/ConvertEmptyStringsToNull.php(31): Illuminate/Foundation/Http/Middleware/TransformsRequest->handle(Object(Illuminate/Http/Request), Object(Closure))
#48 D:/FREELANCE/NONA/BengkelKu-POS/vendor/laravel/framework/src/Illuminate/Pipeline/Pipeline.php(209): Illuminate/Foundation/Http/Middleware/ConvertEmptyStringsToNull->handle(Object(Illuminate/Http/Request), Object(Closure))
#49 D:/FREELANCE/NONA/BengkelKu-POS/vendor/laravel/framework/src/Illuminate/Foundation/Http/Middleware/TransformsRequest.php(21): Illuminate/Pipeline/Pipeline->Illuminate/Pipeline/{closure}(Object(Illuminate/Http/Request))
#50 D:/FREELANCE/NONA/BengkelKu-POS/vendor/laravel/framework/src/Illuminate/Foundation/Http/Middleware/TrimStrings.php(51): Illuminate/Foundation/Http/Middleware/TransformsRequest->handle(Object(Illuminate/Http/Request), Object(Closure))
#51 D:/FREELANCE/NONA/BengkelKu-POS/vendor/laravel/framework/src/Illuminate/Pipeline/Pipeline.php(209): Illuminate/Foundation/Http/Middleware/TrimStrings->handle(Object(Illuminate/Http/Request), Object(Closure))
#52 D:/FREELANCE/NONA/BengkelKu-POS/vendor/laravel/framework/src/Illuminate/Http/Middleware/ValidatePostSize.php(27): Illuminate/Pipeline/Pipeline->Illuminate/Pipeline/{closure}(Object(Illuminate/Http/Request))
#53 D:/FREELANCE/NONA/BengkelKu-POS/vendor/laravel/framework/src/Illuminate/Pipeline/Pipeline.php(209): Illuminate/Http/Middleware/ValidatePostSize->handle(Object(Illuminate/Http/Request), Object(Closure))
#54 D:/FREELANCE/NONA/BengkelKu-POS/vendor/laravel/framework/src/Illuminate/Foundation/Http/Middleware/PreventRequestsDuringMaintenance.php(110): Illuminate/Pipeline/Pipeline->Illuminate/Pipeline/{closure}(Object(Illuminate/Http/Request))
#55 D:/FREELANCE/NONA/BengkelKu-POS/vendor/laravel/framework/src/Illuminate/Pipeline/Pipeline.php(209): Illuminate/Foundation/Http/Middleware/PreventRequestsDuringMaintenance->handle(Object(Illuminate/Http/Request), Object(Closure))
#56 D:/FREELANCE/NONA/BengkelKu-POS/vendor/laravel/framework/src/Illuminate/Http/Middleware/HandleCors.php(49): Illuminate/Pipeline/Pipeline->Illuminate/Pipeline/{closure}(Object(Illuminate/Http/Request))
#57 D:/FREELANCE/NONA/BengkelKu-POS/vendor/laravel/framework/src/Illuminate/Pipeline/Pipeline.php(209): Illuminate/Http/Middleware/HandleCors->handle(Object(Illuminate/Http/Request), Object(Closure))
#58 D:/FREELANCE/NONA/BengkelKu-POS/vendor/laravel/framework/src/Illuminate/Http/Middleware/TrustProxies.php(58): Illuminate/Pipeline/Pipeline->Illuminate/Pipeline/{closure}(Object(Illuminate/Http/Request))
#59 D:/FREELANCE/NONA/BengkelKu-POS/vendor/laravel/framework/src/Illuminate/Pipeline/Pipeline.php(209): Illuminate/Http/Middleware/TrustProxies->handle(Object(Illuminate/Http/Request), Object(Closure))
#60 D:/FREELANCE/NONA/BengkelKu-POS/vendor/laravel/framework/src/Illuminate/Foundation/Http/Middleware/InvokeDeferredCallbacks.php(22): Illuminate/Pipeline/Pipeline->Illuminate/Pipeline/{closure}(Object(Illuminate/Http/Request))
#61 D:/FREELANCE/NONA/BengkelKu-POS/vendor/laravel/framework/src/Illuminate/Pipeline/Pipeline.php(209): Illuminate/Foundation/Http/Middleware/InvokeDeferredCallbacks->handle(Object(Illuminate/Http/Request), Object(Closure))
#62 D:/FREELANCE/NONA/BengkelKu-POS/vendor/laravel/framework/src/Illuminate/Pipeline/Pipeline.php(127): Illuminate/Pipeline/Pipeline->Illuminate/Pipeline/{closure}(Object(Illuminate/Http/Request))
#63 D:/FREELANCE/NONA/BengkelKu-POS/vendor/laravel/framework/src/Illuminate/Foundation/Http/Kernel.php(176): Illuminate/Pipeline/Pipeline->then(Object(Closure))
#64 D:/FREELANCE/NONA/BengkelKu-POS/vendor/laravel/framework/src/Illuminate/Foundation/Http/Kernel.php(145): Illuminate/Foundation/Http/Kernel->sendRequestThroughRouter(Object(Illuminate/Http/Request))
#65 D:/FREELANCE/NONA/BengkelKu-POS/public/index.php(19): Illuminate/Foundation/Http/Kernel->handle(Object(Illuminate/Http/Request))
#66 D:/FREELANCE/NONA/BengkelKu-POS/vendor/laravel/framework/src/Illuminate/Foundation/resources/server.php(23): require_once('D://FREELANCE//NO...')
#67 {main}
"} 
[2026-08-31 11:50:29] local.ERROR: SQLSTATE[42S22]: Column not found: 1054 Unknown column 'total' in 'field list' (Connection: mysql, SQL: select COALESCE(SUM(total), 0) as total, COUNT(*) as count from `invoices` where `status` != void and `created_at` between 2026-08-01 00:00:00 and 2026-08-31 23:59:59 limit 1) {"userId":"a2a12424-3bbe-4cb5-b0d9-5e931f25e6ec","exception":"[object] (Illuminate\\Database\\QueryException(code: 42S22): SQLSTATE[42S22]: Column not found: 1054 Unknown column 'total' in 'field list' (Connection: mysql, SQL: select COALESCE(SUM(total), 0) as total, COUNT(*) as count from `invoices` where `status` != void and `created_at` between 2026-08-01 00:00:00 and 2026-08-31 23:59:59 limit 1) at D:/FREELANCE/NONA/BengkelKu-POS/vendor/laravel/framework/src/Illuminate/Database/Connection.php:825)
[stacktrace]
#0 D:/FREELANCE/NONA/BengkelKu-POS/vendor/laravel/framework/src/Illuminate/Database/Connection.php(779): Illuminate/Database/Connection->runQueryCallback('select COALESCE...', Array, Object(Closure))
#1 D:/FREELANCE/NONA/BengkelKu-POS/vendor/laravel/framework/src/Illuminate/Database/Connection.php(398): Illuminate/Database/Connection->run('select COALESCE...', Array, Object(Closure))
#2 D:/FREELANCE/NONA/BengkelKu-POS/vendor/laravel/framework/src/Illuminate/Database/Query/Builder.php(3106): Illuminate/Database/Connection->select('select COALESCE...', Array, true)
#3 D:/FREELANCE/NONA/BengkelKu-POS/vendor/laravel/framework/src/Illuminate/Database/Query/Builder.php(3091): Illuminate/Database/Query/Builder->runSelect()
#4 D:/FREELANCE/NONA/BengkelKu-POS/vendor/laravel/framework/src/Illuminate/Database/Query/Builder.php(3676): Illuminate/Database/Query/Builder->Illuminate/Database/Query/{closure}()
#5 D:/FREELANCE/NONA/BengkelKu-POS/vendor/laravel/framework/src/Illuminate/Database/Query/Builder.php(3090): Illuminate/Database/Query/Builder->onceWithColumns(Array, Object(Closure))
#6 D:/FREELANCE/NONA/BengkelKu-POS/vendor/laravel/framework/src/Illuminate/Database/Concerns/BuildsQueries.php(343): Illuminate/Database/Query/Builder->get(Array)
#7 D:/FREELANCE/NONA/BengkelKu-POS/app/Domains/Analytics/Services/AnalyticsService.php(277): Illuminate/Database/Query/Builder->first()
#8 D:/FREELANCE/NONA/BengkelKu-POS/app/Domains/Analytics/Services/AnalyticsService.php(19): App/Domains/Analytics/Services/AnalyticsService->sumInvoices(Object(Illuminate/Support/Carbon), Object(Illuminate/Support/Carbon), NULL)
#9 D:/FREELANCE/NONA/BengkelKu-POS/app/Livewire/Analytics/OwnerDashboard.php(95): App/Domains/Analytics/Services/AnalyticsService->kpi(Object(Illuminate/Support/Carbon), Object(Illuminate/Support/Carbon), NULL)
#10 D:/FREELANCE/NONA/BengkelKu-POS/vendor/laravel/framework/src/Illuminate/Container/BoundMethod.php(36): App/Livewire/Analytics/OwnerDashboard->render()
#11 D:/FREELANCE/NONA/BengkelKu-POS/vendor/laravel/framework/src/Illuminate/Container/Util.php(43): Illuminate/Container/BoundMethod::Illuminate/Container/{closure}()
#12 D:/FREELANCE/NONA/BengkelKu-POS/vendor/laravel/framework/src/Illuminate/Container/BoundMethod.php(95): Illuminate/Container/Util::unwrapIfClosure(Object(Closure))
#13 D:/FREELANCE/NONA/BengkelKu-POS/vendor/laravel/framework/src/Illuminate/Container/BoundMethod.php(35): Illuminate/Container/BoundMethod::callBoundMethod(Object(Illuminate/Foundation/Application), Array, Object(Closure))
#14 D:/FREELANCE/NONA/BengkelKu-POS/vendor/livewire/livewire/src/Wrapped.php(23): Illuminate/Container/BoundMethod::call(Object(Illuminate/Foundation/Application), Array, Array)
#15 D:/FREELANCE/NONA/BengkelKu-POS/vendor/livewire/livewire/src/Mechanisms/HandleComponents/HandleComponents.php(318): Livewire/Wrapped->__call('render', Array)
#16 D:/FREELANCE/NONA/BengkelKu-POS/vendor/livewire/livewire/src/Mechanisms/HandleComponents/HandleComponents.php(278): Livewire/Mechanisms/HandleComponents/HandleComponents->getView(Object(App/Livewire/Analytics/OwnerDashboard))
#17 D:/FREELANCE/NONA/BengkelKu-POS/vendor/livewire/livewire/src/Mechanisms/HandleComponents/HandleComponents.php(54): Livewire/Mechanisms/HandleComponents/HandleComponents->render(Object(App/Livewire/Analytics/OwnerDashboard), '<div></div>')
#18 D:/FREELANCE/NONA/BengkelKu-POS/vendor/livewire/livewire/src/LivewireManager.php(73): Livewire/Mechanisms/HandleComponents/HandleComponents->mount('App//Livewire//An...', Array, NULL)
#19 D:/FREELANCE/NONA/BengkelKu-POS/vendor/livewire/livewire/src/Features/SupportPageComponents/HandlesPageComponents.php(17): Livewire/LivewireManager->mount('App//Livewire//An...', Array)
#20 D:/FREELANCE/NONA/BengkelKu-POS/vendor/livewire/livewire/src/Features/SupportPageComponents/SupportPageComponents.php(117): Livewire/Component->Livewire/Features/SupportPageComponents/{closure}()
#21 D:/FREELANCE/NONA/BengkelKu-POS/vendor/livewire/livewire/src/Features/SupportPageComponents/HandlesPageComponents.php(14): Livewire/Features/SupportPageComponents/SupportPageComponents::interceptTheRenderOfTheComponentAndRetreiveTheLayoutConfiguration(Object(Closure))
#22 D:/FREELANCE/NONA/BengkelKu-POS/vendor/laravel/framework/src/Illuminate/Routing/ControllerDispatcher.php(47): Livewire/Component->__invoke()
#23 D:/FREELANCE/NONA/BengkelKu-POS/vendor/laravel/framework/src/Illuminate/Routing/Route.php(266): Illuminate/Routing/ControllerDispatcher->dispatch(Object(Illuminate/Routing/Route), Object(App/Livewire/Analytics/OwnerDashboard), '__invoke')
#24 D:/FREELANCE/NONA/BengkelKu-POS/vendor/laravel/framework/src/Illuminate/Routing/Route.php(212): Illuminate/Routing/Route->runController()
#25 D:/FREELANCE/NONA/BengkelKu-POS/vendor/laravel/framework/src/Illuminate/Routing/Router.php(808): Illuminate/Routing/Route->run()
#26 D:/FREELANCE/NONA/BengkelKu-POS/vendor/laravel/framework/src/Illuminate/Pipeline/Pipeline.php(170): Illuminate/Routing/Router->Illuminate/Routing/{closure}(Object(Illuminate/Http/Request))
#27 D:/FREELANCE/NONA/BengkelKu-POS/vendor/laravel/framework/src/Illuminate/Routing/Middleware/SubstituteBindings.php(51): Illuminate/Pipeline/Pipeline->Illuminate/Pipeline/{closure}(Object(Illuminate/Http/Request))
#28 D:/FREELANCE/NONA/BengkelKu-POS/vendor/laravel/framework/src/Illuminate/Pipeline/Pipeline.php(209): Illuminate/Routing/Middleware/SubstituteBindings->handle(Object(Illuminate/Http/Request), Object(Closure))
#29 D:/FREELANCE/NONA/BengkelKu-POS/vendor/laravel/framework/src/Illuminate/Auth/Middleware/Authenticate.php(64): Illuminate/Pipeline/Pipeline->Illuminate/Pipeline/{closure}(Object(Illuminate/Http/Request))
#30 D:/FREELANCE/NONA/BengkelKu-POS/vendor/laravel/framework/src/Illuminate/Pipeline/Pipeline.php(209): Illuminate/Auth/Middleware/Authenticate->handle(Object(Illuminate/Http/Request), Object(Closure))
#31 D:/FREELANCE/NONA/BengkelKu-POS/vendor/laravel/framework/src/Illuminate/Foundation/Http/Middleware/VerifyCsrfToken.php(88): Illuminate/Pipeline/Pipeline->Illuminate/Pipeline/{closure}(Object(Illuminate/Http/Request))
#32 D:/FREELANCE/NONA/BengkelKu-POS/vendor/laravel/framework/src/Illuminate/Pipeline/Pipeline.php(209): Illuminate/Foundation/Http/Middleware/VerifyCsrfToken->handle(Object(Illuminate/Http/Request), Object(Closure))
#33 D:/FREELANCE/NONA/BengkelKu-POS/vendor/laravel/framework/src/Illuminate/View/Middleware/ShareErrorsFromSession.php(49): Illuminate/Pipeline/Pipeline->Illuminate/Pipeline/{closure}(Object(Illuminate/Http/Request))
#34 D:/FREELANCE/NONA/BengkelKu-POS/vendor/laravel/framework/src/Illuminate/Pipeline/Pipeline.php(209): Illuminate/View/Middleware/ShareErrorsFromSession->handle(Object(Illuminate/Http/Request), Object(Closure))
#35 D:/FREELANCE/NONA/BengkelKu-POS/vendor/laravel/framework/src/Illuminate/Session/Middleware/StartSession.php(121): Illuminate/Pipeline/Pipeline->Illuminate/Pipeline/{closure}(Object(Illuminate/Http/Request))
#36 D:/FREELANCE/NONA/BengkelKu-POS/vendor/laravel/framework/src/Illuminate/Session/Middleware/StartSession.php(64): Illuminate/Session/Middleware/StartSession->handleStatefulRequest(Object(Illuminate/Http/Request), Object(Illuminate/Session/Store), Object(Closure))
#37 D:/FREELANCE/NONA/BengkelKu-POS/vendor/laravel/framework/src/Illuminate/Pipeline/Pipeline.php(209): Illuminate/Session/Middleware/StartSession->handle(Object(Illuminate/Http/Request), Object(Closure))
#38 D:/FREELANCE/NONA/BengkelKu-POS/vendor/laravel/framework/src/Illuminate/Cookie/Middleware/AddQueuedCookiesToResponse.php(37): Illuminate/Pipeline/Pipeline->Illuminate/Pipeline/{closure}(Object(Illuminate/Http/Request))
#39 D:/FREELANCE/NONA/BengkelKu-POS/vendor/laravel/framework/src/Illuminate/Pipeline/Pipeline.php(209): Illuminate/Cookie/Middleware/AddQueuedCookiesToResponse->handle(Object(Illuminate/Http/Request), Object(Closure))
#40 D:/FREELANCE/NONA/BengkelKu-POS/vendor/laravel/framework/src/Illuminate/Cookie/Middleware/EncryptCookies.php(75): Illuminate/Pipeline/Pipeline->Illuminate/Pipeline/{closure}(Object(Illuminate/Http/Request))
#41 D:/FREELANCE/NONA/BengkelKu-POS/vendor/laravel/framework/src/Illuminate/Pipeline/Pipeline.php(209): Illuminate/Cookie/Middleware/EncryptCookies->handle(Object(Illuminate/Http/Request), Object(Closure))
#42 D:/FREELANCE/NONA/BengkelKu-POS/vendor/laravel/framework/src/Illuminate/Pipeline/Pipeline.php(127): Illuminate/Pipeline/Pipeline->Illuminate/Pipeline/{closure}(Object(Illuminate/Http/Request))
#43 D:/FREELANCE/NONA/BengkelKu-POS/vendor/laravel/framework/src/Illuminate/Routing/Router.php(807): Illuminate/Pipeline/Pipeline->then(Object(Closure))
#44 D:/FREELANCE/NONA/BengkelKu-POS/vendor/laravel/framework/src/Illuminate/Routing/Router.php(786): Illuminate/Routing/Router->runRouteWithinStack(Object(Illuminate/Routing/Route), Object(Illuminate/Http/Request))
#45 D:/FREELANCE/NONA/BengkelKu-POS/vendor/laravel/framework/src/Illuminate/Routing/Router.php(750): Illuminate/Routing/Router->runRoute(Object(Illuminate/Http/Request), Object(Illuminate/Routing/Route))
#46 D:/FREELANCE/NONA/BengkelKu-POS/vendor/laravel/framework/src/Illuminate/Routing/Router.php(739): Illuminate/Routing/Router->dispatchToRoute(Object(Illuminate/Http/Request))
#47 D:/FREELANCE/NONA/BengkelKu-POS/vendor/laravel/framework/src/Illuminate/Foundation/Http/Kernel.php(201): Illuminate/Routing/Router->dispatch(Object(Illuminate/Http/Request))
#48 D:/FREELANCE/NONA/BengkelKu-POS/vendor/laravel/framework/src/Illuminate/Pipeline/Pipeline.php(170): Illuminate/Foundation/Http/Kernel->Illuminate/Foundation/Http/{closure}(Object(Illuminate/Http/Request))
#49 D:/FREELANCE/NONA/BengkelKu-POS/vendor/livewire/livewire/src/Features/SupportDisablingBackButtonCache/DisableBackButtonCacheMiddleware.php(19): Illuminate/Pipeline/Pipeline->Illuminate/Pipeline/{closure}(Object(Illuminate/Http/Request))
#50 D:/FREELANCE/NONA/BengkelKu-POS/vendor/laravel/framework/src/Illuminate/Pipeline/Pipeline.php(209): Livewire/Features/SupportDisablingBackButtonCache/DisableBackButtonCacheMiddleware->handle(Object(Illuminate/Http/Request), Object(Closure))
#51 D:/FREELANCE/NONA/BengkelKu-POS/vendor/laravel/framework/src/Illuminate/Foundation/Http/Middleware/TransformsRequest.php(21): Illuminate/Pipeline/Pipeline->Illuminate/Pipeline/{closure}(Object(Illuminate/Http/Request))
#52 D:/FREELANCE/NONA/BengkelKu-POS/vendor/laravel/framework/src/Illuminate/Foundation/Http/Middleware/ConvertEmptyStringsToNull.php(31): Illuminate/Foundation/Http/Middleware/TransformsRequest->handle(Object(Illuminate/Http/Request), Object(Closure))
#53 D:/FREELANCE/NONA/BengkelKu-POS/vendor/laravel/framework/src/Illuminate/Pipeline/Pipeline.php(209): Illuminate/Foundation/Http/Middleware/ConvertEmptyStringsToNull->handle(Object(Illuminate/Http/Request), Object(Closure))
#54 D:/FREELANCE/NONA/BengkelKu-POS/vendor/laravel/framework/src/Illuminate/Foundation/Http/Middleware/TransformsRequest.php(21): Illuminate/Pipeline/Pipeline->Illuminate/Pipeline/{closure}(Object(Illuminate/Http/Request))
#55 D:/FREELANCE/NONA/BengkelKu-POS/vendor/laravel/framework/src/Illuminate/Foundation/Http/Middleware/TrimStrings.php(51): Illuminate/Foundation/Http/Middleware/TransformsRequest->handle(Object(Illuminate/Http/Request), Object(Closure))
#56 D:/FREELANCE/NONA/BengkelKu-POS/vendor/laravel/framework/src/Illuminate/Pipeline/Pipeline.php(209): Illuminate/Foundation/Http/Middleware/TrimStrings->handle(Object(Illuminate/Http/Request), Object(Closure))
#57 D:/FREELANCE/NONA/BengkelKu-POS/vendor/laravel/framework/src/Illuminate/Http/Middleware/ValidatePostSize.php(27): Illuminate/Pipeline/Pipeline->Illuminate/Pipeline/{closure}(Object(Illuminate/Http/Request))
#58 D:/FREELANCE/NONA/BengkelKu-POS/vendor/laravel/framework/src/Illuminate/Pipeline/Pipeline.php(209): Illuminate/Http/Middleware/ValidatePostSize->handle(Object(Illuminate/Http/Request), Object(Closure))
#59 D:/FREELANCE/NONA/BengkelKu-POS/vendor/laravel/framework/src/Illuminate/Foundation/Http/Middleware/PreventRequestsDuringMaintenance.php(110): Illuminate/Pipeline/Pipeline->Illuminate/Pipeline/{closure}(Object(Illuminate/Http/Request))
#60 D:/FREELANCE/NONA/BengkelKu-POS/vendor/laravel/framework/src/Illuminate/Pipeline/Pipeline.php(209): Illuminate/Foundation/Http/Middleware/PreventRequestsDuringMaintenance->handle(Object(Illuminate/Http/Request), Object(Closure))
#61 D:/FREELANCE/NONA/BengkelKu-POS/vendor/laravel/framework/src/Illuminate/Http/Middleware/HandleCors.php(49): Illuminate/Pipeline/Pipeline->Illuminate/Pipeline/{closure}(Object(Illuminate/Http/Request))
#62 D:/FREELANCE/NONA/BengkelKu-POS/vendor/laravel/framework/src/Illuminate/Pipeline/Pipeline.php(209): Illuminate/Http/Middleware/HandleCors->handle(Object(Illuminate/Http/Request), Object(Closure))
#63 D:/FREELANCE/NONA/BengkelKu-POS/vendor/laravel/framework/src/Illuminate/Http/Middleware/TrustProxies.php(58): Illuminate/Pipeline/Pipeline->Illuminate/Pipeline/{closure}(Object(Illuminate/Http/Request))
#64 D:/FREELANCE/NONA/BengkelKu-POS/vendor/laravel/framework/src/Illuminate/Pipeline/Pipeline.php(209): Illuminate/Http/Middleware/TrustProxies->handle(Object(Illuminate/Http/Request), Object(Closure))
#65 D:/FREELANCE/NONA/BengkelKu-POS/vendor/laravel/framework/src/Illuminate/Foundation/Http/Middleware/InvokeDeferredCallbacks.php(22): Illuminate/Pipeline/Pipeline->Illuminate/Pipeline/{closure}(Object(Illuminate/Http/Request))
#66 D:/FREELANCE/NONA/BengkelKu-POS/vendor/laravel/framework/src/Illuminate/Pipeline/Pipeline.php(209): Illuminate/Foundation/Http/Middleware/InvokeDeferredCallbacks->handle(Object(Illuminate/Http/Request), Object(Closure))
#67 D:/FREELANCE/NONA/BengkelKu-POS/vendor/laravel/framework/src/Illuminate/Pipeline/Pipeline.php(127): Illuminate/Pipeline/Pipeline->Illuminate/Pipeline/{closure}(Object(Illuminate/Http/Request))
#68 D:/FREELANCE/NONA/BengkelKu-POS/vendor/laravel/framework/src/Illuminate/Foundation/Http/Kernel.php(176): Illuminate/Pipeline/Pipeline->then(Object(Closure))
#69 D:/FREELANCE/NONA/BengkelKu-POS/vendor/laravel/framework/src/Illuminate/Foundation/Http/Kernel.php(145): Illuminate/Foundation/Http/Kernel->sendRequestThroughRouter(Object(Illuminate/Http/Request))
#70 D:/FREELANCE/NONA/BengkelKu-POS/public/index.php(19): Illuminate/Foundation/Http/Kernel->handle(Object(Illuminate/Http/Request))
#71 D:/FREELANCE/NONA/BengkelKu-POS/vendor/laravel/framework/src/Illuminate/Foundation/resources/server.php(23): require_once('D://FREELANCE//NO...')
#72 {main}

[previous exception] [object] (PDOException(code: 42S22): SQLSTATE[42S22]: Column not found: 1054 Unknown column 'total' in 'field list' at D:/FREELANCE/NONA/BengkelKu-POS/vendor/laravel/framework/src/Illuminate/Database/Connection.php:407)
[stacktrace]
#0 D:/FREELANCE/NONA/BengkelKu-POS/vendor/laravel/framework/src/Illuminate/Database/Connection.php(407): PDO->prepare('select COALESCE...')
#1 D:/FREELANCE/NONA/BengkelKu-POS/vendor/laravel/framework/src/Illuminate/Database/Connection.php(812): Illuminate/Database/Connection->Illuminate/Database/{closure}('select COALESCE...', Array)
#2 D:/FREELANCE/NONA/BengkelKu-POS/vendor/laravel/framework/src/Illuminate/Database/Connection.php(779): Illuminate/Database/Connection->runQueryCallback('select COALESCE...', Array, Object(Closure))
#3 D:/FREELANCE/NONA/BengkelKu-POS/vendor/laravel/framework/src/Illuminate/Database/Connection.php(398): Illuminate/Database/Connection->run('select COALESCE...', Array, Object(Closure))
#4 D:/FREELANCE/NONA/BengkelKu-POS/vendor/laravel/framework/src/Illuminate/Database/Query/Builder.php(3106): Illuminate/Database/Connection->select('select COALESCE...', Array, true)
#5 D:/FREELANCE/NONA/BengkelKu-POS/vendor/laravel/framework/src/Illuminate/Database/Query/Builder.php(3091): Illuminate/Database/Query/Builder->runSelect()
#6 D:/FREELANCE/NONA/BengkelKu-POS/vendor/laravel/framework/src/Illuminate/Database/Query/Builder.php(3676): Illuminate/Database/Query/Builder->Illuminate/Database/Query/{closure}()
#7 D:/FREELANCE/NONA/BengkelKu-POS/vendor/laravel/framework/src/Illuminate/Database/Query/Builder.php(3090): Illuminate/Database/Query/Builder->onceWithColumns(Array, Object(Closure))
#8 D:/FREELANCE/NONA/BengkelKu-POS/vendor/laravel/framework/src/Illuminate/Database/Concerns/BuildsQueries.php(343): Illuminate/Database/Query/Builder->get(Array)
#9 D:/FREELANCE/NONA/BengkelKu-POS/app/Domains/Analytics/Services/AnalyticsService.php(277): Illuminate/Database/Query/Builder->first()
#10 D:/FREELANCE/NONA/BengkelKu-POS/app/Domains/Analytics/Services/AnalyticsService.php(19): App/Domains/Analytics/Services/AnalyticsService->sumInvoices(Object(Illuminate/Support/Carbon), Object(Illuminate/Support/Carbon), NULL)
#11 D:/FREELANCE/NONA/BengkelKu-POS/app/Livewire/Analytics/OwnerDashboard.php(95): App/Domains/Analytics/Services/AnalyticsService->kpi(Object(Illuminate/Support/Carbon), Object(Illuminate/Support/Carbon), NULL)
#12 D:/FREELANCE/NONA/BengkelKu-POS/vendor/laravel/framework/src/Illuminate/Container/BoundMethod.php(36): App/Livewire/Analytics/OwnerDashboard->render()
#13 D:/FREELANCE/NONA/BengkelKu-POS/vendor/laravel/framework/src/Illuminate/Container/Util.php(43): Illuminate/Container/BoundMethod::Illuminate/Container/{closure}()
#14 D:/FREELANCE/NONA/BengkelKu-POS/vendor/laravel/framework/src/Illuminate/Container/BoundMethod.php(95): Illuminate/Container/Util::unwrapIfClosure(Object(Closure))
#15 D:/FREELANCE/NONA/BengkelKu-POS/vendor/laravel/framework/src/Illuminate/Container/BoundMethod.php(35): Illuminate/Container/BoundMethod::callBoundMethod(Object(Illuminate/Foundation/Application), Array, Object(Closure))
#16 D:/FREELANCE/NONA/BengkelKu-POS/vendor/livewire/livewire/src/Wrapped.php(23): Illuminate/Container/BoundMethod::call(Object(Illuminate/Foundation/Application), Array, Array)
#17 D:/FREELANCE/NONA/BengkelKu-POS/vendor/livewire/livewire/src/Mechanisms/HandleComponents/HandleComponents.php(318): Livewire/Wrapped->__call('render', Array)
#18 D:/FREELANCE/NONA/BengkelKu-POS/vendor/livewire/livewire/src/Mechanisms/HandleComponents/HandleComponents.php(278): Livewire/Mechanisms/HandleComponents/HandleComponents->getView(Object(App/Livewire/Analytics/OwnerDashboard))
#19 D:/FREELANCE/NONA/BengkelKu-POS/vendor/livewire/livewire/src/Mechanisms/HandleComponents/HandleComponents.php(54): Livewire/Mechanisms/HandleComponents/HandleComponents->render(Object(App/Livewire/Analytics/OwnerDashboard), '<div></div>')
#20 D:/FREELANCE/NONA/BengkelKu-POS/vendor/livewire/livewire/src/LivewireManager.php(73): Livewire/Mechanisms/HandleComponents/HandleComponents->mount('App//Livewire//An...', Array, NULL)
#21 D:/FREELANCE/NONA/BengkelKu-POS/vendor/livewire/livewire/src/Features/SupportPageComponents/HandlesPageComponents.php(17): Livewire/LivewireManager->mount('App//Livewire//An...', Array)
#22 D:/FREELANCE/NONA/BengkelKu-POS/vendor/livewire/livewire/src/Features/SupportPageComponents/SupportPageComponents.php(117): Livewire/Component->Livewire/Features/SupportPageComponents/{closure}()
#23 D:/FREELANCE/NONA/BengkelKu-POS/vendor/livewire/livewire/src/Features/SupportPageComponents/HandlesPageComponents.php(14): Livewire/Features/SupportPageComponents/SupportPageComponents::interceptTheRenderOfTheComponentAndRetreiveTheLayoutConfiguration(Object(Closure))
#24 D:/FREELANCE/NONA/BengkelKu-POS/vendor/laravel/framework/src/Illuminate/Routing/ControllerDispatcher.php(47): Livewire/Component->__invoke()
#25 D:/FREELANCE/NONA/BengkelKu-POS/vendor/laravel/framework/src/Illuminate/Routing/Route.php(266): Illuminate/Routing/ControllerDispatcher->dispatch(Object(Illuminate/Routing/Route), Object(App/Livewire/Analytics/OwnerDashboard), '__invoke')
#26 D:/FREELANCE/NONA/BengkelKu-POS/vendor/laravel/framework/src/Illuminate/Routing/Route.php(212): Illuminate/Routing/Route->runController()
#27 D:/FREELANCE/NONA/BengkelKu-POS/vendor/laravel/framework/src/Illuminate/Routing/Router.php(808): Illuminate/Routing/Route->run()
#28 D:/FREELANCE/NONA/BengkelKu-POS/vendor/laravel/framework/src/Illuminate/Pipeline/Pipeline.php(170): Illuminate/Routing/Router->Illuminate/Routing/{closure}(Object(Illuminate/Http/Request))
#29 D:/FREELANCE/NONA/BengkelKu-POS/vendor/laravel/framework/src/Illuminate/Routing/Middleware/SubstituteBindings.php(51): Illuminate/Pipeline/Pipeline->Illuminate/Pipeline/{closure}(Object(Illuminate/Http/Request))
#30 D:/FREELANCE/NONA/BengkelKu-POS/vendor/laravel/framework/src/Illuminate/Pipeline/Pipeline.php(209): Illuminate/Routing/Middleware/SubstituteBindings->handle(Object(Illuminate/Http/Request), Object(Closure))
#31 D:/FREELANCE/NONA/BengkelKu-POS/vendor/laravel/framework/src/Illuminate/Auth/Middleware/Authenticate.php(64): Illuminate/Pipeline/Pipeline->Illuminate/Pipeline/{closure}(Object(Illuminate/Http/Request))
#32 D:/FREELANCE/NONA/BengkelKu-POS/vendor/laravel/framework/src/Illuminate/Pipeline/Pipeline.php(209): Illuminate/Auth/Middleware/Authenticate->handle(Object(Illuminate/Http/Request), Object(Closure))
#33 D:/FREELANCE/NONA/BengkelKu-POS/vendor/laravel/framework/src/Illuminate/Foundation/Http/Middleware/VerifyCsrfToken.php(88): Illuminate/Pipeline/Pipeline->Illuminate/Pipeline/{closure}(Object(Illuminate/Http/Request))
#34 D:/FREELANCE/NONA/BengkelKu-POS/vendor/laravel/framework/src/Illuminate/Pipeline/Pipeline.php(209): Illuminate/Foundation/Http/Middleware/VerifyCsrfToken->handle(Object(Illuminate/Http/Request), Object(Closure))
#35 D:/FREELANCE/NONA/BengkelKu-POS/vendor/laravel/framework/src/Illuminate/View/Middleware/ShareErrorsFromSession.php(49): Illuminate/Pipeline/Pipeline->Illuminate/Pipeline/{closure}(Object(Illuminate/Http/Request))
#36 D:/FREELANCE/NONA/BengkelKu-POS/vendor/laravel/framework/src/Illuminate/Pipeline/Pipeline.php(209): Illuminate/View/Middleware/ShareErrorsFromSession->handle(Object(Illuminate/Http/Request), Object(Closure))
#37 D:/FREELANCE/NONA/BengkelKu-POS/vendor/laravel/framework/src/Illuminate/Session/Middleware/StartSession.php(121): Illuminate/Pipeline/Pipeline->Illuminate/Pipeline/{closure}(Object(Illuminate/Http/Request))
#38 D:/FREELANCE/NONA/BengkelKu-POS/vendor/laravel/framework/src/Illuminate/Session/Middleware/StartSession.php(64): Illuminate/Session/Middleware/StartSession->handleStatefulRequest(Object(Illuminate/Http/Request), Object(Illuminate/Session/Store), Object(Closure))
#39 D:/FREELANCE/NONA/BengkelKu-POS/vendor/laravel/framework/src/Illuminate/Pipeline/Pipeline.php(209): Illuminate/Session/Middleware/StartSession->handle(Object(Illuminate/Http/Request), Object(Closure))
#40 D:/FREELANCE/NONA/BengkelKu-POS/vendor/laravel/framework/src/Illuminate/Cookie/Middleware/AddQueuedCookiesToResponse.php(37): Illuminate/Pipeline/Pipeline->Illuminate/Pipeline/{closure}(Object(Illuminate/Http/Request))
#41 D:/FREELANCE/NONA/BengkelKu-POS/vendor/laravel/framework/src/Illuminate/Pipeline/Pipeline.php(209): Illuminate/Cookie/Middleware/AddQueuedCookiesToResponse->handle(Object(Illuminate/Http/Request), Object(Closure))
#42 D:/FREELANCE/NONA/BengkelKu-POS/vendor/laravel/framework/src/Illuminate/Cookie/Middleware/EncryptCookies.php(75): Illuminate/Pipeline/Pipeline->Illuminate/Pipeline/{closure}(Object(Illuminate/Http/Request))
#43 D:/FREELANCE/NONA/BengkelKu-POS/vendor/laravel/framework/src/Illuminate/Pipeline/Pipeline.php(209): Illuminate/Cookie/Middleware/EncryptCookies->handle(Object(Illuminate/Http/Request), Object(Closure))
#44 D:/FREELANCE/NONA/BengkelKu-POS/vendor/laravel/framework/src/Illuminate/Pipeline/Pipeline.php(127): Illuminate/Pipeline/Pipeline->Illuminate/Pipeline/{closure}(Object(Illuminate/Http/Request))
#45 D:/FREELANCE/NONA/BengkelKu-POS/vendor/laravel/framework/src/Illuminate/Routing/Router.php(807): Illuminate/Pipeline/Pipeline->then(Object(Closure))
#46 D:/FREELANCE/NONA/BengkelKu-POS/vendor/laravel/framework/src/Illuminate/Routing/Router.php(786): Illuminate/Routing/Router->runRouteWithinStack(Object(Illuminate/Routing/Route), Object(Illuminate/Http/Request))
#47 D:/FREELANCE/NONA/BengkelKu-POS/vendor/laravel/framework/src/Illuminate/Routing/Router.php(750): Illuminate/Routing/Router->runRoute(Object(Illuminate/Http/Request), Object(Illuminate/Routing/Route))
#48 D:/FREELANCE/NONA/BengkelKu-POS/vendor/laravel/framework/src/Illuminate/Routing/Router.php(739): Illuminate/Routing/Router->dispatchToRoute(Object(Illuminate/Http/Request))
#49 D:/FREELANCE/NONA/BengkelKu-POS/vendor/laravel/framework/src/Illuminate/Foundation/Http/Kernel.php(201): Illuminate/Routing/Router->dispatch(Object(Illuminate/Http/Request))
#50 D:/FREELANCE/NONA/BengkelKu-POS/vendor/laravel/framework/src/Illuminate/Pipeline/Pipeline.php(170): Illuminate/Foundation/Http/Kernel->Illuminate/Foundation/Http/{closure}(Object(Illuminate/Http/Request))
#51 D:/FREELANCE/NONA/BengkelKu-POS/vendor/livewire/livewire/src/Features/SupportDisablingBackButtonCache/DisableBackButtonCacheMiddleware.php(19): Illuminate/Pipeline/Pipeline->Illuminate/Pipeline/{closure}(Object(Illuminate/Http/Request))
#52 D:/FREELANCE/NONA/BengkelKu-POS/vendor/laravel/framework/src/Illuminate/Pipeline/Pipeline.php(209): Livewire/Features/SupportDisablingBackButtonCache/DisableBackButtonCacheMiddleware->handle(Object(Illuminate/Http/Request), Object(Closure))
#53 D:/FREELANCE/NONA/BengkelKu-POS/vendor/laravel/framework/src/Illuminate/Foundation/Http/Middleware/TransformsRequest.php(21): Illuminate/Pipeline/Pipeline->Illuminate/Pipeline/{closure}(Object(Illuminate/Http/Request))
#54 D:/FREELANCE/NONA/BengkelKu-POS/vendor/laravel/framework/src/Illuminate/Foundation/Http/Middleware/ConvertEmptyStringsToNull.php(31): Illuminate/Foundation/Http/Middleware/TransformsRequest->handle(Object(Illuminate/Http/Request), Object(Closure))
#55 D:/FREELANCE/NONA/BengkelKu-POS/vendor/laravel/framework/src/Illuminate/Pipeline/Pipeline.php(209): Illuminate/Foundation/Http/Middleware/ConvertEmptyStringsToNull->handle(Object(Illuminate/Http/Request), Object(Closure))
#56 D:/FREELANCE/NONA/BengkelKu-POS/vendor/laravel/framework/src/Illuminate/Foundation/Http/Middleware/TransformsRequest.php(21): Illuminate/Pipeline/Pipeline->Illuminate/Pipeline/{closure}(Object(Illuminate/Http/Request))
#57 D:/FREELANCE/NONA/BengkelKu-POS/vendor/laravel/framework/src/Illuminate/Foundation/Http/Middleware/TrimStrings.php(51): Illuminate/Foundation/Http/Middleware/TransformsRequest->handle(Object(Illuminate/Http/Request), Object(Closure))
#58 D:/FREELANCE/NONA/BengkelKu-POS/vendor/laravel/framework/src/Illuminate/Pipeline/Pipeline.php(209): Illuminate/Foundation/Http/Middleware/TrimStrings->handle(Object(Illuminate/Http/Request), Object(Closure))
#59 D:/FREELANCE/NONA/BengkelKu-POS/vendor/laravel/framework/src/Illuminate/Http/Middleware/ValidatePostSize.php(27): Illuminate/Pipeline/Pipeline->Illuminate/Pipeline/{closure}(Object(Illuminate/Http/Request))
#60 D:/FREELANCE/NONA/BengkelKu-POS/vendor/laravel/framework/src/Illuminate/Pipeline/Pipeline.php(209): Illuminate/Http/Middleware/ValidatePostSize->handle(Object(Illuminate/Http/Request), Object(Closure))
#61 D:/FREELANCE/NONA/BengkelKu-POS/vendor/laravel/framework/src/Illuminate/Foundation/Http/Middleware/PreventRequestsDuringMaintenance.php(110): Illuminate/Pipeline/Pipeline->Illuminate/Pipeline/{closure}(Object(Illuminate/Http/Request))
#62 D:/FREELANCE/NONA/BengkelKu-POS/vendor/laravel/framework/src/Illuminate/Pipeline/Pipeline.php(209): Illuminate/Foundation/Http/Middleware/PreventRequestsDuringMaintenance->handle(Object(Illuminate/Http/Request), Object(Closure))
#63 D:/FREELANCE/NONA/BengkelKu-POS/vendor/laravel/framework/src/Illuminate/Http/Middleware/HandleCors.php(49): Illuminate/Pipeline/Pipeline->Illuminate/Pipeline/{closure}(Object(Illuminate/Http/Request))
#64 D:/FREELANCE/NONA/BengkelKu-POS/vendor/laravel/framework/src/Illuminate/Pipeline/Pipeline.php(209): Illuminate/Http/Middleware/HandleCors->handle(Object(Illuminate/Http/Request), Object(Closure))
#65 D:/FREELANCE/NONA/BengkelKu-POS/vendor/laravel/framework/src/Illuminate/Http/Middleware/TrustProxies.php(58): Illuminate/Pipeline/Pipeline->Illuminate/Pipeline/{closure}(Object(Illuminate/Http/Request))
#66 D:/FREELANCE/NONA/BengkelKu-POS/vendor/laravel/framework/src/Illuminate/Pipeline/Pipeline.php(209): Illuminate/Http/Middleware/TrustProxies->handle(Object(Illuminate/Http/Request), Object(Closure))
#67 D:/FREELANCE/NONA/BengkelKu-POS/vendor/laravel/framework/src/Illuminate/Foundation/Http/Middleware/InvokeDeferredCallbacks.php(22): Illuminate/Pipeline/Pipeline->Illuminate/Pipeline/{closure}(Object(Illuminate/Http/Request))
#68 D:/FREELANCE/NONA/BengkelKu-POS/vendor/laravel/framework/src/Illuminate/Pipeline/Pipeline.php(209): Illuminate/Foundation/Http/Middleware/InvokeDeferredCallbacks->handle(Object(Illuminate/Http/Request), Object(Closure))
#69 D:/FREELANCE/NONA/BengkelKu-POS/vendor/laravel/framework/src/Illuminate/Pipeline/Pipeline.php(127): Illuminate/Pipeline/Pipeline->Illuminate/Pipeline/{closure}(Object(Illuminate/Http/Request))
#70 D:/FREELANCE/NONA/BengkelKu-POS/vendor/laravel/framework/src/Illuminate/Foundation/Http/Kernel.php(176): Illuminate/Pipeline/Pipeline->then(Object(Closure))
#71 D:/FREELANCE/NONA/BengkelKu-POS/vendor/laravel/framework/src/Illuminate/Foundation/Http/Kernel.php(145): Illuminate/Foundation/Http/Kernel->sendRequestThroughRouter(Object(Illuminate/Http/Request))
#72 D:/FREELANCE/NONA/BengkelKu-POS/public/index.php(19): Illuminate/Foundation/Http/Kernel->handle(Object(Illuminate/Http/Request))
#73 D:/FREELANCE/NONA/BengkelKu-POS/vendor/laravel/framework/src/Illuminate/Foundation/resources/server.php(23): require_once('D://FREELANCE//NO...')
#74 {main}
"} 
[2026-08-31 11:50:43] local.ERROR: Undefined variable $activeTab (View: D:\FREELANCE\NONA\BengkelKu-POS\resources\views\livewire\inventory\index.blade.php) {"userId":"a2a12424-3bbe-4cb5-b0d9-5e931f25e6ec","exception":"[object] (Illuminate\\View\\ViewException(code: 0): Undefined variable $activeTab (View: D:\\FREELANCE\\NONA\\BengkelKu-POS\\resources\\views\\livewire\\inventory\\index.blade.php) at D:/FREELANCE/NONA/BengkelKu-POS/storage/framework/views/59968ddd10c5554bd21b00925cf3a62d.php:16)
[stacktrace]
#0 D:/FREELANCE/NONA/BengkelKu-POS/vendor/livewire/livewire/src/Mechanisms/ExtendBlade/ExtendedCompilerEngine.php(58): Illuminate/View/Engines/CompilerEngine->handleViewException(Object(ErrorException), 1)
#1 D:/FREELANCE/NONA/BengkelKu-POS/vendor/livewire/livewire/src/Mechanisms/ExtendBlade/ExtendedCompilerEngine.php(40): Livewire/Mechanisms/ExtendBlade/ExtendedCompilerEngine->handleViewException(Object(ErrorException), 1)
#2 D:/FREELANCE/NONA/BengkelKu-POS/vendor/laravel/framework/src/Illuminate/View/Engines/CompilerEngine.php(75): Livewire/Mechanisms/ExtendBlade/ExtendedCompilerEngine->evaluatePath('D://FREELANCE//NO...', Array)
#3 D:/FREELANCE/NONA/BengkelKu-POS/vendor/livewire/livewire/src/Mechanisms/ExtendBlade/ExtendedCompilerEngine.php(16): Illuminate/View/Engines/CompilerEngine->get('D://FREELANCE//NO...', Array)
#4 D:/FREELANCE/NONA/BengkelKu-POS/vendor/laravel/framework/src/Illuminate/View/View.php(209): Livewire/Mechanisms/ExtendBlade/ExtendedCompilerEngine->get('D://FREELANCE//NO...', Array)
#5 D:/FREELANCE/NONA/BengkelKu-POS/vendor/laravel/framework/src/Illuminate/View/View.php(192): Illuminate/View/View->getContents()
#6 D:/FREELANCE/NONA/BengkelKu-POS/vendor/laravel/framework/src/Illuminate/View/View.php(161): Illuminate/View/View->renderContents()
#7 D:/FREELANCE/NONA/BengkelKu-POS/vendor/livewire/livewire/src/Mechanisms/HandleComponents/HandleComponents.php(288): Illuminate/View/View->render(Object(Closure))
#8 D:/FREELANCE/NONA/BengkelKu-POS/vendor/livewire/livewire/src/Mechanisms/HandleComponents/HandleComponents.php(332): Livewire/Mechanisms/HandleComponents/HandleComponents->Livewire/Mechanisms/HandleComponents/{closure}()
#9 D:/FREELANCE/NONA/BengkelKu-POS/vendor/livewire/livewire/src/Mechanisms/HandleComponents/HandleComponents.php(280): Livewire/Mechanisms/HandleComponents/HandleComponents->trackInRenderStack(Object(App/Livewire/Inventory/Index), Object(Closure))
#10 D:/FREELANCE/NONA/BengkelKu-POS/vendor/livewire/livewire/src/Mechanisms/HandleComponents/HandleComponents.php(54): Livewire/Mechanisms/HandleComponents/HandleComponents->render(Object(App/Livewire/Inventory/Index), '<div></div>')
#11 D:/FREELANCE/NONA/BengkelKu-POS/vendor/livewire/livewire/src/LivewireManager.php(73): Livewire/Mechanisms/HandleComponents/HandleComponents->mount('App//Livewire//In...', Array, NULL)
#12 D:/FREELANCE/NONA/BengkelKu-POS/vendor/livewire/livewire/src/Features/SupportPageComponents/HandlesPageComponents.php(17): Livewire/LivewireManager->mount('App//Livewire//In...', Array)
#13 D:/FREELANCE/NONA/BengkelKu-POS/vendor/livewire/livewire/src/Features/SupportPageComponents/SupportPageComponents.php(117): Livewire/Component->Livewire/Features/SupportPageComponents/{closure}()
#14 D:/FREELANCE/NONA/BengkelKu-POS/vendor/livewire/livewire/src/Features/SupportPageComponents/HandlesPageComponents.php(14): Livewire/Features/SupportPageComponents/SupportPageComponents::interceptTheRenderOfTheComponentAndRetreiveTheLayoutConfiguration(Object(Closure))
#15 D:/FREELANCE/NONA/BengkelKu-POS/vendor/laravel/framework/src/Illuminate/Routing/ControllerDispatcher.php(47): Livewire/Component->__invoke()
#16 D:/FREELANCE/NONA/BengkelKu-POS/vendor/laravel/framework/src/Illuminate/Routing/Route.php(266): Illuminate/Routing/ControllerDispatcher->dispatch(Object(Illuminate/Routing/Route), Object(App/Livewire/Inventory/Index), '__invoke')
#17 D:/FREELANCE/NONA/BengkelKu-POS/vendor/laravel/framework/src/Illuminate/Routing/Route.php(212): Illuminate/Routing/Route->runController()
#18 D:/FREELANCE/NONA/BengkelKu-POS/vendor/laravel/framework/src/Illuminate/Routing/Router.php(808): Illuminate/Routing/Route->run()
#19 D:/FREELANCE/NONA/BengkelKu-POS/vendor/laravel/framework/src/Illuminate/Pipeline/Pipeline.php(170): Illuminate/Routing/Router->Illuminate/Routing/{closure}(Object(Illuminate/Http/Request))
#20 D:/FREELANCE/NONA/BengkelKu-POS/vendor/laravel/framework/src/Illuminate/Routing/Middleware/SubstituteBindings.php(51): Illuminate/Pipeline/Pipeline->Illuminate/Pipeline/{closure}(Object(Illuminate/Http/Request))
#21 D:/FREELANCE/NONA/BengkelKu-POS/vendor/laravel/framework/src/Illuminate/Pipeline/Pipeline.php(209): Illuminate/Routing/Middleware/SubstituteBindings->handle(Object(Illuminate/Http/Request), Object(Closure))
#22 D:/FREELANCE/NONA/BengkelKu-POS/vendor/laravel/framework/src/Illuminate/Auth/Middleware/Authenticate.php(64): Illuminate/Pipeline/Pipeline->Illuminate/Pipeline/{closure}(Object(Illuminate/Http/Request))
#23 D:/FREELANCE/NONA/BengkelKu-POS/vendor/laravel/framework/src/Illuminate/Pipeline/Pipeline.php(209): Illuminate/Auth/Middleware/Authenticate->handle(Object(Illuminate/Http/Request), Object(Closure))
#24 D:/FREELANCE/NONA/BengkelKu-POS/vendor/laravel/framework/src/Illuminate/Foundation/Http/Middleware/VerifyCsrfToken.php(88): Illuminate/Pipeline/Pipeline->Illuminate/Pipeline/{closure}(Object(Illuminate/Http/Request))
#25 D:/FREELANCE/NONA/BengkelKu-POS/vendor/laravel/framework/src/Illuminate/Pipeline/Pipeline.php(209): Illuminate/Foundation/Http/Middleware/VerifyCsrfToken->handle(Object(Illuminate/Http/Request), Object(Closure))
#26 D:/FREELANCE/NONA/BengkelKu-POS/vendor/laravel/framework/src/Illuminate/View/Middleware/ShareErrorsFromSession.php(49): Illuminate/Pipeline/Pipeline->Illuminate/Pipeline/{closure}(Object(Illuminate/Http/Request))
#27 D:/FREELANCE/NONA/BengkelKu-POS/vendor/laravel/framework/src/Illuminate/Pipeline/Pipeline.php(209): Illuminate/View/Middleware/ShareErrorsFromSession->handle(Object(Illuminate/Http/Request), Object(Closure))
#28 D:/FREELANCE/NONA/BengkelKu-POS/vendor/laravel/framework/src/Illuminate/Session/Middleware/StartSession.php(121): Illuminate/Pipeline/Pipeline->Illuminate/Pipeline/{closure}(Object(Illuminate/Http/Request))
#29 D:/FREELANCE/NONA/BengkelKu-POS/vendor/laravel/framework/src/Illuminate/Session/Middleware/StartSession.php(64): Illuminate/Session/Middleware/StartSession->handleStatefulRequest(Object(Illuminate/Http/Request), Object(Illuminate/Session/Store), Object(Closure))
#30 D:/FREELANCE/NONA/BengkelKu-POS/vendor/laravel/framework/src/Illuminate/Pipeline/Pipeline.php(209): Illuminate/Session/Middleware/StartSession->handle(Object(Illuminate/Http/Request), Object(Closure))
#31 D:/FREELANCE/NONA/BengkelKu-POS/vendor/laravel/framework/src/Illuminate/Cookie/Middleware/AddQueuedCookiesToResponse.php(37): Illuminate/Pipeline/Pipeline->Illuminate/Pipeline/{closure}(Object(Illuminate/Http/Request))
#32 D:/FREELANCE/NONA/BengkelKu-POS/vendor/laravel/framework/src/Illuminate/Pipeline/Pipeline.php(209): Illuminate/Cookie/Middleware/AddQueuedCookiesToResponse->handle(Object(Illuminate/Http/Request), Object(Closure))
#33 D:/FREELANCE/NONA/BengkelKu-POS/vendor/laravel/framework/src/Illuminate/Cookie/Middleware/EncryptCookies.php(75): Illuminate/Pipeline/Pipeline->Illuminate/Pipeline/{closure}(Object(Illuminate/Http/Request))
#34 D:/FREELANCE/NONA/BengkelKu-POS/vendor/laravel/framework/src/Illuminate/Pipeline/Pipeline.php(209): Illuminate/Cookie/Middleware/EncryptCookies->handle(Object(Illuminate/Http/Request), Object(Closure))
#35 D:/FREELANCE/NONA/BengkelKu-POS/vendor/laravel/framework/src/Illuminate/Pipeline/Pipeline.php(127): Illuminate/Pipeline/Pipeline->Illuminate/Pipeline/{closure}(Object(Illuminate/Http/Request))
#36 D:/FREELANCE/NONA/BengkelKu-POS/vendor/laravel/framework/src/Illuminate/Routing/Router.php(807): Illuminate/Pipeline/Pipeline->then(Object(Closure))
#37 D:/FREELANCE/NONA/BengkelKu-POS/vendor/laravel/framework/src/Illuminate/Routing/Router.php(786): Illuminate/Routing/Router->runRouteWithinStack(Object(Illuminate/Routing/Route), Object(Illuminate/Http/Request))
#38 D:/FREELANCE/NONA/BengkelKu-POS/vendor/laravel/framework/src/Illuminate/Routing/Router.php(750): Illuminate/Routing/Router->runRoute(Object(Illuminate/Http/Request), Object(Illuminate/Routing/Route))
#39 D:/FREELANCE/NONA/BengkelKu-POS/vendor/laravel/framework/src/Illuminate/Routing/Router.php(739): Illuminate/Routing/Router->dispatchToRoute(Object(Illuminate/Http/Request))
#40 D:/FREELANCE/NONA/BengkelKu-POS/vendor/laravel/framework/src/Illuminate/Foundation/Http/Kernel.php(201): Illuminate/Routing/Router->dispatch(Object(Illuminate/Http/Request))
#41 D:/FREELANCE/NONA/BengkelKu-POS/vendor/laravel/framework/src/Illuminate/Pipeline/Pipeline.php(170): Illuminate/Foundation/Http/Kernel->Illuminate/Foundation/Http/{closure}(Object(Illuminate/Http/Request))
#42 D:/FREELANCE/NONA/BengkelKu-POS/vendor/livewire/livewire/src/Features/SupportDisablingBackButtonCache/DisableBackButtonCacheMiddleware.php(19): Illuminate/Pipeline/Pipeline->Illuminate/Pipeline/{closure}(Object(Illuminate/Http/Request))
#43 D:/FREELANCE/NONA/BengkelKu-POS/vendor/laravel/framework/src/Illuminate/Pipeline/Pipeline.php(209): Livewire/Features/SupportDisablingBackButtonCache/DisableBackButtonCacheMiddleware->handle(Object(Illuminate/Http/Request), Object(Closure))
#44 D:/FREELANCE/NONA/BengkelKu-POS/vendor/laravel/framework/src/Illuminate/Foundation/Http/Middleware/TransformsRequest.php(21): Illuminate/Pipeline/Pipeline->Illuminate/Pipeline/{closure}(Object(Illuminate/Http/Request))
#45 D:/FREELANCE/NONA/BengkelKu-POS/vendor/laravel/framework/src/Illuminate/Foundation/Http/Middleware/ConvertEmptyStringsToNull.php(31): Illuminate/Foundation/Http/Middleware/TransformsRequest->handle(Object(Illuminate/Http/Request), Object(Closure))
#46 D:/FREELANCE/NONA/BengkelKu-POS/vendor/laravel/framework/src/Illuminate/Pipeline/Pipeline.php(209): Illuminate/Foundation/Http/Middleware/ConvertEmptyStringsToNull->handle(Object(Illuminate/Http/Request), Object(Closure))
#47 D:/FREELANCE/NONA/BengkelKu-POS/vendor/laravel/framework/src/Illuminate/Foundation/Http/Middleware/TransformsRequest.php(21): Illuminate/Pipeline/Pipeline->Illuminate/Pipeline/{closure}(Object(Illuminate/Http/Request))
#48 D:/FREELANCE/NONA/BengkelKu-POS/vendor/laravel/framework/src/Illuminate/Foundation/Http/Middleware/TrimStrings.php(51): Illuminate/Foundation/Http/Middleware/TransformsRequest->handle(Object(Illuminate/Http/Request), Object(Closure))
#49 D:/FREELANCE/NONA/BengkelKu-POS/vendor/laravel/framework/src/Illuminate/Pipeline/Pipeline.php(209): Illuminate/Foundation/Http/Middleware/TrimStrings->handle(Object(Illuminate/Http/Request), Object(Closure))
#50 D:/FREELANCE/NONA/BengkelKu-POS/vendor/laravel/framework/src/Illuminate/Http/Middleware/ValidatePostSize.php(27): Illuminate/Pipeline/Pipeline->Illuminate/Pipeline/{closure}(Object(Illuminate/Http/Request))
#51 D:/FREELANCE/NONA/BengkelKu-POS/vendor/laravel/framework/src/Illuminate/Pipeline/Pipeline.php(209): Illuminate/Http/Middleware/ValidatePostSize->handle(Object(Illuminate/Http/Request), Object(Closure))
#52 D:/FREELANCE/NONA/BengkelKu-POS/vendor/laravel/framework/src/Illuminate/Foundation/Http/Middleware/PreventRequestsDuringMaintenance.php(110): Illuminate/Pipeline/Pipeline->Illuminate/Pipeline/{closure}(Object(Illuminate/Http/Request))
#53 D:/FREELANCE/NONA/BengkelKu-POS/vendor/laravel/framework/src/Illuminate/Pipeline/Pipeline.php(209): Illuminate/Foundation/Http/Middleware/PreventRequestsDuringMaintenance->handle(Object(Illuminate/Http/Request), Object(Closure))
#54 D:/FREELANCE/NONA/BengkelKu-POS/vendor/laravel/framework/src/Illuminate/Http/Middleware/HandleCors.php(49): Illuminate/Pipeline/Pipeline->Illuminate/Pipeline/{closure}(Object(Illuminate/Http/Request))
#55 D:/FREELANCE/NONA/BengkelKu-POS/vendor/laravel/framework/src/Illuminate/Pipeline/Pipeline.php(209): Illuminate/Http/Middleware/HandleCors->handle(Object(Illuminate/Http/Request), Object(Closure))
#56 D:/FREELANCE/NONA/BengkelKu-POS/vendor/laravel/framework/src/Illuminate/Http/Middleware/TrustProxies.php(58): Illuminate/Pipeline/Pipeline->Illuminate/Pipeline/{closure}(Object(Illuminate/Http/Request))
#57 D:/FREELANCE/NONA/BengkelKu-POS/vendor/laravel/framework/src/Illuminate/Pipeline/Pipeline.php(209): Illuminate/Http/Middleware/TrustProxies->handle(Object(Illuminate/Http/Request), Object(Closure))
#58 D:/FREELANCE/NONA/BengkelKu-POS/vendor/laravel/framework/src/Illuminate/Foundation/Http/Middleware/InvokeDeferredCallbacks.php(22): Illuminate/Pipeline/Pipeline->Illuminate/Pipeline/{closure}(Object(Illuminate/Http/Request))
#59 D:/FREELANCE/NONA/BengkelKu-POS/vendor/laravel/framework/src/Illuminate/Pipeline/Pipeline.php(209): Illuminate/Foundation/Http/Middleware/InvokeDeferredCallbacks->handle(Object(Illuminate/Http/Request), Object(Closure))
#60 D:/FREELANCE/NONA/BengkelKu-POS/vendor/laravel/framework/src/Illuminate/Pipeline/Pipeline.php(127): Illuminate/Pipeline/Pipeline->Illuminate/Pipeline/{closure}(Object(Illuminate/Http/Request))
#61 D:/FREELANCE/NONA/BengkelKu-POS/vendor/laravel/framework/src/Illuminate/Foundation/Http/Kernel.php(176): Illuminate/Pipeline/Pipeline->then(Object(Closure))
#62 D:/FREELANCE/NONA/BengkelKu-POS/vendor/laravel/framework/src/Illuminate/Foundation/Http/Kernel.php(145): Illuminate/Foundation/Http/Kernel->sendRequestThroughRouter(Object(Illuminate/Http/Request))
#63 D:/FREELANCE/NONA/BengkelKu-POS/public/index.php(19): Illuminate/Foundation/Http/Kernel->handle(Object(Illuminate/Http/Request))
#64 D:/FREELANCE/NONA/BengkelKu-POS/vendor/laravel/framework/src/Illuminate/Foundation/resources/server.php(23): require_once('D://FREELANCE//NO...')
#65 {main}

[previous exception] [object] (ErrorException(code: 0): Undefined variable $activeTab at D:/FREELANCE/NONA/BengkelKu-POS/storage/framework/views/59968ddd10c5554bd21b00925cf3a62d.php:16)
[stacktrace]
#0 D:/FREELANCE/NONA/BengkelKu-POS/vendor/laravel/framework/src/Illuminate/Foundation/Bootstrap/HandleExceptions.php(258): Illuminate/Foundation/Bootstrap/HandleExceptions->handleError(2, 'Undefined varia...', 'D://FREELANCE//NO...', 16)
#1 D:/FREELANCE/NONA/BengkelKu-POS/storage/framework/views/59968ddd10c5554bd21b00925cf3a62d.php(16): Illuminate/Foundation/Bootstrap/HandleExceptions->Illuminate/Foundation/Bootstrap/{closure}(2, 'Undefined varia...', 'D://FREELANCE//NO...', 16)
#2 D:/FREELANCE/NONA/BengkelKu-POS/vendor/livewire/livewire/src/Mechanisms/ExtendBlade/ExtendedCompilerEngine.php(37): include('D://FREELANCE//NO...')
#3 D:/FREELANCE/NONA/BengkelKu-POS/vendor/livewire/livewire/src/Mechanisms/ExtendBlade/ExtendedCompilerEngine.php(38): App/Livewire/Inventory/Index->Livewire/Mechanisms/ExtendBlade/{closure}()
#4 D:/FREELANCE/NONA/BengkelKu-POS/vendor/laravel/framework/src/Illuminate/View/Engines/CompilerEngine.php(75): Livewire/Mechanisms/ExtendBlade/ExtendedCompilerEngine->evaluatePath('D://FREELANCE//NO...', Array)
#5 D:/FREELANCE/NONA/BengkelKu-POS/vendor/livewire/livewire/src/Mechanisms/ExtendBlade/ExtendedCompilerEngine.php(16): Illuminate/View/Engines/CompilerEngine->get('D://FREELANCE//NO...', Array)
#6 D:/FREELANCE/NONA/BengkelKu-POS/vendor/laravel/framework/src/Illuminate/View/View.php(209): Livewire/Mechanisms/ExtendBlade/ExtendedCompilerEngine->get('D://FREELANCE//NO...', Array)
#7 D:/FREELANCE/NONA/BengkelKu-POS/vendor/laravel/framework/src/Illuminate/View/View.php(192): Illuminate/View/View->getContents()
#8 D:/FREELANCE/NONA/BengkelKu-POS/vendor/laravel/framework/src/Illuminate/View/View.php(161): Illuminate/View/View->renderContents()
#9 D:/FREELANCE/NONA/BengkelKu-POS/vendor/livewire/livewire/src/Mechanisms/HandleComponents/HandleComponents.php(288): Illuminate/View/View->render(Object(Closure))
#10 D:/FREELANCE/NONA/BengkelKu-POS/vendor/livewire/livewire/src/Mechanisms/HandleComponents/HandleComponents.php(332): Livewire/Mechanisms/HandleComponents/HandleComponents->Livewire/Mechanisms/HandleComponents/{closure}()
#11 D:/FREELANCE/NONA/BengkelKu-POS/vendor/livewire/livewire/src/Mechanisms/HandleComponents/HandleComponents.php(280): Livewire/Mechanisms/HandleComponents/HandleComponents->trackInRenderStack(Object(App/Livewire/Inventory/Index), Object(Closure))
#12 D:/FREELANCE/NONA/BengkelKu-POS/vendor/livewire/livewire/src/Mechanisms/HandleComponents/HandleComponents.php(54): Livewire/Mechanisms/HandleComponents/HandleComponents->render(Object(App/Livewire/Inventory/Index), '<div></div>')
#13 D:/FREELANCE/NONA/BengkelKu-POS/vendor/livewire/livewire/src/LivewireManager.php(73): Livewire/Mechanisms/HandleComponents/HandleComponents->mount('App//Livewire//In...', Array, NULL)
#14 D:/FREELANCE/NONA/BengkelKu-POS/vendor/livewire/livewire/src/Features/SupportPageComponents/HandlesPageComponents.php(17): Livewire/LivewireManager->mount('App//Livewire//In...', Array)
#15 D:/FREELANCE/NONA/BengkelKu-POS/vendor/livewire/livewire/src/Features/SupportPageComponents/SupportPageComponents.php(117): Livewire/Component->Livewire/Features/SupportPageComponents/{closure}()
#16 D:/FREELANCE/NONA/BengkelKu-POS/vendor/livewire/livewire/src/Features/SupportPageComponents/HandlesPageComponents.php(14): Livewire/Features/SupportPageComponents/SupportPageComponents::interceptTheRenderOfTheComponentAndRetreiveTheLayoutConfiguration(Object(Closure))
#17 D:/FREELANCE/NONA/BengkelKu-POS/vendor/laravel/framework/src/Illuminate/Routing/ControllerDispatcher.php(47): Livewire/Component->__invoke()
#18 D:/FREELANCE/NONA/BengkelKu-POS/vendor/laravel/framework/src/Illuminate/Routing/Route.php(266): Illuminate/Routing/ControllerDispatcher->dispatch(Object(Illuminate/Routing/Route), Object(App/Livewire/Inventory/Index), '__invoke')
#19 D:/FREELANCE/NONA/BengkelKu-POS/vendor/laravel/framework/src/Illuminate/Routing/Route.php(212): Illuminate/Routing/Route->runController()
#20 D:/FREELANCE/NONA/BengkelKu-POS/vendor/laravel/framework/src/Illuminate/Routing/Router.php(808): Illuminate/Routing/Route->run()
#21 D:/FREELANCE/NONA/BengkelKu-POS/vendor/laravel/framework/src/Illuminate/Pipeline/Pipeline.php(170): Illuminate/Routing/Router->Illuminate/Routing/{closure}(Object(Illuminate/Http/Request))
#22 D:/FREELANCE/NONA/BengkelKu-POS/vendor/laravel/framework/src/Illuminate/Routing/Middleware/SubstituteBindings.php(51): Illuminate/Pipeline/Pipeline->Illuminate/Pipeline/{closure}(Object(Illuminate/Http/Request))
#23 D:/FREELANCE/NONA/BengkelKu-POS/vendor/laravel/framework/src/Illuminate/Pipeline/Pipeline.php(209): Illuminate/Routing/Middleware/SubstituteBindings->handle(Object(Illuminate/Http/Request), Object(Closure))
#24 D:/FREELANCE/NONA/BengkelKu-POS/vendor/laravel/framework/src/Illuminate/Auth/Middleware/Authenticate.php(64): Illuminate/Pipeline/Pipeline->Illuminate/Pipeline/{closure}(Object(Illuminate/Http/Request))
#25 D:/FREELANCE/NONA/BengkelKu-POS/vendor/laravel/framework/src/Illuminate/Pipeline/Pipeline.php(209): Illuminate/Auth/Middleware/Authenticate->handle(Object(Illuminate/Http/Request), Object(Closure))
#26 D:/FREELANCE/NONA/BengkelKu-POS/vendor/laravel/framework/src/Illuminate/Foundation/Http/Middleware/VerifyCsrfToken.php(88): Illuminate/Pipeline/Pipeline->Illuminate/Pipeline/{closure}(Object(Illuminate/Http/Request))
#27 D:/FREELANCE/NONA/BengkelKu-POS/vendor/laravel/framework/src/Illuminate/Pipeline/Pipeline.php(209): Illuminate/Foundation/Http/Middleware/VerifyCsrfToken->handle(Object(Illuminate/Http/Request), Object(Closure))
#28 D:/FREELANCE/NONA/BengkelKu-POS/vendor/laravel/framework/src/Illuminate/View/Middleware/ShareErrorsFromSession.php(49): Illuminate/Pipeline/Pipeline->Illuminate/Pipeline/{closure}(Object(Illuminate/Http/Request))
#29 D:/FREELANCE/NONA/BengkelKu-POS/vendor/laravel/framework/src/Illuminate/Pipeline/Pipeline.php(209): Illuminate/View/Middleware/ShareErrorsFromSession->handle(Object(Illuminate/Http/Request), Object(Closure))
#30 D:/FREELANCE/NONA/BengkelKu-POS/vendor/laravel/framework/src/Illuminate/Session/Middleware/StartSession.php(121): Illuminate/Pipeline/Pipeline->Illuminate/Pipeline/{closure}(Object(Illuminate/Http/Request))
#31 D:/FREELANCE/NONA/BengkelKu-POS/vendor/laravel/framework/src/Illuminate/Session/Middleware/StartSession.php(64): Illuminate/Session/Middleware/StartSession->handleStatefulRequest(Object(Illuminate/Http/Request), Object(Illuminate/Session/Store), Object(Closure))
#32 D:/FREELANCE/NONA/BengkelKu-POS/vendor/laravel/framework/src/Illuminate/Pipeline/Pipeline.php(209): Illuminate/Session/Middleware/StartSession->handle(Object(Illuminate/Http/Request), Object(Closure))
#33 D:/FREELANCE/NONA/BengkelKu-POS/vendor/laravel/framework/src/Illuminate/Cookie/Middleware/AddQueuedCookiesToResponse.php(37): Illuminate/Pipeline/Pipeline->Illuminate/Pipeline/{closure}(Object(Illuminate/Http/Request))
#34 D:/FREELANCE/NONA/BengkelKu-POS/vendor/laravel/framework/src/Illuminate/Pipeline/Pipeline.php(209): Illuminate/Cookie/Middleware/AddQueuedCookiesToResponse->handle(Object(Illuminate/Http/Request), Object(Closure))
#35 D:/FREELANCE/NONA/BengkelKu-POS/vendor/laravel/framework/src/Illuminate/Cookie/Middleware/EncryptCookies.php(75): Illuminate/Pipeline/Pipeline->Illuminate/Pipeline/{closure}(Object(Illuminate/Http/Request))
#36 D:/FREELANCE/NONA/BengkelKu-POS/vendor/laravel/framework/src/Illuminate/Pipeline/Pipeline.php(209): Illuminate/Cookie/Middleware/EncryptCookies->handle(Object(Illuminate/Http/Request), Object(Closure))
#37 D:/FREELANCE/NONA/BengkelKu-POS/vendor/laravel/framework/src/Illuminate/Pipeline/Pipeline.php(127): Illuminate/Pipeline/Pipeline->Illuminate/Pipeline/{closure}(Object(Illuminate/Http/Request))
#38 D:/FREELANCE/NONA/BengkelKu-POS/vendor/laravel/framework/src/Illuminate/Routing/Router.php(807): Illuminate/Pipeline/Pipeline->then(Object(Closure))
#39 D:/FREELANCE/NONA/BengkelKu-POS/vendor/laravel/framework/src/Illuminate/Routing/Router.php(786): Illuminate/Routing/Router->runRouteWithinStack(Object(Illuminate/Routing/Route), Object(Illuminate/Http/Request))
#40 D:/FREELANCE/NONA/BengkelKu-POS/vendor/laravel/framework/src/Illuminate/Routing/Router.php(750): Illuminate/Routing/Router->runRoute(Object(Illuminate/Http/Request), Object(Illuminate/Routing/Route))
#41 D:/FREELANCE/NONA/BengkelKu-POS/vendor/laravel/framework/src/Illuminate/Routing/Router.php(739): Illuminate/Routing/Router->dispatchToRoute(Object(Illuminate/Http/Request))
#42 D:/FREELANCE/NONA/BengkelKu-POS/vendor/laravel/framework/src/Illuminate/Foundation/Http/Kernel.php(201): Illuminate/Routing/Router->dispatch(Object(Illuminate/Http/Request))
#43 D:/FREELANCE/NONA/BengkelKu-POS/vendor/laravel/framework/src/Illuminate/Pipeline/Pipeline.php(170): Illuminate/Foundation/Http/Kernel->Illuminate/Foundation/Http/{closure}(Object(Illuminate/Http/Request))
#44 D:/FREELANCE/NONA/BengkelKu-POS/vendor/livewire/livewire/src/Features/SupportDisablingBackButtonCache/DisableBackButtonCacheMiddleware.php(19): Illuminate/Pipeline/Pipeline->Illuminate/Pipeline/{closure}(Object(Illuminate/Http/Request))
#45 D:/FREELANCE/NONA/BengkelKu-POS/vendor/laravel/framework/src/Illuminate/Pipeline/Pipeline.php(209): Livewire/Features/SupportDisablingBackButtonCache/DisableBackButtonCacheMiddleware->handle(Object(Illuminate/Http/Request), Object(Closure))
#46 D:/FREELANCE/NONA/BengkelKu-POS/vendor/laravel/framework/src/Illuminate/Foundation/Http/Middleware/TransformsRequest.php(21): Illuminate/Pipeline/Pipeline->Illuminate/Pipeline/{closure}(Object(Illuminate/Http/Request))
#47 D:/FREELANCE/NONA/BengkelKu-POS/vendor/laravel/framework/src/Illuminate/Foundation/Http/Middleware/ConvertEmptyStringsToNull.php(31): Illuminate/Foundation/Http/Middleware/TransformsRequest->handle(Object(Illuminate/Http/Request), Object(Closure))
#48 D:/FREELANCE/NONA/BengkelKu-POS/vendor/laravel/framework/src/Illuminate/Pipeline/Pipeline.php(209): Illuminate/Foundation/Http/Middleware/ConvertEmptyStringsToNull->handle(Object(Illuminate/Http/Request), Object(Closure))
#49 D:/FREELANCE/NONA/BengkelKu-POS/vendor/laravel/framework/src/Illuminate/Foundation/Http/Middleware/TransformsRequest.php(21): Illuminate/Pipeline/Pipeline->Illuminate/Pipeline/{closure}(Object(Illuminate/Http/Request))
#50 D:/FREELANCE/NONA/BengkelKu-POS/vendor/laravel/framework/src/Illuminate/Foundation/Http/Middleware/TrimStrings.php(51): Illuminate/Foundation/Http/Middleware/TransformsRequest->handle(Object(Illuminate/Http/Request), Object(Closure))
#51 D:/FREELANCE/NONA/BengkelKu-POS/vendor/laravel/framework/src/Illuminate/Pipeline/Pipeline.php(209): Illuminate/Foundation/Http/Middleware/TrimStrings->handle(Object(Illuminate/Http/Request), Object(Closure))
#52 D:/FREELANCE/NONA/BengkelKu-POS/vendor/laravel/framework/src/Illuminate/Http/Middleware/ValidatePostSize.php(27): Illuminate/Pipeline/Pipeline->Illuminate/Pipeline/{closure}(Object(Illuminate/Http/Request))
#53 D:/FREELANCE/NONA/BengkelKu-POS/vendor/laravel/framework/src/Illuminate/Pipeline/Pipeline.php(209): Illuminate/Http/Middleware/ValidatePostSize->handle(Object(Illuminate/Http/Request), Object(Closure))
#54 D:/FREELANCE/NONA/BengkelKu-POS/vendor/laravel/framework/src/Illuminate/Foundation/Http/Middleware/PreventRequestsDuringMaintenance.php(110): Illuminate/Pipeline/Pipeline->Illuminate/Pipeline/{closure}(Object(Illuminate/Http/Request))
#55 D:/FREELANCE/NONA/BengkelKu-POS/vendor/laravel/framework/src/Illuminate/Pipeline/Pipeline.php(209): Illuminate/Foundation/Http/Middleware/PreventRequestsDuringMaintenance->handle(Object(Illuminate/Http/Request), Object(Closure))
#56 D:/FREELANCE/NONA/BengkelKu-POS/vendor/laravel/framework/src/Illuminate/Http/Middleware/HandleCors.php(49): Illuminate/Pipeline/Pipeline->Illuminate/Pipeline/{closure}(Object(Illuminate/Http/Request))
#57 D:/FREELANCE/NONA/BengkelKu-POS/vendor/laravel/framework/src/Illuminate/Pipeline/Pipeline.php(209): Illuminate/Http/Middleware/HandleCors->handle(Object(Illuminate/Http/Request), Object(Closure))
#58 D:/FREELANCE/NONA/BengkelKu-POS/vendor/laravel/framework/src/Illuminate/Http/Middleware/TrustProxies.php(58): Illuminate/Pipeline/Pipeline->Illuminate/Pipeline/{closure}(Object(Illuminate/Http/Request))
#59 D:/FREELANCE/NONA/BengkelKu-POS/vendor/laravel/framework/src/Illuminate/Pipeline/Pipeline.php(209): Illuminate/Http/Middleware/TrustProxies->handle(Object(Illuminate/Http/Request), Object(Closure))
#60 D:/FREELANCE/NONA/BengkelKu-POS/vendor/laravel/framework/src/Illuminate/Foundation/Http/Middleware/InvokeDeferredCallbacks.php(22): Illuminate/Pipeline/Pipeline->Illuminate/Pipeline/{closure}(Object(Illuminate/Http/Request))
#61 D:/FREELANCE/NONA/BengkelKu-POS/vendor/laravel/framework/src/Illuminate/Pipeline/Pipeline.php(209): Illuminate/Foundation/Http/Middleware/InvokeDeferredCallbacks->handle(Object(Illuminate/Http/Request), Object(Closure))
#62 D:/FREELANCE/NONA/BengkelKu-POS/vendor/laravel/framework/src/Illuminate/Pipeline/Pipeline.php(127): Illuminate/Pipeline/Pipeline->Illuminate/Pipeline/{closure}(Object(Illuminate/Http/Request))
#63 D:/FREELANCE/NONA/BengkelKu-POS/vendor/laravel/framework/src/Illuminate/Foundation/Http/Kernel.php(176): Illuminate/Pipeline/Pipeline->then(Object(Closure))
#64 D:/FREELANCE/NONA/BengkelKu-POS/vendor/laravel/framework/src/Illuminate/Foundation/Http/Kernel.php(145): Illuminate/Foundation/Http/Kernel->sendRequestThroughRouter(Object(Illuminate/Http/Request))
#65 D:/FREELANCE/NONA/BengkelKu-POS/public/index.php(19): Illuminate/Foundation/Http/Kernel->handle(Object(Illuminate/Http/Request))
#66 D:/FREELANCE/NONA/BengkelKu-POS/vendor/laravel/framework/src/Illuminate/Foundation/resources/server.php(23): require_once('D://FREELANCE//NO...')
#67 {main}
"} 
[2026-08-31 11:50:54] local.ERROR: Undefined variable $reminders (View: D:\FREELANCE\NONA\BengkelKu-POS\resources\views\livewire\crm\reminders.blade.php) {"userId":"a2a12424-3bbe-4cb5-b0d9-5e931f25e6ec","exception":"[object] (Illuminate\\View\\ViewException(code: 0): Undefined variable $reminders (View: D:\\FREELANCE\\NONA\\BengkelKu-POS\\resources\\views\\livewire\\crm\\reminders.blade.php) at D:/FREELANCE/NONA/BengkelKu-POS/storage/framework/views/cef7461b1247b6f72e1dabc2df8d850e.php:19)
[stacktrace]
#0 D:/FREELANCE/NONA/BengkelKu-POS/vendor/livewire/livewire/src/Mechanisms/ExtendBlade/ExtendedCompilerEngine.php(58): Illuminate/View/Engines/CompilerEngine->handleViewException(Object(ErrorException), 1)
#1 D:/FREELANCE/NONA/BengkelKu-POS/vendor/livewire/livewire/src/Mechanisms/ExtendBlade/ExtendedCompilerEngine.php(40): Livewire/Mechanisms/ExtendBlade/ExtendedCompilerEngine->handleViewException(Object(ErrorException), 1)
#2 D:/FREELANCE/NONA/BengkelKu-POS/vendor/laravel/framework/src/Illuminate/View/Engines/CompilerEngine.php(75): Livewire/Mechanisms/ExtendBlade/ExtendedCompilerEngine->evaluatePath('D://FREELANCE//NO...', Array)
#3 D:/FREELANCE/NONA/BengkelKu-POS/vendor/livewire/livewire/src/Mechanisms/ExtendBlade/ExtendedCompilerEngine.php(16): Illuminate/View/Engines/CompilerEngine->get('D://FREELANCE//NO...', Array)
#4 D:/FREELANCE/NONA/BengkelKu-POS/vendor/laravel/framework/src/Illuminate/View/View.php(209): Livewire/Mechanisms/ExtendBlade/ExtendedCompilerEngine->get('D://FREELANCE//NO...', Array)
#5 D:/FREELANCE/NONA/BengkelKu-POS/vendor/laravel/framework/src/Illuminate/View/View.php(192): Illuminate/View/View->getContents()
#6 D:/FREELANCE/NONA/BengkelKu-POS/vendor/laravel/framework/src/Illuminate/View/View.php(161): Illuminate/View/View->renderContents()
#7 D:/FREELANCE/NONA/BengkelKu-POS/vendor/livewire/livewire/src/Mechanisms/HandleComponents/HandleComponents.php(288): Illuminate/View/View->render(Object(Closure))
#8 D:/FREELANCE/NONA/BengkelKu-POS/vendor/livewire/livewire/src/Mechanisms/HandleComponents/HandleComponents.php(332): Livewire/Mechanisms/HandleComponents/HandleComponents->Livewire/Mechanisms/HandleComponents/{closure}()
#9 D:/FREELANCE/NONA/BengkelKu-POS/vendor/livewire/livewire/src/Mechanisms/HandleComponents/HandleComponents.php(280): Livewire/Mechanisms/HandleComponents/HandleComponents->trackInRenderStack(Object(App/Livewire/CRM/Reminders), Object(Closure))
#10 D:/FREELANCE/NONA/BengkelKu-POS/vendor/livewire/livewire/src/Mechanisms/HandleComponents/HandleComponents.php(54): Livewire/Mechanisms/HandleComponents/HandleComponents->render(Object(App/Livewire/CRM/Reminders), '<div></div>')
#11 D:/FREELANCE/NONA/BengkelKu-POS/vendor/livewire/livewire/src/LivewireManager.php(73): Livewire/Mechanisms/HandleComponents/HandleComponents->mount('App//Livewire//CR...', Array, NULL)
#12 D:/FREELANCE/NONA/BengkelKu-POS/vendor/livewire/livewire/src/Features/SupportPageComponents/HandlesPageComponents.php(17): Livewire/LivewireManager->mount('App//Livewire//CR...', Array)
#13 D:/FREELANCE/NONA/BengkelKu-POS/vendor/livewire/livewire/src/Features/SupportPageComponents/SupportPageComponents.php(117): Livewire/Component->Livewire/Features/SupportPageComponents/{closure}()
#14 D:/FREELANCE/NONA/BengkelKu-POS/vendor/livewire/livewire/src/Features/SupportPageComponents/HandlesPageComponents.php(14): Livewire/Features/SupportPageComponents/SupportPageComponents::interceptTheRenderOfTheComponentAndRetreiveTheLayoutConfiguration(Object(Closure))
#15 D:/FREELANCE/NONA/BengkelKu-POS/vendor/laravel/framework/src/Illuminate/Routing/ControllerDispatcher.php(47): Livewire/Component->__invoke()
#16 D:/FREELANCE/NONA/BengkelKu-POS/vendor/laravel/framework/src/Illuminate/Routing/Route.php(266): Illuminate/Routing/ControllerDispatcher->dispatch(Object(Illuminate/Routing/Route), Object(App/Livewire/CRM/Reminders), '__invoke')
#17 D:/FREELANCE/NONA/BengkelKu-POS/vendor/laravel/framework/src/Illuminate/Routing/Route.php(212): Illuminate/Routing/Route->runController()
#18 D:/FREELANCE/NONA/BengkelKu-POS/vendor/laravel/framework/src/Illuminate/Routing/Router.php(808): Illuminate/Routing/Route->run()
#19 D:/FREELANCE/NONA/BengkelKu-POS/vendor/laravel/framework/src/Illuminate/Pipeline/Pipeline.php(170): Illuminate/Routing/Router->Illuminate/Routing/{closure}(Object(Illuminate/Http/Request))
#20 D:/FREELANCE/NONA/BengkelKu-POS/vendor/laravel/framework/src/Illuminate/Routing/Middleware/SubstituteBindings.php(51): Illuminate/Pipeline/Pipeline->Illuminate/Pipeline/{closure}(Object(Illuminate/Http/Request))
#21 D:/FREELANCE/NONA/BengkelKu-POS/vendor/laravel/framework/src/Illuminate/Pipeline/Pipeline.php(209): Illuminate/Routing/Middleware/SubstituteBindings->handle(Object(Illuminate/Http/Request), Object(Closure))
#22 D:/FREELANCE/NONA/BengkelKu-POS/vendor/laravel/framework/src/Illuminate/Auth/Middleware/Authenticate.php(64): Illuminate/Pipeline/Pipeline->Illuminate/Pipeline/{closure}(Object(Illuminate/Http/Request))
#23 D:/FREELANCE/NONA/BengkelKu-POS/vendor/laravel/framework/src/Illuminate/Pipeline/Pipeline.php(209): Illuminate/Auth/Middleware/Authenticate->handle(Object(Illuminate/Http/Request), Object(Closure))
#24 D:/FREELANCE/NONA/BengkelKu-POS/vendor/laravel/framework/src/Illuminate/Foundation/Http/Middleware/VerifyCsrfToken.php(88): Illuminate/Pipeline/Pipeline->Illuminate/Pipeline/{closure}(Object(Illuminate/Http/Request))
#25 D:/FREELANCE/NONA/BengkelKu-POS/vendor/laravel/framework/src/Illuminate/Pipeline/Pipeline.php(209): Illuminate/Foundation/Http/Middleware/VerifyCsrfToken->handle(Object(Illuminate/Http/Request), Object(Closure))
#26 D:/FREELANCE/NONA/BengkelKu-POS/vendor/laravel/framework/src/Illuminate/View/Middleware/ShareErrorsFromSession.php(49): Illuminate/Pipeline/Pipeline->Illuminate/Pipeline/{closure}(Object(Illuminate/Http/Request))
#27 D:/FREELANCE/NONA/BengkelKu-POS/vendor/laravel/framework/src/Illuminate/Pipeline/Pipeline.php(209): Illuminate/View/Middleware/ShareErrorsFromSession->handle(Object(Illuminate/Http/Request), Object(Closure))
#28 D:/FREELANCE/NONA/BengkelKu-POS/vendor/laravel/framework/src/Illuminate/Session/Middleware/StartSession.php(121): Illuminate/Pipeline/Pipeline->Illuminate/Pipeline/{closure}(Object(Illuminate/Http/Request))
#29 D:/FREELANCE/NONA/BengkelKu-POS/vendor/laravel/framework/src/Illuminate/Session/Middleware/StartSession.php(64): Illuminate/Session/Middleware/StartSession->handleStatefulRequest(Object(Illuminate/Http/Request), Object(Illuminate/Session/Store), Object(Closure))
#30 D:/FREELANCE/NONA/BengkelKu-POS/vendor/laravel/framework/src/Illuminate/Pipeline/Pipeline.php(209): Illuminate/Session/Middleware/StartSession->handle(Object(Illuminate/Http/Request), Object(Closure))
#31 D:/FREELANCE/NONA/BengkelKu-POS/vendor/laravel/framework/src/Illuminate/Cookie/Middleware/AddQueuedCookiesToResponse.php(37): Illuminate/Pipeline/Pipeline->Illuminate/Pipeline/{closure}(Object(Illuminate/Http/Request))
#32 D:/FREELANCE/NONA/BengkelKu-POS/vendor/laravel/framework/src/Illuminate/Pipeline/Pipeline.php(209): Illuminate/Cookie/Middleware/AddQueuedCookiesToResponse->handle(Object(Illuminate/Http/Request), Object(Closure))
#33 D:/FREELANCE/NONA/BengkelKu-POS/vendor/laravel/framework/src/Illuminate/Cookie/Middleware/EncryptCookies.php(75): Illuminate/Pipeline/Pipeline->Illuminate/Pipeline/{closure}(Object(Illuminate/Http/Request))
#34 D:/FREELANCE/NONA/BengkelKu-POS/vendor/laravel/framework/src/Illuminate/Pipeline/Pipeline.php(209): Illuminate/Cookie/Middleware/EncryptCookies->handle(Object(Illuminate/Http/Request), Object(Closure))
#35 D:/FREELANCE/NONA/BengkelKu-POS/vendor/laravel/framework/src/Illuminate/Pipeline/Pipeline.php(127): Illuminate/Pipeline/Pipeline->Illuminate/Pipeline/{closure}(Object(Illuminate/Http/Request))
#36 D:/FREELANCE/NONA/BengkelKu-POS/vendor/laravel/framework/src/Illuminate/Routing/Router.php(807): Illuminate/Pipeline/Pipeline->then(Object(Closure))
#37 D:/FREELANCE/NONA/BengkelKu-POS/vendor/laravel/framework/src/Illuminate/Routing/Router.php(786): Illuminate/Routing/Router->runRouteWithinStack(Object(Illuminate/Routing/Route), Object(Illuminate/Http/Request))
#38 D:/FREELANCE/NONA/BengkelKu-POS/vendor/laravel/framework/src/Illuminate/Routing/Router.php(750): Illuminate/Routing/Router->runRoute(Object(Illuminate/Http/Request), Object(Illuminate/Routing/Route))
#39 D:/FREELANCE/NONA/BengkelKu-POS/vendor/laravel/framework/src/Illuminate/Routing/Router.php(739): Illuminate/Routing/Router->dispatchToRoute(Object(Illuminate/Http/Request))
#40 D:/FREELANCE/NONA/BengkelKu-POS/vendor/laravel/framework/src/Illuminate/Foundation/Http/Kernel.php(201): Illuminate/Routing/Router->dispatch(Object(Illuminate/Http/Request))
#41 D:/FREELANCE/NONA/BengkelKu-POS/vendor/laravel/framework/src/Illuminate/Pipeline/Pipeline.php(170): Illuminate/Foundation/Http/Kernel->Illuminate/Foundation/Http/{closure}(Object(Illuminate/Http/Request))
#42 D:/FREELANCE/NONA/BengkelKu-POS/vendor/livewire/livewire/src/Features/SupportDisablingBackButtonCache/DisableBackButtonCacheMiddleware.php(19): Illuminate/Pipeline/Pipeline->Illuminate/Pipeline/{closure}(Object(Illuminate/Http/Request))
#43 D:/FREELANCE/NONA/BengkelKu-POS/vendor/laravel/framework/src/Illuminate/Pipeline/Pipeline.php(209): Livewire/Features/SupportDisablingBackButtonCache/DisableBackButtonCacheMiddleware->handle(Object(Illuminate/Http/Request), Object(Closure))
#44 D:/FREELANCE/NONA/BengkelKu-POS/vendor/laravel/framework/src/Illuminate/Foundation/Http/Middleware/TransformsRequest.php(21): Illuminate/Pipeline/Pipeline->Illuminate/Pipeline/{closure}(Object(Illuminate/Http/Request))
#45 D:/FREELANCE/NONA/BengkelKu-POS/vendor/laravel/framework/src/Illuminate/Foundation/Http/Middleware/ConvertEmptyStringsToNull.php(31): Illuminate/Foundation/Http/Middleware/TransformsRequest->handle(Object(Illuminate/Http/Request), Object(Closure))
#46 D:/FREELANCE/NONA/BengkelKu-POS/vendor/laravel/framework/src/Illuminate/Pipeline/Pipeline.php(209): Illuminate/Foundation/Http/Middleware/ConvertEmptyStringsToNull->handle(Object(Illuminate/Http/Request), Object(Closure))
#47 D:/FREELANCE/NONA/BengkelKu-POS/vendor/laravel/framework/src/Illuminate/Foundation/Http/Middleware/TransformsRequest.php(21): Illuminate/Pipeline/Pipeline->Illuminate/Pipeline/{closure}(Object(Illuminate/Http/Request))
#48 D:/FREELANCE/NONA/BengkelKu-POS/vendor/laravel/framework/src/Illuminate/Foundation/Http/Middleware/TrimStrings.php(51): Illuminate/Foundation/Http/Middleware/TransformsRequest->handle(Object(Illuminate/Http/Request), Object(Closure))
#49 D:/FREELANCE/NONA/BengkelKu-POS/vendor/laravel/framework/src/Illuminate/Pipeline/Pipeline.php(209): Illuminate/Foundation/Http/Middleware/TrimStrings->handle(Object(Illuminate/Http/Request), Object(Closure))
#50 D:/FREELANCE/NONA/BengkelKu-POS/vendor/laravel/framework/src/Illuminate/Http/Middleware/ValidatePostSize.php(27): Illuminate/Pipeline/Pipeline->Illuminate/Pipeline/{closure}(Object(Illuminate/Http/Request))
#51 D:/FREELANCE/NONA/BengkelKu-POS/vendor/laravel/framework/src/Illuminate/Pipeline/Pipeline.php(209): Illuminate/Http/Middleware/ValidatePostSize->handle(Object(Illuminate/Http/Request), Object(Closure))
#52 D:/FREELANCE/NONA/BengkelKu-POS/vendor/laravel/framework/src/Illuminate/Foundation/Http/Middleware/PreventRequestsDuringMaintenance.php(110): Illuminate/Pipeline/Pipeline->Illuminate/Pipeline/{closure}(Object(Illuminate/Http/Request))
#53 D:/FREELANCE/NONA/BengkelKu-POS/vendor/laravel/framework/src/Illuminate/Pipeline/Pipeline.php(209): Illuminate/Foundation/Http/Middleware/PreventRequestsDuringMaintenance->handle(Object(Illuminate/Http/Request), Object(Closure))
#54 D:/FREELANCE/NONA/BengkelKu-POS/vendor/laravel/framework/src/Illuminate/Http/Middleware/HandleCors.php(49): Illuminate/Pipeline/Pipeline->Illuminate/Pipeline/{closure}(Object(Illuminate/Http/Request))
#55 D:/FREELANCE/NONA/BengkelKu-POS/vendor/laravel/framework/src/Illuminate/Pipeline/Pipeline.php(209): Illuminate/Http/Middleware/HandleCors->handle(Object(Illuminate/Http/Request), Object(Closure))
#56 D:/FREELANCE/NONA/BengkelKu-POS/vendor/laravel/framework/src/Illuminate/Http/Middleware/TrustProxies.php(58): Illuminate/Pipeline/Pipeline->Illuminate/Pipeline/{closure}(Object(Illuminate/Http/Request))
#57 D:/FREELANCE/NONA/BengkelKu-POS/vendor/laravel/framework/src/Illuminate/Pipeline/Pipeline.php(209): Illuminate/Http/Middleware/TrustProxies->handle(Object(Illuminate/Http/Request), Object(Closure))
#58 D:/FREELANCE/NONA/BengkelKu-POS/vendor/laravel/framework/src/Illuminate/Foundation/Http/Middleware/InvokeDeferredCallbacks.php(22): Illuminate/Pipeline/Pipeline->Illuminate/Pipeline/{closure}(Object(Illuminate/Http/Request))
#59 D:/FREELANCE/NONA/BengkelKu-POS/vendor/laravel/framework/src/Illuminate/Pipeline/Pipeline.php(209): Illuminate/Foundation/Http/Middleware/InvokeDeferredCallbacks->handle(Object(Illuminate/Http/Request), Object(Closure))
#60 D:/FREELANCE/NONA/BengkelKu-POS/vendor/laravel/framework/src/Illuminate/Pipeline/Pipeline.php(127): Illuminate/Pipeline/Pipeline->Illuminate/Pipeline/{closure}(Object(Illuminate/Http/Request))
#61 D:/FREELANCE/NONA/BengkelKu-POS/vendor/laravel/framework/src/Illuminate/Foundation/Http/Kernel.php(176): Illuminate/Pipeline/Pipeline->then(Object(Closure))
#62 D:/FREELANCE/NONA/BengkelKu-POS/vendor/laravel/framework/src/Illuminate/Foundation/Http/Kernel.php(145): Illuminate/Foundation/Http/Kernel->sendRequestThroughRouter(Object(Illuminate/Http/Request))
#63 D:/FREELANCE/NONA/BengkelKu-POS/public/index.php(19): Illuminate/Foundation/Http/Kernel->handle(Object(Illuminate/Http/Request))
#64 D:/FREELANCE/NONA/BengkelKu-POS/vendor/laravel/framework/src/Illuminate/Foundation/resources/server.php(23): require_once('D://FREELANCE//NO...')
#65 {main}

[previous exception] [object] (ErrorException(code: 0): Undefined variable $reminders at D:/FREELANCE/NONA/BengkelKu-POS/storage/framework/views/cef7461b1247b6f72e1dabc2df8d850e.php:19)
[stacktrace]
#0 D:/FREELANCE/NONA/BengkelKu-POS/vendor/laravel/framework/src/Illuminate/Foundation/Bootstrap/HandleExceptions.php(258): Illuminate/Foundation/Bootstrap/HandleExceptions->handleError(2, 'Undefined varia...', 'D://FREELANCE//NO...', 19)
#1 D:/FREELANCE/NONA/BengkelKu-POS/storage/framework/views/cef7461b1247b6f72e1dabc2df8d850e.php(19): Illuminate/Foundation/Bootstrap/HandleExceptions->Illuminate/Foundation/Bootstrap/{closure}(2, 'Undefined varia...', 'D://FREELANCE//NO...', 19)
#2 D:/FREELANCE/NONA/BengkelKu-POS/vendor/livewire/livewire/src/Mechanisms/ExtendBlade/ExtendedCompilerEngine.php(37): include('D://FREELANCE//NO...')
#3 D:/FREELANCE/NONA/BengkelKu-POS/vendor/livewire/livewire/src/Mechanisms/ExtendBlade/ExtendedCompilerEngine.php(38): App/Livewire/CRM/Reminders->Livewire/Mechanisms/ExtendBlade/{closure}()
#4 D:/FREELANCE/NONA/BengkelKu-POS/vendor/laravel/framework/src/Illuminate/View/Engines/CompilerEngine.php(75): Livewire/Mechanisms/ExtendBlade/ExtendedCompilerEngine->evaluatePath('D://FREELANCE//NO...', Array)
#5 D:/FREELANCE/NONA/BengkelKu-POS/vendor/livewire/livewire/src/Mechanisms/ExtendBlade/ExtendedCompilerEngine.php(16): Illuminate/View/Engines/CompilerEngine->get('D://FREELANCE//NO...', Array)
#6 D:/FREELANCE/NONA/BengkelKu-POS/vendor/laravel/framework/src/Illuminate/View/View.php(209): Livewire/Mechanisms/ExtendBlade/ExtendedCompilerEngine->get('D://FREELANCE//NO...', Array)
#7 D:/FREELANCE/NONA/BengkelKu-POS/vendor/laravel/framework/src/Illuminate/View/View.php(192): Illuminate/View/View->getContents()
#8 D:/FREELANCE/NONA/BengkelKu-POS/vendor/laravel/framework/src/Illuminate/View/View.php(161): Illuminate/View/View->renderContents()
#9 D:/FREELANCE/NONA/BengkelKu-POS/vendor/livewire/livewire/src/Mechanisms/HandleComponents/HandleComponents.php(288): Illuminate/View/View->render(Object(Closure))
#10 D:/FREELANCE/NONA/BengkelKu-POS/vendor/livewire/livewire/src/Mechanisms/HandleComponents/HandleComponents.php(332): Livewire/Mechanisms/HandleComponents/HandleComponents->Livewire/Mechanisms/HandleComponents/{closure}()
#11 D:/FREELANCE/NONA/BengkelKu-POS/vendor/livewire/livewire/src/Mechanisms/HandleComponents/HandleComponents.php(280): Livewire/Mechanisms/HandleComponents/HandleComponents->trackInRenderStack(Object(App/Livewire/CRM/Reminders), Object(Closure))
#12 D:/FREELANCE/NONA/BengkelKu-POS/vendor/livewire/livewire/src/Mechanisms/HandleComponents/HandleComponents.php(54): Livewire/Mechanisms/HandleComponents/HandleComponents->render(Object(App/Livewire/CRM/Reminders), '<div></div>')
#13 D:/FREELANCE/NONA/BengkelKu-POS/vendor/livewire/livewire/src/LivewireManager.php(73): Livewire/Mechanisms/HandleComponents/HandleComponents->mount('App//Livewire//CR...', Array, NULL)
#14 D:/FREELANCE/NONA/BengkelKu-POS/vendor/livewire/livewire/src/Features/SupportPageComponents/HandlesPageComponents.php(17): Livewire/LivewireManager->mount('App//Livewire//CR...', Array)
#15 D:/FREELANCE/NONA/BengkelKu-POS/vendor/livewire/livewire/src/Features/SupportPageComponents/SupportPageComponents.php(117): Livewire/Component->Livewire/Features/SupportPageComponents/{closure}()
#16 D:/FREELANCE/NONA/BengkelKu-POS/vendor/livewire/livewire/src/Features/SupportPageComponents/HandlesPageComponents.php(14): Livewire/Features/SupportPageComponents/SupportPageComponents::interceptTheRenderOfTheComponentAndRetreiveTheLayoutConfiguration(Object(Closure))
#17 D:/FREELANCE/NONA/BengkelKu-POS/vendor/laravel/framework/src/Illuminate/Routing/ControllerDispatcher.php(47): Livewire/Component->__invoke()
#18 D:/FREELANCE/NONA/BengkelKu-POS/vendor/laravel/framework/src/Illuminate/Routing/Route.php(266): Illuminate/Routing/ControllerDispatcher->dispatch(Object(Illuminate/Routing/Route), Object(App/Livewire/CRM/Reminders), '__invoke')
#19 D:/FREELANCE/NONA/BengkelKu-POS/vendor/laravel/framework/src/Illuminate/Routing/Route.php(212): Illuminate/Routing/Route->runController()
#20 D:/FREELANCE/NONA/BengkelKu-POS/vendor/laravel/framework/src/Illuminate/Routing/Router.php(808): Illuminate/Routing/Route->run()
#21 D:/FREELANCE/NONA/BengkelKu-POS/vendor/laravel/framework/src/Illuminate/Pipeline/Pipeline.php(170): Illuminate/Routing/Router->Illuminate/Routing/{closure}(Object(Illuminate/Http/Request))
#22 D:/FREELANCE/NONA/BengkelKu-POS/vendor/laravel/framework/src/Illuminate/Routing/Middleware/SubstituteBindings.php(51): Illuminate/Pipeline/Pipeline->Illuminate/Pipeline/{closure}(Object(Illuminate/Http/Request))
#23 D:/FREELANCE/NONA/BengkelKu-POS/vendor/laravel/framework/src/Illuminate/Pipeline/Pipeline.php(209): Illuminate/Routing/Middleware/SubstituteBindings->handle(Object(Illuminate/Http/Request), Object(Closure))
#24 D:/FREELANCE/NONA/BengkelKu-POS/vendor/laravel/framework/src/Illuminate/Auth/Middleware/Authenticate.php(64): Illuminate/Pipeline/Pipeline->Illuminate/Pipeline/{closure}(Object(Illuminate/Http/Request))
#25 D:/FREELANCE/NONA/BengkelKu-POS/vendor/laravel/framework/src/Illuminate/Pipeline/Pipeline.php(209): Illuminate/Auth/Middleware/Authenticate->handle(Object(Illuminate/Http/Request), Object(Closure))
#26 D:/FREELANCE/NONA/BengkelKu-POS/vendor/laravel/framework/src/Illuminate/Foundation/Http/Middleware/VerifyCsrfToken.php(88): Illuminate/Pipeline/Pipeline->Illuminate/Pipeline/{closure}(Object(Illuminate/Http/Request))
#27 D:/FREELANCE/NONA/BengkelKu-POS/vendor/laravel/framework/src/Illuminate/Pipeline/Pipeline.php(209): Illuminate/Foundation/Http/Middleware/VerifyCsrfToken->handle(Object(Illuminate/Http/Request), Object(Closure))
#28 D:/FREELANCE/NONA/BengkelKu-POS/vendor/laravel/framework/src/Illuminate/View/Middleware/ShareErrorsFromSession.php(49): Illuminate/Pipeline/Pipeline->Illuminate/Pipeline/{closure}(Object(Illuminate/Http/Request))
#29 D:/FREELANCE/NONA/BengkelKu-POS/vendor/laravel/framework/src/Illuminate/Pipeline/Pipeline.php(209): Illuminate/View/Middleware/ShareErrorsFromSession->handle(Object(Illuminate/Http/Request), Object(Closure))
#30 D:/FREELANCE/NONA/BengkelKu-POS/vendor/laravel/framework/src/Illuminate/Session/Middleware/StartSession.php(121): Illuminate/Pipeline/Pipeline->Illuminate/Pipeline/{closure}(Object(Illuminate/Http/Request))
#31 D:/FREELANCE/NONA/BengkelKu-POS/vendor/laravel/framework/src/Illuminate/Session/Middleware/StartSession.php(64): Illuminate/Session/Middleware/StartSession->handleStatefulRequest(Object(Illuminate/Http/Request), Object(Illuminate/Session/Store), Object(Closure))
#32 D:/FREELANCE/NONA/BengkelKu-POS/vendor/laravel/framework/src/Illuminate/Pipeline/Pipeline.php(209): Illuminate/Session/Middleware/StartSession->handle(Object(Illuminate/Http/Request), Object(Closure))
#33 D:/FREELANCE/NONA/BengkelKu-POS/vendor/laravel/framework/src/Illuminate/Cookie/Middleware/AddQueuedCookiesToResponse.php(37): Illuminate/Pipeline/Pipeline->Illuminate/Pipeline/{closure}(Object(Illuminate/Http/Request))
#34 D:/FREELANCE/NONA/BengkelKu-POS/vendor/laravel/framework/src/Illuminate/Pipeline/Pipeline.php(209): Illuminate/Cookie/Middleware/AddQueuedCookiesToResponse->handle(Object(Illuminate/Http/Request), Object(Closure))
#35 D:/FREELANCE/NONA/BengkelKu-POS/vendor/laravel/framework/src/Illuminate/Cookie/Middleware/EncryptCookies.php(75): Illuminate/Pipeline/Pipeline->Illuminate/Pipeline/{closure}(Object(Illuminate/Http/Request))
#36 D:/FREELANCE/NONA/BengkelKu-POS/vendor/laravel/framework/src/Illuminate/Pipeline/Pipeline.php(209): Illuminate/Cookie/Middleware/EncryptCookies->handle(Object(Illuminate/Http/Request), Object(Closure))
#37 D:/FREELANCE/NONA/BengkelKu-POS/vendor/laravel/framework/src/Illuminate/Pipeline/Pipeline.php(127): Illuminate/Pipeline/Pipeline->Illuminate/Pipeline/{closure}(Object(Illuminate/Http/Request))
#38 D:/FREELANCE/NONA/BengkelKu-POS/vendor/laravel/framework/src/Illuminate/Routing/Router.php(807): Illuminate/Pipeline/Pipeline->then(Object(Closure))
#39 D:/FREELANCE/NONA/BengkelKu-POS/vendor/laravel/framework/src/Illuminate/Routing/Router.php(786): Illuminate/Routing/Router->runRouteWithinStack(Object(Illuminate/Routing/Route), Object(Illuminate/Http/Request))
#40 D:/FREELANCE/NONA/BengkelKu-POS/vendor/laravel/framework/src/Illuminate/Routing/Router.php(750): Illuminate/Routing/Router->runRoute(Object(Illuminate/Http/Request), Object(Illuminate/Routing/Route))
#41 D:/FREELANCE/NONA/BengkelKu-POS/vendor/laravel/framework/src/Illuminate/Routing/Router.php(739): Illuminate/Routing/Router->dispatchToRoute(Object(Illuminate/Http/Request))
#42 D:/FREELANCE/NONA/BengkelKu-POS/vendor/laravel/framework/src/Illuminate/Foundation/Http/Kernel.php(201): Illuminate/Routing/Router->dispatch(Object(Illuminate/Http/Request))
#43 D:/FREELANCE/NONA/BengkelKu-POS/vendor/laravel/framework/src/Illuminate/Pipeline/Pipeline.php(170): Illuminate/Foundation/Http/Kernel->Illuminate/Foundation/Http/{closure}(Object(Illuminate/Http/Request))
#44 D:/FREELANCE/NONA/BengkelKu-POS/vendor/livewire/livewire/src/Features/SupportDisablingBackButtonCache/DisableBackButtonCacheMiddleware.php(19): Illuminate/Pipeline/Pipeline->Illuminate/Pipeline/{closure}(Object(Illuminate/Http/Request))
#45 D:/FREELANCE/NONA/BengkelKu-POS/vendor/laravel/framework/src/Illuminate/Pipeline/Pipeline.php(209): Livewire/Features/SupportDisablingBackButtonCache/DisableBackButtonCacheMiddleware->handle(Object(Illuminate/Http/Request), Object(Closure))
#46 D:/FREELANCE/NONA/BengkelKu-POS/vendor/laravel/framework/src/Illuminate/Foundation/Http/Middleware/TransformsRequest.php(21): Illuminate/Pipeline/Pipeline->Illuminate/Pipeline/{closure}(Object(Illuminate/Http/Request))
#47 D:/FREELANCE/NONA/BengkelKu-POS/vendor/laravel/framework/src/Illuminate/Foundation/Http/Middleware/ConvertEmptyStringsToNull.php(31): Illuminate/Foundation/Http/Middleware/TransformsRequest->handle(Object(Illuminate/Http/Request), Object(Closure))
#48 D:/FREELANCE/NONA/BengkelKu-POS/vendor/laravel/framework/src/Illuminate/Pipeline/Pipeline.php(209): Illuminate/Foundation/Http/Middleware/ConvertEmptyStringsToNull->handle(Object(Illuminate/Http/Request), Object(Closure))
#49 D:/FREELANCE/NONA/BengkelKu-POS/vendor/laravel/framework/src/Illuminate/Foundation/Http/Middleware/TransformsRequest.php(21): Illuminate/Pipeline/Pipeline->Illuminate/Pipeline/{closure}(Object(Illuminate/Http/Request))
#50 D:/FREELANCE/NONA/BengkelKu-POS/vendor/laravel/framework/src/Illuminate/Foundation/Http/Middleware/TrimStrings.php(51): Illuminate/Foundation/Http/Middleware/TransformsRequest->handle(Object(Illuminate/Http/Request), Object(Closure))
#51 D:/FREELANCE/NONA/BengkelKu-POS/vendor/laravel/framework/src/Illuminate/Pipeline/Pipeline.php(209): Illuminate/Foundation/Http/Middleware/TrimStrings->handle(Object(Illuminate/Http/Request), Object(Closure))
#52 D:/FREELANCE/NONA/BengkelKu-POS/vendor/laravel/framework/src/Illuminate/Http/Middleware/ValidatePostSize.php(27): Illuminate/Pipeline/Pipeline->Illuminate/Pipeline/{closure}(Object(Illuminate/Http/Request))
#53 D:/FREELANCE/NONA/BengkelKu-POS/vendor/laravel/framework/src/Illuminate/Pipeline/Pipeline.php(209): Illuminate/Http/Middleware/ValidatePostSize->handle(Object(Illuminate/Http/Request), Object(Closure))
#54 D:/FREELANCE/NONA/BengkelKu-POS/vendor/laravel/framework/src/Illuminate/Foundation/Http/Middleware/PreventRequestsDuringMaintenance.php(110): Illuminate/Pipeline/Pipeline->Illuminate/Pipeline/{closure}(Object(Illuminate/Http/Request))
#55 D:/FREELANCE/NONA/BengkelKu-POS/vendor/laravel/framework/src/Illuminate/Pipeline/Pipeline.php(209): Illuminate/Foundation/Http/Middleware/PreventRequestsDuringMaintenance->handle(Object(Illuminate/Http/Request), Object(Closure))
#56 D:/FREELANCE/NONA/BengkelKu-POS/vendor/laravel/framework/src/Illuminate/Http/Middleware/HandleCors.php(49): Illuminate/Pipeline/Pipeline->Illuminate/Pipeline/{closure}(Object(Illuminate/Http/Request))
#57 D:/FREELANCE/NONA/BengkelKu-POS/vendor/laravel/framework/src/Illuminate/Pipeline/Pipeline.php(209): Illuminate/Http/Middleware/HandleCors->handle(Object(Illuminate/Http/Request), Object(Closure))
#58 D:/FREELANCE/NONA/BengkelKu-POS/vendor/laravel/framework/src/Illuminate/Http/Middleware/TrustProxies.php(58): Illuminate/Pipeline/Pipeline->Illuminate/Pipeline/{closure}(Object(Illuminate/Http/Request))
#59 D:/FREELANCE/NONA/BengkelKu-POS/vendor/laravel/framework/src/Illuminate/Pipeline/Pipeline.php(209): Illuminate/Http/Middleware/TrustProxies->handle(Object(Illuminate/Http/Request), Object(Closure))
#60 D:/FREELANCE/NONA/BengkelKu-POS/vendor/laravel/framework/src/Illuminate/Foundation/Http/Middleware/InvokeDeferredCallbacks.php(22): Illuminate/Pipeline/Pipeline->Illuminate/Pipeline/{closure}(Object(Illuminate/Http/Request))
#61 D:/FREELANCE/NONA/BengkelKu-POS/vendor/laravel/framework/src/Illuminate/Pipeline/Pipeline.php(209): Illuminate/Foundation/Http/Middleware/InvokeDeferredCallbacks->handle(Object(Illuminate/Http/Request), Object(Closure))
#62 D:/FREELANCE/NONA/BengkelKu-POS/vendor/laravel/framework/src/Illuminate/Pipeline/Pipeline.php(127): Illuminate/Pipeline/Pipeline->Illuminate/Pipeline/{closure}(Object(Illuminate/Http/Request))
#63 D:/FREELANCE/NONA/BengkelKu-POS/vendor/laravel/framework/src/Illuminate/Foundation/Http/Kernel.php(176): Illuminate/Pipeline/Pipeline->then(Object(Closure))
#64 D:/FREELANCE/NONA/BengkelKu-POS/vendor/laravel/framework/src/Illuminate/Foundation/Http/Kernel.php(145): Illuminate/Foundation/Http/Kernel->sendRequestThroughRouter(Object(Illuminate/Http/Request))
#65 D:/FREELANCE/NONA/BengkelKu-POS/public/index.php(19): Illuminate/Foundation/Http/Kernel->handle(Object(Illuminate/Http/Request))
#66 D:/FREELANCE/NONA/BengkelKu-POS/vendor/laravel/framework/src/Illuminate/Foundation/resources/server.php(23): require_once('D://FREELANCE//NO...')
#67 {main}
"} 
[2026-08-31 11:51:10] local.ERROR: Undefined variable $mechanics (View: D:\FREELANCE\NONA\BengkelKu-POS\resources\views\livewire\commission\index.blade.php) {"userId":"a2a12424-3bbe-4cb5-b0d9-5e931f25e6ec","exception":"[object] (Illuminate\\View\\ViewException(code: 0): Undefined variable $mechanics (View: D:\\FREELANCE\\NONA\\BengkelKu-POS\\resources\\views\\livewire\\commission\\index.blade.php) at D:/FREELANCE/NONA/BengkelKu-POS/storage/framework/views/df9df835b6a82834aced60cb86403ed8.php:15)
[stacktrace]
#0 D:/FREELANCE/NONA/BengkelKu-POS/vendor/livewire/livewire/src/Mechanisms/ExtendBlade/ExtendedCompilerEngine.php(58): Illuminate/View/Engines/CompilerEngine->handleViewException(Object(ErrorException), 1)
#1 D:/FREELANCE/NONA/BengkelKu-POS/vendor/livewire/livewire/src/Mechanisms/ExtendBlade/ExtendedCompilerEngine.php(40): Livewire/Mechanisms/ExtendBlade/ExtendedCompilerEngine->handleViewException(Object(ErrorException), 1)
#2 D:/FREELANCE/NONA/BengkelKu-POS/vendor/laravel/framework/src/Illuminate/View/Engines/CompilerEngine.php(75): Livewire/Mechanisms/ExtendBlade/ExtendedCompilerEngine->evaluatePath('D://FREELANCE//NO...', Array)
#3 D:/FREELANCE/NONA/BengkelKu-POS/vendor/livewire/livewire/src/Mechanisms/ExtendBlade/ExtendedCompilerEngine.php(16): Illuminate/View/Engines/CompilerEngine->get('D://FREELANCE//NO...', Array)
#4 D:/FREELANCE/NONA/BengkelKu-POS/vendor/laravel/framework/src/Illuminate/View/View.php(209): Livewire/Mechanisms/ExtendBlade/ExtendedCompilerEngine->get('D://FREELANCE//NO...', Array)
#5 D:/FREELANCE/NONA/BengkelKu-POS/vendor/laravel/framework/src/Illuminate/View/View.php(192): Illuminate/View/View->getContents()
#6 D:/FREELANCE/NONA/BengkelKu-POS/vendor/laravel/framework/src/Illuminate/View/View.php(161): Illuminate/View/View->renderContents()
#7 D:/FREELANCE/NONA/BengkelKu-POS/vendor/livewire/livewire/src/Mechanisms/HandleComponents/HandleComponents.php(288): Illuminate/View/View->render(Object(Closure))
#8 D:/FREELANCE/NONA/BengkelKu-POS/vendor/livewire/livewire/src/Mechanisms/HandleComponents/HandleComponents.php(332): Livewire/Mechanisms/HandleComponents/HandleComponents->Livewire/Mechanisms/HandleComponents/{closure}()
#9 D:/FREELANCE/NONA/BengkelKu-POS/vendor/livewire/livewire/src/Mechanisms/HandleComponents/HandleComponents.php(280): Livewire/Mechanisms/HandleComponents/HandleComponents->trackInRenderStack(Object(App/Livewire/Commission/Index), Object(Closure))
#10 D:/FREELANCE/NONA/BengkelKu-POS/vendor/livewire/livewire/src/Mechanisms/HandleComponents/HandleComponents.php(54): Livewire/Mechanisms/HandleComponents/HandleComponents->render(Object(App/Livewire/Commission/Index), '<div></div>')
#11 D:/FREELANCE/NONA/BengkelKu-POS/vendor/livewire/livewire/src/LivewireManager.php(73): Livewire/Mechanisms/HandleComponents/HandleComponents->mount('App//Livewire//Co...', Array, NULL)
#12 D:/FREELANCE/NONA/BengkelKu-POS/vendor/livewire/livewire/src/Features/SupportPageComponents/HandlesPageComponents.php(17): Livewire/LivewireManager->mount('App//Livewire//Co...', Array)
#13 D:/FREELANCE/NONA/BengkelKu-POS/vendor/livewire/livewire/src/Features/SupportPageComponents/SupportPageComponents.php(117): Livewire/Component->Livewire/Features/SupportPageComponents/{closure}()
#14 D:/FREELANCE/NONA/BengkelKu-POS/vendor/livewire/livewire/src/Features/SupportPageComponents/HandlesPageComponents.php(14): Livewire/Features/SupportPageComponents/SupportPageComponents::interceptTheRenderOfTheComponentAndRetreiveTheLayoutConfiguration(Object(Closure))
#15 D:/FREELANCE/NONA/BengkelKu-POS/vendor/laravel/framework/src/Illuminate/Routing/ControllerDispatcher.php(47): Livewire/Component->__invoke()
#16 D:/FREELANCE/NONA/BengkelKu-POS/vendor/laravel/framework/src/Illuminate/Routing/Route.php(266): Illuminate/Routing/ControllerDispatcher->dispatch(Object(Illuminate/Routing/Route), Object(App/Livewire/Commission/Index), '__invoke')
#17 D:/FREELANCE/NONA/BengkelKu-POS/vendor/laravel/framework/src/Illuminate/Routing/Route.php(212): Illuminate/Routing/Route->runController()
#18 D:/FREELANCE/NONA/BengkelKu-POS/vendor/laravel/framework/src/Illuminate/Routing/Router.php(808): Illuminate/Routing/Route->run()
#19 D:/FREELANCE/NONA/BengkelKu-POS/vendor/laravel/framework/src/Illuminate/Pipeline/Pipeline.php(170): Illuminate/Routing/Router->Illuminate/Routing/{closure}(Object(Illuminate/Http/Request))
#20 D:/FREELANCE/NONA/BengkelKu-POS/vendor/laravel/framework/src/Illuminate/Routing/Middleware/SubstituteBindings.php(51): Illuminate/Pipeline/Pipeline->Illuminate/Pipeline/{closure}(Object(Illuminate/Http/Request))
#21 D:/FREELANCE/NONA/BengkelKu-POS/vendor/laravel/framework/src/Illuminate/Pipeline/Pipeline.php(209): Illuminate/Routing/Middleware/SubstituteBindings->handle(Object(Illuminate/Http/Request), Object(Closure))
#22 D:/FREELANCE/NONA/BengkelKu-POS/vendor/laravel/framework/src/Illuminate/Auth/Middleware/Authenticate.php(64): Illuminate/Pipeline/Pipeline->Illuminate/Pipeline/{closure}(Object(Illuminate/Http/Request))
#23 D:/FREELANCE/NONA/BengkelKu-POS/vendor/laravel/framework/src/Illuminate/Pipeline/Pipeline.php(209): Illuminate/Auth/Middleware/Authenticate->handle(Object(Illuminate/Http/Request), Object(Closure))
#24 D:/FREELANCE/NONA/BengkelKu-POS/vendor/laravel/framework/src/Illuminate/Foundation/Http/Middleware/VerifyCsrfToken.php(88): Illuminate/Pipeline/Pipeline->Illuminate/Pipeline/{closure}(Object(Illuminate/Http/Request))
#25 D:/FREELANCE/NONA/BengkelKu-POS/vendor/laravel/framework/src/Illuminate/Pipeline/Pipeline.php(209): Illuminate/Foundation/Http/Middleware/VerifyCsrfToken->handle(Object(Illuminate/Http/Request), Object(Closure))
#26 D:/FREELANCE/NONA/BengkelKu-POS/vendor/laravel/framework/src/Illuminate/View/Middleware/ShareErrorsFromSession.php(49): Illuminate/Pipeline/Pipeline->Illuminate/Pipeline/{closure}(Object(Illuminate/Http/Request))
#27 D:/FREELANCE/NONA/BengkelKu-POS/vendor/laravel/framework/src/Illuminate/Pipeline/Pipeline.php(209): Illuminate/View/Middleware/ShareErrorsFromSession->handle(Object(Illuminate/Http/Request), Object(Closure))
#28 D:/FREELANCE/NONA/BengkelKu-POS/vendor/laravel/framework/src/Illuminate/Session/Middleware/StartSession.php(121): Illuminate/Pipeline/Pipeline->Illuminate/Pipeline/{closure}(Object(Illuminate/Http/Request))
#29 D:/FREELANCE/NONA/BengkelKu-POS/vendor/laravel/framework/src/Illuminate/Session/Middleware/StartSession.php(64): Illuminate/Session/Middleware/StartSession->handleStatefulRequest(Object(Illuminate/Http/Request), Object(Illuminate/Session/Store), Object(Closure))
#30 D:/FREELANCE/NONA/BengkelKu-POS/vendor/laravel/framework/src/Illuminate/Pipeline/Pipeline.php(209): Illuminate/Session/Middleware/StartSession->handle(Object(Illuminate/Http/Request), Object(Closure))
#31 D:/FREELANCE/NONA/BengkelKu-POS/vendor/laravel/framework/src/Illuminate/Cookie/Middleware/AddQueuedCookiesToResponse.php(37): Illuminate/Pipeline/Pipeline->Illuminate/Pipeline/{closure}(Object(Illuminate/Http/Request))
#32 D:/FREELANCE/NONA/BengkelKu-POS/vendor/laravel/framework/src/Illuminate/Pipeline/Pipeline.php(209): Illuminate/Cookie/Middleware/AddQueuedCookiesToResponse->handle(Object(Illuminate/Http/Request), Object(Closure))
#33 D:/FREELANCE/NONA/BengkelKu-POS/vendor/laravel/framework/src/Illuminate/Cookie/Middleware/EncryptCookies.php(75): Illuminate/Pipeline/Pipeline->Illuminate/Pipeline/{closure}(Object(Illuminate/Http/Request))
#34 D:/FREELANCE/NONA/BengkelKu-POS/vendor/laravel/framework/src/Illuminate/Pipeline/Pipeline.php(209): Illuminate/Cookie/Middleware/EncryptCookies->handle(Object(Illuminate/Http/Request), Object(Closure))
#35 D:/FREELANCE/NONA/BengkelKu-POS/vendor/laravel/framework/src/Illuminate/Pipeline/Pipeline.php(127): Illuminate/Pipeline/Pipeline->Illuminate/Pipeline/{closure}(Object(Illuminate/Http/Request))
#36 D:/FREELANCE/NONA/BengkelKu-POS/vendor/laravel/framework/src/Illuminate/Routing/Router.php(807): Illuminate/Pipeline/Pipeline->then(Object(Closure))
#37 D:/FREELANCE/NONA/BengkelKu-POS/vendor/laravel/framework/src/Illuminate/Routing/Router.php(786): Illuminate/Routing/Router->runRouteWithinStack(Object(Illuminate/Routing/Route), Object(Illuminate/Http/Request))
#38 D:/FREELANCE/NONA/BengkelKu-POS/vendor/laravel/framework/src/Illuminate/Routing/Router.php(750): Illuminate/Routing/Router->runRoute(Object(Illuminate/Http/Request), Object(Illuminate/Routing/Route))
#39 D:/FREELANCE/NONA/BengkelKu-POS/vendor/laravel/framework/src/Illuminate/Routing/Router.php(739): Illuminate/Routing/Router->dispatchToRoute(Object(Illuminate/Http/Request))
#40 D:/FREELANCE/NONA/BengkelKu-POS/vendor/laravel/framework/src/Illuminate/Foundation/Http/Kernel.php(201): Illuminate/Routing/Router->dispatch(Object(Illuminate/Http/Request))
#41 D:/FREELANCE/NONA/BengkelKu-POS/vendor/laravel/framework/src/Illuminate/Pipeline/Pipeline.php(170): Illuminate/Foundation/Http/Kernel->Illuminate/Foundation/Http/{closure}(Object(Illuminate/Http/Request))
#42 D:/FREELANCE/NONA/BengkelKu-POS/vendor/livewire/livewire/src/Features/SupportDisablingBackButtonCache/DisableBackButtonCacheMiddleware.php(19): Illuminate/Pipeline/Pipeline->Illuminate/Pipeline/{closure}(Object(Illuminate/Http/Request))
#43 D:/FREELANCE/NONA/BengkelKu-POS/vendor/laravel/framework/src/Illuminate/Pipeline/Pipeline.php(209): Livewire/Features/SupportDisablingBackButtonCache/DisableBackButtonCacheMiddleware->handle(Object(Illuminate/Http/Request), Object(Closure))
#44 D:/FREELANCE/NONA/BengkelKu-POS/vendor/laravel/framework/src/Illuminate/Foundation/Http/Middleware/TransformsRequest.php(21): Illuminate/Pipeline/Pipeline->Illuminate/Pipeline/{closure}(Object(Illuminate/Http/Request))
#45 D:/FREELANCE/NONA/BengkelKu-POS/vendor/laravel/framework/src/Illuminate/Foundation/Http/Middleware/ConvertEmptyStringsToNull.php(31): Illuminate/Foundation/Http/Middleware/TransformsRequest->handle(Object(Illuminate/Http/Request), Object(Closure))
#46 D:/FREELANCE/NONA/BengkelKu-POS/vendor/laravel/framework/src/Illuminate/Pipeline/Pipeline.php(209): Illuminate/Foundation/Http/Middleware/ConvertEmptyStringsToNull->handle(Object(Illuminate/Http/Request), Object(Closure))
#47 D:/FREELANCE/NONA/BengkelKu-POS/vendor/laravel/framework/src/Illuminate/Foundation/Http/Middleware/TransformsRequest.php(21): Illuminate/Pipeline/Pipeline->Illuminate/Pipeline/{closure}(Object(Illuminate/Http/Request))
#48 D:/FREELANCE/NONA/BengkelKu-POS/vendor/laravel/framework/src/Illuminate/Foundation/Http/Middleware/TrimStrings.php(51): Illuminate/Foundation/Http/Middleware/TransformsRequest->handle(Object(Illuminate/Http/Request), Object(Closure))
#49 D:/FREELANCE/NONA/BengkelKu-POS/vendor/laravel/framework/src/Illuminate/Pipeline/Pipeline.php(209): Illuminate/Foundation/Http/Middleware/TrimStrings->handle(Object(Illuminate/Http/Request), Object(Closure))
#50 D:/FREELANCE/NONA/BengkelKu-POS/vendor/laravel/framework/src/Illuminate/Http/Middleware/ValidatePostSize.php(27): Illuminate/Pipeline/Pipeline->Illuminate/Pipeline/{closure}(Object(Illuminate/Http/Request))
#51 D:/FREELANCE/NONA/BengkelKu-POS/vendor/laravel/framework/src/Illuminate/Pipeline/Pipeline.php(209): Illuminate/Http/Middleware/ValidatePostSize->handle(Object(Illuminate/Http/Request), Object(Closure))
#52 D:/FREELANCE/NONA/BengkelKu-POS/vendor/laravel/framework/src/Illuminate/Foundation/Http/Middleware/PreventRequestsDuringMaintenance.php(110): Illuminate/Pipeline/Pipeline->Illuminate/Pipeline/{closure}(Object(Illuminate/Http/Request))
#53 D:/FREELANCE/NONA/BengkelKu-POS/vendor/laravel/framework/src/Illuminate/Pipeline/Pipeline.php(209): Illuminate/Foundation/Http/Middleware/PreventRequestsDuringMaintenance->handle(Object(Illuminate/Http/Request), Object(Closure))
#54 D:/FREELANCE/NONA/BengkelKu-POS/vendor/laravel/framework/src/Illuminate/Http/Middleware/HandleCors.php(49): Illuminate/Pipeline/Pipeline->Illuminate/Pipeline/{closure}(Object(Illuminate/Http/Request))
#55 D:/FREELANCE/NONA/BengkelKu-POS/vendor/laravel/framework/src/Illuminate/Pipeline/Pipeline.php(209): Illuminate/Http/Middleware/HandleCors->handle(Object(Illuminate/Http/Request), Object(Closure))
#56 D:/FREELANCE/NONA/BengkelKu-POS/vendor/laravel/framework/src/Illuminate/Http/Middleware/TrustProxies.php(58): Illuminate/Pipeline/Pipeline->Illuminate/Pipeline/{closure}(Object(Illuminate/Http/Request))
#57 D:/FREELANCE/NONA/BengkelKu-POS/vendor/laravel/framework/src/Illuminate/Pipeline/Pipeline.php(209): Illuminate/Http/Middleware/TrustProxies->handle(Object(Illuminate/Http/Request), Object(Closure))
#58 D:/FREELANCE/NONA/BengkelKu-POS/vendor/laravel/framework/src/Illuminate/Foundation/Http/Middleware/InvokeDeferredCallbacks.php(22): Illuminate/Pipeline/Pipeline->Illuminate/Pipeline/{closure}(Object(Illuminate/Http/Request))
#59 D:/FREELANCE/NONA/BengkelKu-POS/vendor/laravel/framework/src/Illuminate/Pipeline/Pipeline.php(209): Illuminate/Foundation/Http/Middleware/InvokeDeferredCallbacks->handle(Object(Illuminate/Http/Request), Object(Closure))
#60 D:/FREELANCE/NONA/BengkelKu-POS/vendor/laravel/framework/src/Illuminate/Pipeline/Pipeline.php(127): Illuminate/Pipeline/Pipeline->Illuminate/Pipeline/{closure}(Object(Illuminate/Http/Request))
#61 D:/FREELANCE/NONA/BengkelKu-POS/vendor/laravel/framework/src/Illuminate/Foundation/Http/Kernel.php(176): Illuminate/Pipeline/Pipeline->then(Object(Closure))
#62 D:/FREELANCE/NONA/BengkelKu-POS/vendor/laravel/framework/src/Illuminate/Foundation/Http/Kernel.php(145): Illuminate/Foundation/Http/Kernel->sendRequestThroughRouter(Object(Illuminate/Http/Request))
#63 D:/FREELANCE/NONA/BengkelKu-POS/public/index.php(19): Illuminate/Foundation/Http/Kernel->handle(Object(Illuminate/Http/Request))
#64 D:/FREELANCE/NONA/BengkelKu-POS/vendor/laravel/framework/src/Illuminate/Foundation/resources/server.php(23): require_once('D://FREELANCE//NO...')
#65 {main}

[previous exception] [object] (ErrorException(code: 0): Undefined variable $mechanics at D:/FREELANCE/NONA/BengkelKu-POS/storage/framework/views/df9df835b6a82834aced60cb86403ed8.php:15)
[stacktrace]
#0 D:/FREELANCE/NONA/BengkelKu-POS/vendor/laravel/framework/src/Illuminate/Foundation/Bootstrap/HandleExceptions.php(258): Illuminate/Foundation/Bootstrap/HandleExceptions->handleError(2, 'Undefined varia...', 'D://FREELANCE//NO...', 15)
#1 D:/FREELANCE/NONA/BengkelKu-POS/storage/framework/views/df9df835b6a82834aced60cb86403ed8.php(15): Illuminate/Foundation/Bootstrap/HandleExceptions->Illuminate/Foundation/Bootstrap/{closure}(2, 'Undefined varia...', 'D://FREELANCE//NO...', 15)
#2 D:/FREELANCE/NONA/BengkelKu-POS/vendor/livewire/livewire/src/Mechanisms/ExtendBlade/ExtendedCompilerEngine.php(37): include('D://FREELANCE//NO...')
#3 D:/FREELANCE/NONA/BengkelKu-POS/vendor/livewire/livewire/src/Mechanisms/ExtendBlade/ExtendedCompilerEngine.php(38): App/Livewire/Commission/Index->Livewire/Mechanisms/ExtendBlade/{closure}()
#4 D:/FREELANCE/NONA/BengkelKu-POS/vendor/laravel/framework/src/Illuminate/View/Engines/CompilerEngine.php(75): Livewire/Mechanisms/ExtendBlade/ExtendedCompilerEngine->evaluatePath('D://FREELANCE//NO...', Array)
#5 D:/FREELANCE/NONA/BengkelKu-POS/vendor/livewire/livewire/src/Mechanisms/ExtendBlade/ExtendedCompilerEngine.php(16): Illuminate/View/Engines/CompilerEngine->get('D://FREELANCE//NO...', Array)
#6 D:/FREELANCE/NONA/BengkelKu-POS/vendor/laravel/framework/src/Illuminate/View/View.php(209): Livewire/Mechanisms/ExtendBlade/ExtendedCompilerEngine->get('D://FREELANCE//NO...', Array)
#7 D:/FREELANCE/NONA/BengkelKu-POS/vendor/laravel/framework/src/Illuminate/View/View.php(192): Illuminate/View/View->getContents()
#8 D:/FREELANCE/NONA/BengkelKu-POS/vendor/laravel/framework/src/Illuminate/View/View.php(161): Illuminate/View/View->renderContents()
#9 D:/FREELANCE/NONA/BengkelKu-POS/vendor/livewire/livewire/src/Mechanisms/HandleComponents/HandleComponents.php(288): Illuminate/View/View->render(Object(Closure))
#10 D:/FREELANCE/NONA/BengkelKu-POS/vendor/livewire/livewire/src/Mechanisms/HandleComponents/HandleComponents.php(332): Livewire/Mechanisms/HandleComponents/HandleComponents->Livewire/Mechanisms/HandleComponents/{closure}()
#11 D:/FREELANCE/NONA/BengkelKu-POS/vendor/livewire/livewire/src/Mechanisms/HandleComponents/HandleComponents.php(280): Livewire/Mechanisms/HandleComponents/HandleComponents->trackInRenderStack(Object(App/Livewire/Commission/Index), Object(Closure))
#12 D:/FREELANCE/NONA/BengkelKu-POS/vendor/livewire/livewire/src/Mechanisms/HandleComponents/HandleComponents.php(54): Livewire/Mechanisms/HandleComponents/HandleComponents->render(Object(App/Livewire/Commission/Index), '<div></div>')
#13 D:/FREELANCE/NONA/BengkelKu-POS/vendor/livewire/livewire/src/LivewireManager.php(73): Livewire/Mechanisms/HandleComponents/HandleComponents->mount('App//Livewire//Co...', Array, NULL)
#14 D:/FREELANCE/NONA/BengkelKu-POS/vendor/livewire/livewire/src/Features/SupportPageComponents/HandlesPageComponents.php(17): Livewire/LivewireManager->mount('App//Livewire//Co...', Array)
#15 D:/FREELANCE/NONA/BengkelKu-POS/vendor/livewire/livewire/src/Features/SupportPageComponents/SupportPageComponents.php(117): Livewire/Component->Livewire/Features/SupportPageComponents/{closure}()
#16 D:/FREELANCE/NONA/BengkelKu-POS/vendor/livewire/livewire/src/Features/SupportPageComponents/HandlesPageComponents.php(14): Livewire/Features/SupportPageComponents/SupportPageComponents::interceptTheRenderOfTheComponentAndRetreiveTheLayoutConfiguration(Object(Closure))
#17 D:/FREELANCE/NONA/BengkelKu-POS/vendor/laravel/framework/src/Illuminate/Routing/ControllerDispatcher.php(47): Livewire/Component->__invoke()
#18 D:/FREELANCE/NONA/BengkelKu-POS/vendor/laravel/framework/src/Illuminate/Routing/Route.php(266): Illuminate/Routing/ControllerDispatcher->dispatch(Object(Illuminate/Routing/Route), Object(App/Livewire/Commission/Index), '__invoke')
#19 D:/FREELANCE/NONA/BengkelKu-POS/vendor/laravel/framework/src/Illuminate/Routing/Route.php(212): Illuminate/Routing/Route->runController()
#20 D:/FREELANCE/NONA/BengkelKu-POS/vendor/laravel/framework/src/Illuminate/Routing/Router.php(808): Illuminate/Routing/Route->run()
#21 D:/FREELANCE/NONA/BengkelKu-POS/vendor/laravel/framework/src/Illuminate/Pipeline/Pipeline.php(170): Illuminate/Routing/Router->Illuminate/Routing/{closure}(Object(Illuminate/Http/Request))
#22 D:/FREELANCE/NONA/BengkelKu-POS/vendor/laravel/framework/src/Illuminate/Routing/Middleware/SubstituteBindings.php(51): Illuminate/Pipeline/Pipeline->Illuminate/Pipeline/{closure}(Object(Illuminate/Http/Request))
#23 D:/FREELANCE/NONA/BengkelKu-POS/vendor/laravel/framework/src/Illuminate/Pipeline/Pipeline.php(209): Illuminate/Routing/Middleware/SubstituteBindings->handle(Object(Illuminate/Http/Request), Object(Closure))
#24 D:/FREELANCE/NONA/BengkelKu-POS/vendor/laravel/framework/src/Illuminate/Auth/Middleware/Authenticate.php(64): Illuminate/Pipeline/Pipeline->Illuminate/Pipeline/{closure}(Object(Illuminate/Http/Request))
#25 D:/FREELANCE/NONA/BengkelKu-POS/vendor/laravel/framework/src/Illuminate/Pipeline/Pipeline.php(209): Illuminate/Auth/Middleware/Authenticate->handle(Object(Illuminate/Http/Request), Object(Closure))
#26 D:/FREELANCE/NONA/BengkelKu-POS/vendor/laravel/framework/src/Illuminate/Foundation/Http/Middleware/VerifyCsrfToken.php(88): Illuminate/Pipeline/Pipeline->Illuminate/Pipeline/{closure}(Object(Illuminate/Http/Request))
#27 D:/FREELANCE/NONA/BengkelKu-POS/vendor/laravel/framework/src/Illuminate/Pipeline/Pipeline.php(209): Illuminate/Foundation/Http/Middleware/VerifyCsrfToken->handle(Object(Illuminate/Http/Request), Object(Closure))
#28 D:/FREELANCE/NONA/BengkelKu-POS/vendor/laravel/framework/src/Illuminate/View/Middleware/ShareErrorsFromSession.php(49): Illuminate/Pipeline/Pipeline->Illuminate/Pipeline/{closure}(Object(Illuminate/Http/Request))
#29 D:/FREELANCE/NONA/BengkelKu-POS/vendor/laravel/framework/src/Illuminate/Pipeline/Pipeline.php(209): Illuminate/View/Middleware/ShareErrorsFromSession->handle(Object(Illuminate/Http/Request), Object(Closure))
#30 D:/FREELANCE/NONA/BengkelKu-POS/vendor/laravel/framework/src/Illuminate/Session/Middleware/StartSession.php(121): Illuminate/Pipeline/Pipeline->Illuminate/Pipeline/{closure}(Object(Illuminate/Http/Request))
#31 D:/FREELANCE/NONA/BengkelKu-POS/vendor/laravel/framework/src/Illuminate/Session/Middleware/StartSession.php(64): Illuminate/Session/Middleware/StartSession->handleStatefulRequest(Object(Illuminate/Http/Request), Object(Illuminate/Session/Store), Object(Closure))
#32 D:/FREELANCE/NONA/BengkelKu-POS/vendor/laravel/framework/src/Illuminate/Pipeline/Pipeline.php(209): Illuminate/Session/Middleware/StartSession->handle(Object(Illuminate/Http/Request), Object(Closure))
#33 D:/FREELANCE/NONA/BengkelKu-POS/vendor/laravel/framework/src/Illuminate/Cookie/Middleware/AddQueuedCookiesToResponse.php(37): Illuminate/Pipeline/Pipeline->Illuminate/Pipeline/{closure}(Object(Illuminate/Http/Request))
#34 D:/FREELANCE/NONA/BengkelKu-POS/vendor/laravel/framework/src/Illuminate/Pipeline/Pipeline.php(209): Illuminate/Cookie/Middleware/AddQueuedCookiesToResponse->handle(Object(Illuminate/Http/Request), Object(Closure))
#35 D:/FREELANCE/NONA/BengkelKu-POS/vendor/laravel/framework/src/Illuminate/Cookie/Middleware/EncryptCookies.php(75): Illuminate/Pipeline/Pipeline->Illuminate/Pipeline/{closure}(Object(Illuminate/Http/Request))
#36 D:/FREELANCE/NONA/BengkelKu-POS/vendor/laravel/framework/src/Illuminate/Pipeline/Pipeline.php(209): Illuminate/Cookie/Middleware/EncryptCookies->handle(Object(Illuminate/Http/Request), Object(Closure))
#37 D:/FREELANCE/NONA/BengkelKu-POS/vendor/laravel/framework/src/Illuminate/Pipeline/Pipeline.php(127): Illuminate/Pipeline/Pipeline->Illuminate/Pipeline/{closure}(Object(Illuminate/Http/Request))
#38 D:/FREELANCE/NONA/BengkelKu-POS/vendor/laravel/framework/src/Illuminate/Routing/Router.php(807): Illuminate/Pipeline/Pipeline->then(Object(Closure))
#39 D:/FREELANCE/NONA/BengkelKu-POS/vendor/laravel/framework/src/Illuminate/Routing/Router.php(786): Illuminate/Routing/Router->runRouteWithinStack(Object(Illuminate/Routing/Route), Object(Illuminate/Http/Request))
#40 D:/FREELANCE/NONA/BengkelKu-POS/vendor/laravel/framework/src/Illuminate/Routing/Router.php(750): Illuminate/Routing/Router->runRoute(Object(Illuminate/Http/Request), Object(Illuminate/Routing/Route))
#41 D:/FREELANCE/NONA/BengkelKu-POS/vendor/laravel/framework/src/Illuminate/Routing/Router.php(739): Illuminate/Routing/Router->dispatchToRoute(Object(Illuminate/Http/Request))
#42 D:/FREELANCE/NONA/BengkelKu-POS/vendor/laravel/framework/src/Illuminate/Foundation/Http/Kernel.php(201): Illuminate/Routing/Router->dispatch(Object(Illuminate/Http/Request))
#43 D:/FREELANCE/NONA/BengkelKu-POS/vendor/laravel/framework/src/Illuminate/Pipeline/Pipeline.php(170): Illuminate/Foundation/Http/Kernel->Illuminate/Foundation/Http/{closure}(Object(Illuminate/Http/Request))
#44 D:/FREELANCE/NONA/BengkelKu-POS/vendor/livewire/livewire/src/Features/SupportDisablingBackButtonCache/DisableBackButtonCacheMiddleware.php(19): Illuminate/Pipeline/Pipeline->Illuminate/Pipeline/{closure}(Object(Illuminate/Http/Request))
#45 D:/FREELANCE/NONA/BengkelKu-POS/vendor/laravel/framework/src/Illuminate/Pipeline/Pipeline.php(209): Livewire/Features/SupportDisablingBackButtonCache/DisableBackButtonCacheMiddleware->handle(Object(Illuminate/Http/Request), Object(Closure))
#46 D:/FREELANCE/NONA/BengkelKu-POS/vendor/laravel/framework/src/Illuminate/Foundation/Http/Middleware/TransformsRequest.php(21): Illuminate/Pipeline/Pipeline->Illuminate/Pipeline/{closure}(Object(Illuminate/Http/Request))
#47 D:/FREELANCE/NONA/BengkelKu-POS/vendor/laravel/framework/src/Illuminate/Foundation/Http/Middleware/ConvertEmptyStringsToNull.php(31): Illuminate/Foundation/Http/Middleware/TransformsRequest->handle(Object(Illuminate/Http/Request), Object(Closure))
#48 D:/FREELANCE/NONA/BengkelKu-POS/vendor/laravel/framework/src/Illuminate/Pipeline/Pipeline.php(209): Illuminate/Foundation/Http/Middleware/ConvertEmptyStringsToNull->handle(Object(Illuminate/Http/Request), Object(Closure))
#49 D:/FREELANCE/NONA/BengkelKu-POS/vendor/laravel/framework/src/Illuminate/Foundation/Http/Middleware/TransformsRequest.php(21): Illuminate/Pipeline/Pipeline->Illuminate/Pipeline/{closure}(Object(Illuminate/Http/Request))
#50 D:/FREELANCE/NONA/BengkelKu-POS/vendor/laravel/framework/src/Illuminate/Foundation/Http/Middleware/TrimStrings.php(51): Illuminate/Foundation/Http/Middleware/TransformsRequest->handle(Object(Illuminate/Http/Request), Object(Closure))
#51 D:/FREELANCE/NONA/BengkelKu-POS/vendor/laravel/framework/src/Illuminate/Pipeline/Pipeline.php(209): Illuminate/Foundation/Http/Middleware/TrimStrings->handle(Object(Illuminate/Http/Request), Object(Closure))
#52 D:/FREELANCE/NONA/BengkelKu-POS/vendor/laravel/framework/src/Illuminate/Http/Middleware/ValidatePostSize.php(27): Illuminate/Pipeline/Pipeline->Illuminate/Pipeline/{closure}(Object(Illuminate/Http/Request))
#53 D:/FREELANCE/NONA/BengkelKu-POS/vendor/laravel/framework/src/Illuminate/Pipeline/Pipeline.php(209): Illuminate/Http/Middleware/ValidatePostSize->handle(Object(Illuminate/Http/Request), Object(Closure))
#54 D:/FREELANCE/NONA/BengkelKu-POS/vendor/laravel/framework/src/Illuminate/Foundation/Http/Middleware/PreventRequestsDuringMaintenance.php(110): Illuminate/Pipeline/Pipeline->Illuminate/Pipeline/{closure}(Object(Illuminate/Http/Request))
#55 D:/FREELANCE/NONA/BengkelKu-POS/vendor/laravel/framework/src/Illuminate/Pipeline/Pipeline.php(209): Illuminate/Foundation/Http/Middleware/PreventRequestsDuringMaintenance->handle(Object(Illuminate/Http/Request), Object(Closure))
#56 D:/FREELANCE/NONA/BengkelKu-POS/vendor/laravel/framework/src/Illuminate/Http/Middleware/HandleCors.php(49): Illuminate/Pipeline/Pipeline->Illuminate/Pipeline/{closure}(Object(Illuminate/Http/Request))
#57 D:/FREELANCE/NONA/BengkelKu-POS/vendor/laravel/framework/src/Illuminate/Pipeline/Pipeline.php(209): Illuminate/Http/Middleware/HandleCors->handle(Object(Illuminate/Http/Request), Object(Closure))
#58 D:/FREELANCE/NONA/BengkelKu-POS/vendor/laravel/framework/src/Illuminate/Http/Middleware/TrustProxies.php(58): Illuminate/Pipeline/Pipeline->Illuminate/Pipeline/{closure}(Object(Illuminate/Http/Request))
#59 D:/FREELANCE/NONA/BengkelKu-POS/vendor/laravel/framework/src/Illuminate/Pipeline/Pipeline.php(209): Illuminate/Http/Middleware/TrustProxies->handle(Object(Illuminate/Http/Request), Object(Closure))
#60 D:/FREELANCE/NONA/BengkelKu-POS/vendor/laravel/framework/src/Illuminate/Foundation/Http/Middleware/InvokeDeferredCallbacks.php(22): Illuminate/Pipeline/Pipeline->Illuminate/Pipeline/{closure}(Object(Illuminate/Http/Request))
#61 D:/FREELANCE/NONA/BengkelKu-POS/vendor/laravel/framework/src/Illuminate/Pipeline/Pipeline.php(209): Illuminate/Foundation/Http/Middleware/InvokeDeferredCallbacks->handle(Object(Illuminate/Http/Request), Object(Closure))
#62 D:/FREELANCE/NONA/BengkelKu-POS/vendor/laravel/framework/src/Illuminate/Pipeline/Pipeline.php(127): Illuminate/Pipeline/Pipeline->Illuminate/Pipeline/{closure}(Object(Illuminate/Http/Request))
#63 D:/FREELANCE/NONA/BengkelKu-POS/vendor/laravel/framework/src/Illuminate/Foundation/Http/Kernel.php(176): Illuminate/Pipeline/Pipeline->then(Object(Closure))
#64 D:/FREELANCE/NONA/BengkelKu-POS/vendor/laravel/framework/src/Illuminate/Foundation/Http/Kernel.php(145): Illuminate/Foundation/Http/Kernel->sendRequestThroughRouter(Object(Illuminate/Http/Request))
#65 D:/FREELANCE/NONA/BengkelKu-POS/public/index.php(19): Illuminate/Foundation/Http/Kernel->handle(Object(Illuminate/Http/Request))
#66 D:/FREELANCE/NONA/BengkelKu-POS/vendor/laravel/framework/src/Illuminate/Foundation/resources/server.php(23): require_once('D://FREELANCE//NO...')
#67 {main}
"} 
[2026-08-31 11:51:37] local.ERROR: Undefined variable $activeWoCount (View: D:\FREELANCE\NONA\BengkelKu-POS\resources\views\livewire\mobile\home.blade.php) {"userId":"a2a12424-3bbe-4cb5-b0d9-5e931f25e6ec","exception":"[object] (Illuminate\\View\\ViewException(code: 0): Undefined variable $activeWoCount (View: D:\\FREELANCE\\NONA\\BengkelKu-POS\\resources\\views\\livewire\\mobile\\home.blade.php) at D:/FREELANCE/NONA/BengkelKu-POS/storage/framework/views/5267b311f0a68ba1c3b4e74a6e746c89.php:12)
[stacktrace]
#0 D:/FREELANCE/NONA/BengkelKu-POS/vendor/livewire/livewire/src/Mechanisms/ExtendBlade/ExtendedCompilerEngine.php(58): Illuminate/View/Engines/CompilerEngine->handleViewException(Object(ErrorException), 1)
#1 D:/FREELANCE/NONA/BengkelKu-POS/vendor/livewire/livewire/src/Mechanisms/ExtendBlade/ExtendedCompilerEngine.php(40): Livewire/Mechanisms/ExtendBlade/ExtendedCompilerEngine->handleViewException(Object(ErrorException), 1)
#2 D:/FREELANCE/NONA/BengkelKu-POS/vendor/laravel/framework/src/Illuminate/View/Engines/CompilerEngine.php(75): Livewire/Mechanisms/ExtendBlade/ExtendedCompilerEngine->evaluatePath('D://FREELANCE//NO...', Array)
#3 D:/FREELANCE/NONA/BengkelKu-POS/vendor/livewire/livewire/src/Mechanisms/ExtendBlade/ExtendedCompilerEngine.php(16): Illuminate/View/Engines/CompilerEngine->get('D://FREELANCE//NO...', Array)
#4 D:/FREELANCE/NONA/BengkelKu-POS/vendor/laravel/framework/src/Illuminate/View/View.php(209): Livewire/Mechanisms/ExtendBlade/ExtendedCompilerEngine->get('D://FREELANCE//NO...', Array)
#5 D:/FREELANCE/NONA/BengkelKu-POS/vendor/laravel/framework/src/Illuminate/View/View.php(192): Illuminate/View/View->getContents()
#6 D:/FREELANCE/NONA/BengkelKu-POS/vendor/laravel/framework/src/Illuminate/View/View.php(161): Illuminate/View/View->renderContents()
#7 D:/FREELANCE/NONA/BengkelKu-POS/vendor/livewire/livewire/src/Mechanisms/HandleComponents/HandleComponents.php(288): Illuminate/View/View->render(Object(Closure))
#8 D:/FREELANCE/NONA/BengkelKu-POS/vendor/livewire/livewire/src/Mechanisms/HandleComponents/HandleComponents.php(332): Livewire/Mechanisms/HandleComponents/HandleComponents->Livewire/Mechanisms/HandleComponents/{closure}()
#9 D:/FREELANCE/NONA/BengkelKu-POS/vendor/livewire/livewire/src/Mechanisms/HandleComponents/HandleComponents.php(280): Livewire/Mechanisms/HandleComponents/HandleComponents->trackInRenderStack(Object(App/Livewire/MobileMechanic/Home), Object(Closure))
#10 D:/FREELANCE/NONA/BengkelKu-POS/vendor/livewire/livewire/src/Mechanisms/HandleComponents/HandleComponents.php(54): Livewire/Mechanisms/HandleComponents/HandleComponents->render(Object(App/Livewire/MobileMechanic/Home), '<div></div>')
#11 D:/FREELANCE/NONA/BengkelKu-POS/vendor/livewire/livewire/src/LivewireManager.php(73): Livewire/Mechanisms/HandleComponents/HandleComponents->mount('App//Livewire//Mo...', Array, NULL)
#12 D:/FREELANCE/NONA/BengkelKu-POS/vendor/livewire/livewire/src/Features/SupportPageComponents/HandlesPageComponents.php(17): Livewire/LivewireManager->mount('App//Livewire//Mo...', Array)
#13 D:/FREELANCE/NONA/BengkelKu-POS/vendor/livewire/livewire/src/Features/SupportPageComponents/SupportPageComponents.php(117): Livewire/Component->Livewire/Features/SupportPageComponents/{closure}()
#14 D:/FREELANCE/NONA/BengkelKu-POS/vendor/livewire/livewire/src/Features/SupportPageComponents/HandlesPageComponents.php(14): Livewire/Features/SupportPageComponents/SupportPageComponents::interceptTheRenderOfTheComponentAndRetreiveTheLayoutConfiguration(Object(Closure))
#15 D:/FREELANCE/NONA/BengkelKu-POS/vendor/laravel/framework/src/Illuminate/Routing/ControllerDispatcher.php(47): Livewire/Component->__invoke()
#16 D:/FREELANCE/NONA/BengkelKu-POS/vendor/laravel/framework/src/Illuminate/Routing/Route.php(266): Illuminate/Routing/ControllerDispatcher->dispatch(Object(Illuminate/Routing/Route), Object(App/Livewire/MobileMechanic/Home), '__invoke')
#17 D:/FREELANCE/NONA/BengkelKu-POS/vendor/laravel/framework/src/Illuminate/Routing/Route.php(212): Illuminate/Routing/Route->runController()
#18 D:/FREELANCE/NONA/BengkelKu-POS/vendor/laravel/framework/src/Illuminate/Routing/Router.php(808): Illuminate/Routing/Route->run()
#19 D:/FREELANCE/NONA/BengkelKu-POS/vendor/laravel/framework/src/Illuminate/Pipeline/Pipeline.php(170): Illuminate/Routing/Router->Illuminate/Routing/{closure}(Object(Illuminate/Http/Request))
#20 D:/FREELANCE/NONA/BengkelKu-POS/vendor/laravel/framework/src/Illuminate/Routing/Middleware/SubstituteBindings.php(51): Illuminate/Pipeline/Pipeline->Illuminate/Pipeline/{closure}(Object(Illuminate/Http/Request))
#21 D:/FREELANCE/NONA/BengkelKu-POS/vendor/laravel/framework/src/Illuminate/Pipeline/Pipeline.php(209): Illuminate/Routing/Middleware/SubstituteBindings->handle(Object(Illuminate/Http/Request), Object(Closure))
#22 D:/FREELANCE/NONA/BengkelKu-POS/vendor/laravel/framework/src/Illuminate/Auth/Middleware/Authenticate.php(64): Illuminate/Pipeline/Pipeline->Illuminate/Pipeline/{closure}(Object(Illuminate/Http/Request))
#23 D:/FREELANCE/NONA/BengkelKu-POS/vendor/laravel/framework/src/Illuminate/Pipeline/Pipeline.php(209): Illuminate/Auth/Middleware/Authenticate->handle(Object(Illuminate/Http/Request), Object(Closure))
#24 D:/FREELANCE/NONA/BengkelKu-POS/vendor/laravel/framework/src/Illuminate/Foundation/Http/Middleware/VerifyCsrfToken.php(88): Illuminate/Pipeline/Pipeline->Illuminate/Pipeline/{closure}(Object(Illuminate/Http/Request))
#25 D:/FREELANCE/NONA/BengkelKu-POS/vendor/laravel/framework/src/Illuminate/Pipeline/Pipeline.php(209): Illuminate/Foundation/Http/Middleware/VerifyCsrfToken->handle(Object(Illuminate/Http/Request), Object(Closure))
#26 D:/FREELANCE/NONA/BengkelKu-POS/vendor/laravel/framework/src/Illuminate/View/Middleware/ShareErrorsFromSession.php(49): Illuminate/Pipeline/Pipeline->Illuminate/Pipeline/{closure}(Object(Illuminate/Http/Request))
#27 D:/FREELANCE/NONA/BengkelKu-POS/vendor/laravel/framework/src/Illuminate/Pipeline/Pipeline.php(209): Illuminate/View/Middleware/ShareErrorsFromSession->handle(Object(Illuminate/Http/Request), Object(Closure))
#28 D:/FREELANCE/NONA/BengkelKu-POS/vendor/laravel/framework/src/Illuminate/Session/Middleware/StartSession.php(121): Illuminate/Pipeline/Pipeline->Illuminate/Pipeline/{closure}(Object(Illuminate/Http/Request))
#29 D:/FREELANCE/NONA/BengkelKu-POS/vendor/laravel/framework/src/Illuminate/Session/Middleware/StartSession.php(64): Illuminate/Session/Middleware/StartSession->handleStatefulRequest(Object(Illuminate/Http/Request), Object(Illuminate/Session/Store), Object(Closure))
#30 D:/FREELANCE/NONA/BengkelKu-POS/vendor/laravel/framework/src/Illuminate/Pipeline/Pipeline.php(209): Illuminate/Session/Middleware/StartSession->handle(Object(Illuminate/Http/Request), Object(Closure))
#31 D:/FREELANCE/NONA/BengkelKu-POS/vendor/laravel/framework/src/Illuminate/Cookie/Middleware/AddQueuedCookiesToResponse.php(37): Illuminate/Pipeline/Pipeline->Illuminate/Pipeline/{closure}(Object(Illuminate/Http/Request))
#32 D:/FREELANCE/NONA/BengkelKu-POS/vendor/laravel/framework/src/Illuminate/Pipeline/Pipeline.php(209): Illuminate/Cookie/Middleware/AddQueuedCookiesToResponse->handle(Object(Illuminate/Http/Request), Object(Closure))
#33 D:/FREELANCE/NONA/BengkelKu-POS/vendor/laravel/framework/src/Illuminate/Cookie/Middleware/EncryptCookies.php(75): Illuminate/Pipeline/Pipeline->Illuminate/Pipeline/{closure}(Object(Illuminate/Http/Request))
#34 D:/FREELANCE/NONA/BengkelKu-POS/vendor/laravel/framework/src/Illuminate/Pipeline/Pipeline.php(209): Illuminate/Cookie/Middleware/EncryptCookies->handle(Object(Illuminate/Http/Request), Object(Closure))
#35 D:/FREELANCE/NONA/BengkelKu-POS/vendor/laravel/framework/src/Illuminate/Pipeline/Pipeline.php(127): Illuminate/Pipeline/Pipeline->Illuminate/Pipeline/{closure}(Object(Illuminate/Http/Request))
#36 D:/FREELANCE/NONA/BengkelKu-POS/vendor/laravel/framework/src/Illuminate/Routing/Router.php(807): Illuminate/Pipeline/Pipeline->then(Object(Closure))
#37 D:/FREELANCE/NONA/BengkelKu-POS/vendor/laravel/framework/src/Illuminate/Routing/Router.php(786): Illuminate/Routing/Router->runRouteWithinStack(Object(Illuminate/Routing/Route), Object(Illuminate/Http/Request))
#38 D:/FREELANCE/NONA/BengkelKu-POS/vendor/laravel/framework/src/Illuminate/Routing/Router.php(750): Illuminate/Routing/Router->runRoute(Object(Illuminate/Http/Request), Object(Illuminate/Routing/Route))
#39 D:/FREELANCE/NONA/BengkelKu-POS/vendor/laravel/framework/src/Illuminate/Routing/Router.php(739): Illuminate/Routing/Router->dispatchToRoute(Object(Illuminate/Http/Request))
#40 D:/FREELANCE/NONA/BengkelKu-POS/vendor/laravel/framework/src/Illuminate/Foundation/Http/Kernel.php(201): Illuminate/Routing/Router->dispatch(Object(Illuminate/Http/Request))
#41 D:/FREELANCE/NONA/BengkelKu-POS/vendor/laravel/framework/src/Illuminate/Pipeline/Pipeline.php(170): Illuminate/Foundation/Http/Kernel->Illuminate/Foundation/Http/{closure}(Object(Illuminate/Http/Request))
#42 D:/FREELANCE/NONA/BengkelKu-POS/vendor/livewire/livewire/src/Features/SupportDisablingBackButtonCache/DisableBackButtonCacheMiddleware.php(19): Illuminate/Pipeline/Pipeline->Illuminate/Pipeline/{closure}(Object(Illuminate/Http/Request))
#43 D:/FREELANCE/NONA/BengkelKu-POS/vendor/laravel/framework/src/Illuminate/Pipeline/Pipeline.php(209): Livewire/Features/SupportDisablingBackButtonCache/DisableBackButtonCacheMiddleware->handle(Object(Illuminate/Http/Request), Object(Closure))
#44 D:/FREELANCE/NONA/BengkelKu-POS/vendor/laravel/framework/src/Illuminate/Foundation/Http/Middleware/TransformsRequest.php(21): Illuminate/Pipeline/Pipeline->Illuminate/Pipeline/{closure}(Object(Illuminate/Http/Request))
#45 D:/FREELANCE/NONA/BengkelKu-POS/vendor/laravel/framework/src/Illuminate/Foundation/Http/Middleware/ConvertEmptyStringsToNull.php(31): Illuminate/Foundation/Http/Middleware/TransformsRequest->handle(Object(Illuminate/Http/Request), Object(Closure))
#46 D:/FREELANCE/NONA/BengkelKu-POS/vendor/laravel/framework/src/Illuminate/Pipeline/Pipeline.php(209): Illuminate/Foundation/Http/Middleware/ConvertEmptyStringsToNull->handle(Object(Illuminate/Http/Request), Object(Closure))
#47 D:/FREELANCE/NONA/BengkelKu-POS/vendor/laravel/framework/src/Illuminate/Foundation/Http/Middleware/TransformsRequest.php(21): Illuminate/Pipeline/Pipeline->Illuminate/Pipeline/{closure}(Object(Illuminate/Http/Request))
#48 D:/FREELANCE/NONA/BengkelKu-POS/vendor/laravel/framework/src/Illuminate/Foundation/Http/Middleware/TrimStrings.php(51): Illuminate/Foundation/Http/Middleware/TransformsRequest->handle(Object(Illuminate/Http/Request), Object(Closure))
#49 D:/FREELANCE/NONA/BengkelKu-POS/vendor/laravel/framework/src/Illuminate/Pipeline/Pipeline.php(209): Illuminate/Foundation/Http/Middleware/TrimStrings->handle(Object(Illuminate/Http/Request), Object(Closure))
#50 D:/FREELANCE/NONA/BengkelKu-POS/vendor/laravel/framework/src/Illuminate/Http/Middleware/ValidatePostSize.php(27): Illuminate/Pipeline/Pipeline->Illuminate/Pipeline/{closure}(Object(Illuminate/Http/Request))
#51 D:/FREELANCE/NONA/BengkelKu-POS/vendor/laravel/framework/src/Illuminate/Pipeline/Pipeline.php(209): Illuminate/Http/Middleware/ValidatePostSize->handle(Object(Illuminate/Http/Request), Object(Closure))
#52 D:/FREELANCE/NONA/BengkelKu-POS/vendor/laravel/framework/src/Illuminate/Foundation/Http/Middleware/PreventRequestsDuringMaintenance.php(110): Illuminate/Pipeline/Pipeline->Illuminate/Pipeline/{closure}(Object(Illuminate/Http/Request))
#53 D:/FREELANCE/NONA/BengkelKu-POS/vendor/laravel/framework/src/Illuminate/Pipeline/Pipeline.php(209): Illuminate/Foundation/Http/Middleware/PreventRequestsDuringMaintenance->handle(Object(Illuminate/Http/Request), Object(Closure))
#54 D:/FREELANCE/NONA/BengkelKu-POS/vendor/laravel/framework/src/Illuminate/Http/Middleware/HandleCors.php(49): Illuminate/Pipeline/Pipeline->Illuminate/Pipeline/{closure}(Object(Illuminate/Http/Request))
#55 D:/FREELANCE/NONA/BengkelKu-POS/vendor/laravel/framework/src/Illuminate/Pipeline/Pipeline.php(209): Illuminate/Http/Middleware/HandleCors->handle(Object(Illuminate/Http/Request), Object(Closure))
#56 D:/FREELANCE/NONA/BengkelKu-POS/vendor/laravel/framework/src/Illuminate/Http/Middleware/TrustProxies.php(58): Illuminate/Pipeline/Pipeline->Illuminate/Pipeline/{closure}(Object(Illuminate/Http/Request))
#57 D:/FREELANCE/NONA/BengkelKu-POS/vendor/laravel/framework/src/Illuminate/Pipeline/Pipeline.php(209): Illuminate/Http/Middleware/TrustProxies->handle(Object(Illuminate/Http/Request), Object(Closure))
#58 D:/FREELANCE/NONA/BengkelKu-POS/vendor/laravel/framework/src/Illuminate/Foundation/Http/Middleware/InvokeDeferredCallbacks.php(22): Illuminate/Pipeline/Pipeline->Illuminate/Pipeline/{closure}(Object(Illuminate/Http/Request))
#59 D:/FREELANCE/NONA/BengkelKu-POS/vendor/laravel/framework/src/Illuminate/Pipeline/Pipeline.php(209): Illuminate/Foundation/Http/Middleware/InvokeDeferredCallbacks->handle(Object(Illuminate/Http/Request), Object(Closure))
#60 D:/FREELANCE/NONA/BengkelKu-POS/vendor/laravel/framework/src/Illuminate/Pipeline/Pipeline.php(127): Illuminate/Pipeline/Pipeline->Illuminate/Pipeline/{closure}(Object(Illuminate/Http/Request))
#61 D:/FREELANCE/NONA/BengkelKu-POS/vendor/laravel/framework/src/Illuminate/Foundation/Http/Kernel.php(176): Illuminate/Pipeline/Pipeline->then(Object(Closure))
#62 D:/FREELANCE/NONA/BengkelKu-POS/vendor/laravel/framework/src/Illuminate/Foundation/Http/Kernel.php(145): Illuminate/Foundation/Http/Kernel->sendRequestThroughRouter(Object(Illuminate/Http/Request))
#63 D:/FREELANCE/NONA/BengkelKu-POS/public/index.php(19): Illuminate/Foundation/Http/Kernel->handle(Object(Illuminate/Http/Request))
#64 D:/FREELANCE/NONA/BengkelKu-POS/vendor/laravel/framework/src/Illuminate/Foundation/resources/server.php(23): require_once('D://FREELANCE//NO...')
#65 {main}

[previous exception] [object] (ErrorException(code: 0): Undefined variable $activeWoCount at D:/FREELANCE/NONA/BengkelKu-POS/storage/framework/views/5267b311f0a68ba1c3b4e74a6e746c89.php:12)
[stacktrace]
#0 D:/FREELANCE/NONA/BengkelKu-POS/vendor/laravel/framework/src/Illuminate/Foundation/Bootstrap/HandleExceptions.php(258): Illuminate/Foundation/Bootstrap/HandleExceptions->handleError(2, 'Undefined varia...', 'D://FREELANCE//NO...', 12)
#1 D:/FREELANCE/NONA/BengkelKu-POS/storage/framework/views/5267b311f0a68ba1c3b4e74a6e746c89.php(12): Illuminate/Foundation/Bootstrap/HandleExceptions->Illuminate/Foundation/Bootstrap/{closure}(2, 'Undefined varia...', 'D://FREELANCE//NO...', 12)
#2 D:/FREELANCE/NONA/BengkelKu-POS/vendor/livewire/livewire/src/Mechanisms/ExtendBlade/ExtendedCompilerEngine.php(37): include('D://FREELANCE//NO...')
#3 D:/FREELANCE/NONA/BengkelKu-POS/vendor/livewire/livewire/src/Mechanisms/ExtendBlade/ExtendedCompilerEngine.php(38): App/Livewire/MobileMechanic/Home->Livewire/Mechanisms/ExtendBlade/{closure}()
#4 D:/FREELANCE/NONA/BengkelKu-POS/vendor/laravel/framework/src/Illuminate/View/Engines/CompilerEngine.php(75): Livewire/Mechanisms/ExtendBlade/ExtendedCompilerEngine->evaluatePath('D://FREELANCE//NO...', Array)
#5 D:/FREELANCE/NONA/BengkelKu-POS/vendor/livewire/livewire/src/Mechanisms/ExtendBlade/ExtendedCompilerEngine.php(16): Illuminate/View/Engines/CompilerEngine->get('D://FREELANCE//NO...', Array)
#6 D:/FREELANCE/NONA/BengkelKu-POS/vendor/laravel/framework/src/Illuminate/View/View.php(209): Livewire/Mechanisms/ExtendBlade/ExtendedCompilerEngine->get('D://FREELANCE//NO...', Array)
#7 D:/FREELANCE/NONA/BengkelKu-POS/vendor/laravel/framework/src/Illuminate/View/View.php(192): Illuminate/View/View->getContents()
#8 D:/FREELANCE/NONA/BengkelKu-POS/vendor/laravel/framework/src/Illuminate/View/View.php(161): Illuminate/View/View->renderContents()
#9 D:/FREELANCE/NONA/BengkelKu-POS/vendor/livewire/livewire/src/Mechanisms/HandleComponents/HandleComponents.php(288): Illuminate/View/View->render(Object(Closure))
#10 D:/FREELANCE/NONA/BengkelKu-POS/vendor/livewire/livewire/src/Mechanisms/HandleComponents/HandleComponents.php(332): Livewire/Mechanisms/HandleComponents/HandleComponents->Livewire/Mechanisms/HandleComponents/{closure}()
#11 D:/FREELANCE/NONA/BengkelKu-POS/vendor/livewire/livewire/src/Mechanisms/HandleComponents/HandleComponents.php(280): Livewire/Mechanisms/HandleComponents/HandleComponents->trackInRenderStack(Object(App/Livewire/MobileMechanic/Home), Object(Closure))
#12 D:/FREELANCE/NONA/BengkelKu-POS/vendor/livewire/livewire/src/Mechanisms/HandleComponents/HandleComponents.php(54): Livewire/Mechanisms/HandleComponents/HandleComponents->render(Object(App/Livewire/MobileMechanic/Home), '<div></div>')
#13 D:/FREELANCE/NONA/BengkelKu-POS/vendor/livewire/livewire/src/LivewireManager.php(73): Livewire/Mechanisms/HandleComponents/HandleComponents->mount('App//Livewire//Mo...', Array, NULL)
#14 D:/FREELANCE/NONA/BengkelKu-POS/vendor/livewire/livewire/src/Features/SupportPageComponents/HandlesPageComponents.php(17): Livewire/LivewireManager->mount('App//Livewire//Mo...', Array)
#15 D:/FREELANCE/NONA/BengkelKu-POS/vendor/livewire/livewire/src/Features/SupportPageComponents/SupportPageComponents.php(117): Livewire/Component->Livewire/Features/SupportPageComponents/{closure}()
#16 D:/FREELANCE/NONA/BengkelKu-POS/vendor/livewire/livewire/src/Features/SupportPageComponents/HandlesPageComponents.php(14): Livewire/Features/SupportPageComponents/SupportPageComponents::interceptTheRenderOfTheComponentAndRetreiveTheLayoutConfiguration(Object(Closure))
#17 D:/FREELANCE/NONA/BengkelKu-POS/vendor/laravel/framework/src/Illuminate/Routing/ControllerDispatcher.php(47): Livewire/Component->__invoke()
#18 D:/FREELANCE/NONA/BengkelKu-POS/vendor/laravel/framework/src/Illuminate/Routing/Route.php(266): Illuminate/Routing/ControllerDispatcher->dispatch(Object(Illuminate/Routing/Route), Object(App/Livewire/MobileMechanic/Home), '__invoke')
#19 D:/FREELANCE/NONA/BengkelKu-POS/vendor/laravel/framework/src/Illuminate/Routing/Route.php(212): Illuminate/Routing/Route->runController()
#20 D:/FREELANCE/NONA/BengkelKu-POS/vendor/laravel/framework/src/Illuminate/Routing/Router.php(808): Illuminate/Routing/Route->run()
#21 D:/FREELANCE/NONA/BengkelKu-POS/vendor/laravel/framework/src/Illuminate/Pipeline/Pipeline.php(170): Illuminate/Routing/Router->Illuminate/Routing/{closure}(Object(Illuminate/Http/Request))
#22 D:/FREELANCE/NONA/BengkelKu-POS/vendor/laravel/framework/src/Illuminate/Routing/Middleware/SubstituteBindings.php(51): Illuminate/Pipeline/Pipeline->Illuminate/Pipeline/{closure}(Object(Illuminate/Http/Request))
#23 D:/FREELANCE/NONA/BengkelKu-POS/vendor/laravel/framework/src/Illuminate/Pipeline/Pipeline.php(209): Illuminate/Routing/Middleware/SubstituteBindings->handle(Object(Illuminate/Http/Request), Object(Closure))
#24 D:/FREELANCE/NONA/BengkelKu-POS/vendor/laravel/framework/src/Illuminate/Auth/Middleware/Authenticate.php(64): Illuminate/Pipeline/Pipeline->Illuminate/Pipeline/{closure}(Object(Illuminate/Http/Request))
#25 D:/FREELANCE/NONA/BengkelKu-POS/vendor/laravel/framework/src/Illuminate/Pipeline/Pipeline.php(209): Illuminate/Auth/Middleware/Authenticate->handle(Object(Illuminate/Http/Request), Object(Closure))
#26 D:/FREELANCE/NONA/BengkelKu-POS/vendor/laravel/framework/src/Illuminate/Foundation/Http/Middleware/VerifyCsrfToken.php(88): Illuminate/Pipeline/Pipeline->Illuminate/Pipeline/{closure}(Object(Illuminate/Http/Request))
#27 D:/FREELANCE/NONA/BengkelKu-POS/vendor/laravel/framework/src/Illuminate/Pipeline/Pipeline.php(209): Illuminate/Foundation/Http/Middleware/VerifyCsrfToken->handle(Object(Illuminate/Http/Request), Object(Closure))
#28 D:/FREELANCE/NONA/BengkelKu-POS/vendor/laravel/framework/src/Illuminate/View/Middleware/ShareErrorsFromSession.php(49): Illuminate/Pipeline/Pipeline->Illuminate/Pipeline/{closure}(Object(Illuminate/Http/Request))
#29 D:/FREELANCE/NONA/BengkelKu-POS/vendor/laravel/framework/src/Illuminate/Pipeline/Pipeline.php(209): Illuminate/View/Middleware/ShareErrorsFromSession->handle(Object(Illuminate/Http/Request), Object(Closure))
#30 D:/FREELANCE/NONA/BengkelKu-POS/vendor/laravel/framework/src/Illuminate/Session/Middleware/StartSession.php(121): Illuminate/Pipeline/Pipeline->Illuminate/Pipeline/{closure}(Object(Illuminate/Http/Request))
#31 D:/FREELANCE/NONA/BengkelKu-POS/vendor/laravel/framework/src/Illuminate/Session/Middleware/StartSession.php(64): Illuminate/Session/Middleware/StartSession->handleStatefulRequest(Object(Illuminate/Http/Request), Object(Illuminate/Session/Store), Object(Closure))
#32 D:/FREELANCE/NONA/BengkelKu-POS/vendor/laravel/framework/src/Illuminate/Pipeline/Pipeline.php(209): Illuminate/Session/Middleware/StartSession->handle(Object(Illuminate/Http/Request), Object(Closure))
#33 D:/FREELANCE/NONA/BengkelKu-POS/vendor/laravel/framework/src/Illuminate/Cookie/Middleware/AddQueuedCookiesToResponse.php(37): Illuminate/Pipeline/Pipeline->Illuminate/Pipeline/{closure}(Object(Illuminate/Http/Request))
#34 D:/FREELANCE/NONA/BengkelKu-POS/vendor/laravel/framework/src/Illuminate/Pipeline/Pipeline.php(209): Illuminate/Cookie/Middleware/AddQueuedCookiesToResponse->handle(Object(Illuminate/Http/Request), Object(Closure))
#35 D:/FREELANCE/NONA/BengkelKu-POS/vendor/laravel/framework/src/Illuminate/Cookie/Middleware/EncryptCookies.php(75): Illuminate/Pipeline/Pipeline->Illuminate/Pipeline/{closure}(Object(Illuminate/Http/Request))
#36 D:/FREELANCE/NONA/BengkelKu-POS/vendor/laravel/framework/src/Illuminate/Pipeline/Pipeline.php(209): Illuminate/Cookie/Middleware/EncryptCookies->handle(Object(Illuminate/Http/Request), Object(Closure))
#37 D:/FREELANCE/NONA/BengkelKu-POS/vendor/laravel/framework/src/Illuminate/Pipeline/Pipeline.php(127): Illuminate/Pipeline/Pipeline->Illuminate/Pipeline/{closure}(Object(Illuminate/Http/Request))
#38 D:/FREELANCE/NONA/BengkelKu-POS/vendor/laravel/framework/src/Illuminate/Routing/Router.php(807): Illuminate/Pipeline/Pipeline->then(Object(Closure))
#39 D:/FREELANCE/NONA/BengkelKu-POS/vendor/laravel/framework/src/Illuminate/Routing/Router.php(786): Illuminate/Routing/Router->runRouteWithinStack(Object(Illuminate/Routing/Route), Object(Illuminate/Http/Request))
#40 D:/FREELANCE/NONA/BengkelKu-POS/vendor/laravel/framework/src/Illuminate/Routing/Router.php(750): Illuminate/Routing/Router->runRoute(Object(Illuminate/Http/Request), Object(Illuminate/Routing/Route))
#41 D:/FREELANCE/NONA/BengkelKu-POS/vendor/laravel/framework/src/Illuminate/Routing/Router.php(739): Illuminate/Routing/Router->dispatchToRoute(Object(Illuminate/Http/Request))
#42 D:/FREELANCE/NONA/BengkelKu-POS/vendor/laravel/framework/src/Illuminate/Foundation/Http/Kernel.php(201): Illuminate/Routing/Router->dispatch(Object(Illuminate/Http/Request))
#43 D:/FREELANCE/NONA/BengkelKu-POS/vendor/laravel/framework/src/Illuminate/Pipeline/Pipeline.php(170): Illuminate/Foundation/Http/Kernel->Illuminate/Foundation/Http/{closure}(Object(Illuminate/Http/Request))
#44 D:/FREELANCE/NONA/BengkelKu-POS/vendor/livewire/livewire/src/Features/SupportDisablingBackButtonCache/DisableBackButtonCacheMiddleware.php(19): Illuminate/Pipeline/Pipeline->Illuminate/Pipeline/{closure}(Object(Illuminate/Http/Request))
#45 D:/FREELANCE/NONA/BengkelKu-POS/vendor/laravel/framework/src/Illuminate/Pipeline/Pipeline.php(209): Livewire/Features/SupportDisablingBackButtonCache/DisableBackButtonCacheMiddleware->handle(Object(Illuminate/Http/Request), Object(Closure))
#46 D:/FREELANCE/NONA/BengkelKu-POS/vendor/laravel/framework/src/Illuminate/Foundation/Http/Middleware/TransformsRequest.php(21): Illuminate/Pipeline/Pipeline->Illuminate/Pipeline/{closure}(Object(Illuminate/Http/Request))
#47 D:/FREELANCE/NONA/BengkelKu-POS/vendor/laravel/framework/src/Illuminate/Foundation/Http/Middleware/ConvertEmptyStringsToNull.php(31): Illuminate/Foundation/Http/Middleware/TransformsRequest->handle(Object(Illuminate/Http/Request), Object(Closure))
#48 D:/FREELANCE/NONA/BengkelKu-POS/vendor/laravel/framework/src/Illuminate/Pipeline/Pipeline.php(209): Illuminate/Foundation/Http/Middleware/ConvertEmptyStringsToNull->handle(Object(Illuminate/Http/Request), Object(Closure))
#49 D:/FREELANCE/NONA/BengkelKu-POS/vendor/laravel/framework/src/Illuminate/Foundation/Http/Middleware/TransformsRequest.php(21): Illuminate/Pipeline/Pipeline->Illuminate/Pipeline/{closure}(Object(Illuminate/Http/Request))
#50 D:/FREELANCE/NONA/BengkelKu-POS/vendor/laravel/framework/src/Illuminate/Foundation/Http/Middleware/TrimStrings.php(51): Illuminate/Foundation/Http/Middleware/TransformsRequest->handle(Object(Illuminate/Http/Request), Object(Closure))
#51 D:/FREELANCE/NONA/BengkelKu-POS/vendor/laravel/framework/src/Illuminate/Pipeline/Pipeline.php(209): Illuminate/Foundation/Http/Middleware/TrimStrings->handle(Object(Illuminate/Http/Request), Object(Closure))
#52 D:/FREELANCE/NONA/BengkelKu-POS/vendor/laravel/framework/src/Illuminate/Http/Middleware/ValidatePostSize.php(27): Illuminate/Pipeline/Pipeline->Illuminate/Pipeline/{closure}(Object(Illuminate/Http/Request))
#53 D:/FREELANCE/NONA/BengkelKu-POS/vendor/laravel/framework/src/Illuminate/Pipeline/Pipeline.php(209): Illuminate/Http/Middleware/ValidatePostSize->handle(Object(Illuminate/Http/Request), Object(Closure))
#54 D:/FREELANCE/NONA/BengkelKu-POS/vendor/laravel/framework/src/Illuminate/Foundation/Http/Middleware/PreventRequestsDuringMaintenance.php(110): Illuminate/Pipeline/Pipeline->Illuminate/Pipeline/{closure}(Object(Illuminate/Http/Request))
#55 D:/FREELANCE/NONA/BengkelKu-POS/vendor/laravel/framework/src/Illuminate/Pipeline/Pipeline.php(209): Illuminate/Foundation/Http/Middleware/PreventRequestsDuringMaintenance->handle(Object(Illuminate/Http/Request), Object(Closure))
#56 D:/FREELANCE/NONA/BengkelKu-POS/vendor/laravel/framework/src/Illuminate/Http/Middleware/HandleCors.php(49): Illuminate/Pipeline/Pipeline->Illuminate/Pipeline/{closure}(Object(Illuminate/Http/Request))
#57 D:/FREELANCE/NONA/BengkelKu-POS/vendor/laravel/framework/src/Illuminate/Pipeline/Pipeline.php(209): Illuminate/Http/Middleware/HandleCors->handle(Object(Illuminate/Http/Request), Object(Closure))
#58 D:/FREELANCE/NONA/BengkelKu-POS/vendor/laravel/framework/src/Illuminate/Http/Middleware/TrustProxies.php(58): Illuminate/Pipeline/Pipeline->Illuminate/Pipeline/{closure}(Object(Illuminate/Http/Request))
#59 D:/FREELANCE/NONA/BengkelKu-POS/vendor/laravel/framework/src/Illuminate/Pipeline/Pipeline.php(209): Illuminate/Http/Middleware/TrustProxies->handle(Object(Illuminate/Http/Request), Object(Closure))
#60 D:/FREELANCE/NONA/BengkelKu-POS/vendor/laravel/framework/src/Illuminate/Foundation/Http/Middleware/InvokeDeferredCallbacks.php(22): Illuminate/Pipeline/Pipeline->Illuminate/Pipeline/{closure}(Object(Illuminate/Http/Request))
#61 D:/FREELANCE/NONA/BengkelKu-POS/vendor/laravel/framework/src/Illuminate/Pipeline/Pipeline.php(209): Illuminate/Foundation/Http/Middleware/InvokeDeferredCallbacks->handle(Object(Illuminate/Http/Request), Object(Closure))
#62 D:/FREELANCE/NONA/BengkelKu-POS/vendor/laravel/framework/src/Illuminate/Pipeline/Pipeline.php(127): Illuminate/Pipeline/Pipeline->Illuminate/Pipeline/{closure}(Object(Illuminate/Http/Request))
#63 D:/FREELANCE/NONA/BengkelKu-POS/vendor/laravel/framework/src/Illuminate/Foundation/Http/Kernel.php(176): Illuminate/Pipeline/Pipeline->then(Object(Closure))
#64 D:/FREELANCE/NONA/BengkelKu-POS/vendor/laravel/framework/src/Illuminate/Foundation/Http/Kernel.php(145): Illuminate/Foundation/Http/Kernel->sendRequestThroughRouter(Object(Illuminate/Http/Request))
#65 D:/FREELANCE/NONA/BengkelKu-POS/public/index.php(19): Illuminate/Foundation/Http/Kernel->handle(Object(Illuminate/Http/Request))
#66 D:/FREELANCE/NONA/BengkelKu-POS/vendor/laravel/framework/src/Illuminate/Foundation/resources/server.php(23): require_once('D://FREELANCE//NO...')
#67 {main}
"} 
[2026-08-31 11:51:54] local.ERROR: Undefined variable $foundProduct (View: D:\FREELANCE\NONA\BengkelKu-POS\resources\views\livewire\mobile\scanner.blade.php) {"userId":"a2a12424-3bbe-4cb5-b0d9-5e931f25e6ec","exception":"[object] (Illuminate\\View\\ViewException(code: 0): Undefined variable $foundProduct (View: D:\\FREELANCE\\NONA\\BengkelKu-POS\\resources\\views\\livewire\\mobile\\scanner.blade.php) at D:/FREELANCE/NONA/BengkelKu-POS/storage/framework/views/80e5af808b527f169e9fff0cd71cd4a5.php:51)
[stacktrace]
#0 D:/FREELANCE/NONA/BengkelKu-POS/vendor/livewire/livewire/src/Mechanisms/ExtendBlade/ExtendedCompilerEngine.php(58): Illuminate/View/Engines/CompilerEngine->handleViewException(Object(ErrorException), 1)
#1 D:/FREELANCE/NONA/BengkelKu-POS/vendor/livewire/livewire/src/Mechanisms/ExtendBlade/ExtendedCompilerEngine.php(40): Livewire/Mechanisms/ExtendBlade/ExtendedCompilerEngine->handleViewException(Object(ErrorException), 1)
#2 D:/FREELANCE/NONA/BengkelKu-POS/vendor/laravel/framework/src/Illuminate/View/Engines/CompilerEngine.php(75): Livewire/Mechanisms/ExtendBlade/ExtendedCompilerEngine->evaluatePath('D://FREELANCE//NO...', Array)
#3 D:/FREELANCE/NONA/BengkelKu-POS/vendor/livewire/livewire/src/Mechanisms/ExtendBlade/ExtendedCompilerEngine.php(16): Illuminate/View/Engines/CompilerEngine->get('D://FREELANCE//NO...', Array)
#4 D:/FREELANCE/NONA/BengkelKu-POS/vendor/laravel/framework/src/Illuminate/View/View.php(209): Livewire/Mechanisms/ExtendBlade/ExtendedCompilerEngine->get('D://FREELANCE//NO...', Array)
#5 D:/FREELANCE/NONA/BengkelKu-POS/vendor/laravel/framework/src/Illuminate/View/View.php(192): Illuminate/View/View->getContents()
#6 D:/FREELANCE/NONA/BengkelKu-POS/vendor/laravel/framework/src/Illuminate/View/View.php(161): Illuminate/View/View->renderContents()
#7 D:/FREELANCE/NONA/BengkelKu-POS/vendor/livewire/livewire/src/Mechanisms/HandleComponents/HandleComponents.php(288): Illuminate/View/View->render(Object(Closure))
#8 D:/FREELANCE/NONA/BengkelKu-POS/vendor/livewire/livewire/src/Mechanisms/HandleComponents/HandleComponents.php(332): Livewire/Mechanisms/HandleComponents/HandleComponents->Livewire/Mechanisms/HandleComponents/{closure}()
#9 D:/FREELANCE/NONA/BengkelKu-POS/vendor/livewire/livewire/src/Mechanisms/HandleComponents/HandleComponents.php(280): Livewire/Mechanisms/HandleComponents/HandleComponents->trackInRenderStack(Object(App/Livewire/MobileMechanic/Scanner), Object(Closure))
#10 D:/FREELANCE/NONA/BengkelKu-POS/vendor/livewire/livewire/src/Mechanisms/HandleComponents/HandleComponents.php(127): Livewire/Mechanisms/HandleComponents/HandleComponents->render(Object(App/Livewire/MobileMechanic/Scanner))
#11 D:/FREELANCE/NONA/BengkelKu-POS/vendor/livewire/livewire/src/LivewireManager.php(102): Livewire/Mechanisms/HandleComponents/HandleComponents->update(Array, Array, Array)
#12 D:/FREELANCE/NONA/BengkelKu-POS/vendor/livewire/livewire/src/Mechanisms/HandleRequests/HandleRequests.php(144): Livewire/LivewireManager->update(Array, Array, Array)
#13 D:/FREELANCE/NONA/BengkelKu-POS/vendor/laravel/framework/src/Illuminate/Routing/ControllerDispatcher.php(47): Livewire/Mechanisms/HandleRequests/HandleRequests->handleUpdate()
#14 D:/FREELANCE/NONA/BengkelKu-POS/vendor/laravel/framework/src/Illuminate/Routing/Route.php(266): Illuminate/Routing/ControllerDispatcher->dispatch(Object(Illuminate/Routing/Route), Object(Livewire/Mechanisms/HandleRequests/HandleRequests), 'handleUpdate')
#15 D:/FREELANCE/NONA/BengkelKu-POS/vendor/laravel/framework/src/Illuminate/Routing/Route.php(212): Illuminate/Routing/Route->runController()
#16 D:/FREELANCE/NONA/BengkelKu-POS/vendor/laravel/framework/src/Illuminate/Routing/Router.php(808): Illuminate/Routing/Route->run()
#17 D:/FREELANCE/NONA/BengkelKu-POS/vendor/laravel/framework/src/Illuminate/Pipeline/Pipeline.php(170): Illuminate/Routing/Router->Illuminate/Routing/{closure}(Object(Illuminate/Http/Request))
#18 D:/FREELANCE/NONA/BengkelKu-POS/vendor/laravel/framework/src/Illuminate/Routing/Middleware/SubstituteBindings.php(51): Illuminate/Pipeline/Pipeline->Illuminate/Pipeline/{closure}(Object(Illuminate/Http/Request))
#19 D:/FREELANCE/NONA/BengkelKu-POS/vendor/laravel/framework/src/Illuminate/Pipeline/Pipeline.php(209): Illuminate/Routing/Middleware/SubstituteBindings->handle(Object(Illuminate/Http/Request), Object(Closure))
#20 D:/FREELANCE/NONA/BengkelKu-POS/vendor/laravel/framework/src/Illuminate/Foundation/Http/Middleware/VerifyCsrfToken.php(88): Illuminate/Pipeline/Pipeline->Illuminate/Pipeline/{closure}(Object(Illuminate/Http/Request))
#21 D:/FREELANCE/NONA/BengkelKu-POS/vendor/laravel/framework/src/Illuminate/Pipeline/Pipeline.php(209): Illuminate/Foundation/Http/Middleware/VerifyCsrfToken->handle(Object(Illuminate/Http/Request), Object(Closure))
#22 D:/FREELANCE/NONA/BengkelKu-POS/vendor/laravel/framework/src/Illuminate/View/Middleware/ShareErrorsFromSession.php(49): Illuminate/Pipeline/Pipeline->Illuminate/Pipeline/{closure}(Object(Illuminate/Http/Request))
#23 D:/FREELANCE/NONA/BengkelKu-POS/vendor/laravel/framework/src/Illuminate/Pipeline/Pipeline.php(209): Illuminate/View/Middleware/ShareErrorsFromSession->handle(Object(Illuminate/Http/Request), Object(Closure))
#24 D:/FREELANCE/NONA/BengkelKu-POS/vendor/laravel/framework/src/Illuminate/Session/Middleware/StartSession.php(121): Illuminate/Pipeline/Pipeline->Illuminate/Pipeline/{closure}(Object(Illuminate/Http/Request))
#25 D:/FREELANCE/NONA/BengkelKu-POS/vendor/laravel/framework/src/Illuminate/Session/Middleware/StartSession.php(64): Illuminate/Session/Middleware/StartSession->handleStatefulRequest(Object(Illuminate/Http/Request), Object(Illuminate/Session/Store), Object(Closure))
#26 D:/FREELANCE/NONA/BengkelKu-POS/vendor/laravel/framework/src/Illuminate/Pipeline/Pipeline.php(209): Illuminate/Session/Middleware/StartSession->handle(Object(Illuminate/Http/Request), Object(Closure))
#27 D:/FREELANCE/NONA/BengkelKu-POS/vendor/laravel/framework/src/Illuminate/Cookie/Middleware/AddQueuedCookiesToResponse.php(37): Illuminate/Pipeline/Pipeline->Illuminate/Pipeline/{closure}(Object(Illuminate/Http/Request))
#28 D:/FREELANCE/NONA/BengkelKu-POS/vendor/laravel/framework/src/Illuminate/Pipeline/Pipeline.php(209): Illuminate/Cookie/Middleware/AddQueuedCookiesToResponse->handle(Object(Illuminate/Http/Request), Object(Closure))
#29 D:/FREELANCE/NONA/BengkelKu-POS/vendor/laravel/framework/src/Illuminate/Cookie/Middleware/EncryptCookies.php(75): Illuminate/Pipeline/Pipeline->Illuminate/Pipeline/{closure}(Object(Illuminate/Http/Request))
#30 D:/FREELANCE/NONA/BengkelKu-POS/vendor/laravel/framework/src/Illuminate/Pipeline/Pipeline.php(209): Illuminate/Cookie/Middleware/EncryptCookies->handle(Object(Illuminate/Http/Request), Object(Closure))
#31 D:/FREELANCE/NONA/BengkelKu-POS/vendor/laravel/framework/src/Illuminate/Pipeline/Pipeline.php(127): Illuminate/Pipeline/Pipeline->Illuminate/Pipeline/{closure}(Object(Illuminate/Http/Request))
#32 D:/FREELANCE/NONA/BengkelKu-POS/vendor/laravel/framework/src/Illuminate/Routing/Router.php(807): Illuminate/Pipeline/Pipeline->then(Object(Closure))
#33 D:/FREELANCE/NONA/BengkelKu-POS/vendor/laravel/framework/src/Illuminate/Routing/Router.php(786): Illuminate/Routing/Router->runRouteWithinStack(Object(Illuminate/Routing/Route), Object(Illuminate/Http/Request))
#34 D:/FREELANCE/NONA/BengkelKu-POS/vendor/laravel/framework/src/Illuminate/Routing/Router.php(750): Illuminate/Routing/Router->runRoute(Object(Illuminate/Http/Request), Object(Illuminate/Routing/Route))
#35 D:/FREELANCE/NONA/BengkelKu-POS/vendor/laravel/framework/src/Illuminate/Routing/Router.php(739): Illuminate/Routing/Router->dispatchToRoute(Object(Illuminate/Http/Request))
#36 D:/FREELANCE/NONA/BengkelKu-POS/vendor/laravel/framework/src/Illuminate/Foundation/Http/Kernel.php(201): Illuminate/Routing/Router->dispatch(Object(Illuminate/Http/Request))
#37 D:/FREELANCE/NONA/BengkelKu-POS/vendor/laravel/framework/src/Illuminate/Pipeline/Pipeline.php(170): Illuminate/Foundation/Http/Kernel->Illuminate/Foundation/Http/{closure}(Object(Illuminate/Http/Request))
#38 D:/FREELANCE/NONA/BengkelKu-POS/vendor/livewire/livewire/src/Features/SupportDisablingBackButtonCache/DisableBackButtonCacheMiddleware.php(19): Illuminate/Pipeline/Pipeline->Illuminate/Pipeline/{closure}(Object(Illuminate/Http/Request))
#39 D:/FREELANCE/NONA/BengkelKu-POS/vendor/laravel/framework/src/Illuminate/Pipeline/Pipeline.php(209): Livewire/Features/SupportDisablingBackButtonCache/DisableBackButtonCacheMiddleware->handle(Object(Illuminate/Http/Request), Object(Closure))
#40 D:/FREELANCE/NONA/BengkelKu-POS/vendor/laravel/framework/src/Illuminate/Foundation/Http/Middleware/ConvertEmptyStringsToNull.php(27): Illuminate/Pipeline/Pipeline->Illuminate/Pipeline/{closure}(Object(Illuminate/Http/Request))
#41 D:/FREELANCE/NONA/BengkelKu-POS/vendor/laravel/framework/src/Illuminate/Pipeline/Pipeline.php(209): Illuminate/Foundation/Http/Middleware/ConvertEmptyStringsToNull->handle(Object(Illuminate/Http/Request), Object(Closure))
#42 D:/FREELANCE/NONA/BengkelKu-POS/vendor/laravel/framework/src/Illuminate/Foundation/Http/Middleware/TrimStrings.php(47): Illuminate/Pipeline/Pipeline->Illuminate/Pipeline/{closure}(Object(Illuminate/Http/Request))
#43 D:/FREELANCE/NONA/BengkelKu-POS/vendor/laravel/framework/src/Illuminate/Pipeline/Pipeline.php(209): Illuminate/Foundation/Http/Middleware/TrimStrings->handle(Object(Illuminate/Http/Request), Object(Closure))
#44 D:/FREELANCE/NONA/BengkelKu-POS/vendor/laravel/framework/src/Illuminate/Http/Middleware/ValidatePostSize.php(27): Illuminate/Pipeline/Pipeline->Illuminate/Pipeline/{closure}(Object(Illuminate/Http/Request))
#45 D:/FREELANCE/NONA/BengkelKu-POS/vendor/laravel/framework/src/Illuminate/Pipeline/Pipeline.php(209): Illuminate/Http/Middleware/ValidatePostSize->handle(Object(Illuminate/Http/Request), Object(Closure))
#46 D:/FREELANCE/NONA/BengkelKu-POS/vendor/laravel/framework/src/Illuminate/Foundation/Http/Middleware/PreventRequestsDuringMaintenance.php(110): Illuminate/Pipeline/Pipeline->Illuminate/Pipeline/{closure}(Object(Illuminate/Http/Request))
#47 D:/FREELANCE/NONA/BengkelKu-POS/vendor/laravel/framework/src/Illuminate/Pipeline/Pipeline.php(209): Illuminate/Foundation/Http/Middleware/PreventRequestsDuringMaintenance->handle(Object(Illuminate/Http/Request), Object(Closure))
#48 D:/FREELANCE/NONA/BengkelKu-POS/vendor/laravel/framework/src/Illuminate/Http/Middleware/HandleCors.php(49): Illuminate/Pipeline/Pipeline->Illuminate/Pipeline/{closure}(Object(Illuminate/Http/Request))
#49 D:/FREELANCE/NONA/BengkelKu-POS/vendor/laravel/framework/src/Illuminate/Pipeline/Pipeline.php(209): Illuminate/Http/Middleware/HandleCors->handle(Object(Illuminate/Http/Request), Object(Closure))
#50 D:/FREELANCE/NONA/BengkelKu-POS/vendor/laravel/framework/src/Illuminate/Http/Middleware/TrustProxies.php(58): Illuminate/Pipeline/Pipeline->Illuminate/Pipeline/{closure}(Object(Illuminate/Http/Request))
#51 D:/FREELANCE/NONA/BengkelKu-POS/vendor/laravel/framework/src/Illuminate/Pipeline/Pipeline.php(209): Illuminate/Http/Middleware/TrustProxies->handle(Object(Illuminate/Http/Request), Object(Closure))
#52 D:/FREELANCE/NONA/BengkelKu-POS/vendor/laravel/framework/src/Illuminate/Foundation/Http/Middleware/InvokeDeferredCallbacks.php(22): Illuminate/Pipeline/Pipeline->Illuminate/Pipeline/{closure}(Object(Illuminate/Http/Request))
#53 D:/FREELANCE/NONA/BengkelKu-POS/vendor/laravel/framework/src/Illuminate/Pipeline/Pipeline.php(209): Illuminate/Foundation/Http/Middleware/InvokeDeferredCallbacks->handle(Object(Illuminate/Http/Request), Object(Closure))
#54 D:/FREELANCE/NONA/BengkelKu-POS/vendor/laravel/framework/src/Illuminate/Pipeline/Pipeline.php(127): Illuminate/Pipeline/Pipeline->Illuminate/Pipeline/{closure}(Object(Illuminate/Http/Request))
#55 D:/FREELANCE/NONA/BengkelKu-POS/vendor/laravel/framework/src/Illuminate/Foundation/Http/Kernel.php(176): Illuminate/Pipeline/Pipeline->then(Object(Closure))
#56 D:/FREELANCE/NONA/BengkelKu-POS/vendor/laravel/framework/src/Illuminate/Foundation/Http/Kernel.php(145): Illuminate/Foundation/Http/Kernel->sendRequestThroughRouter(Object(Illuminate/Http/Request))
#57 D:/FREELANCE/NONA/BengkelKu-POS/public/index.php(19): Illuminate/Foundation/Http/Kernel->handle(Object(Illuminate/Http/Request))
#58 D:/FREELANCE/NONA/BengkelKu-POS/vendor/laravel/framework/src/Illuminate/Foundation/resources/server.php(23): require_once('D://FREELANCE//NO...')
#59 {main}

[previous exception] [object] (ErrorException(code: 0): Undefined variable $foundProduct at D:/FREELANCE/NONA/BengkelKu-POS/storage/framework/views/80e5af808b527f169e9fff0cd71cd4a5.php:51)
[stacktrace]
#0 D:/FREELANCE/NONA/BengkelKu-POS/vendor/laravel/framework/src/Illuminate/Foundation/Bootstrap/HandleExceptions.php(258): Illuminate/Foundation/Bootstrap/HandleExceptions->handleError(2, 'Undefined varia...', 'D://FREELANCE//NO...', 51)
#1 D:/FREELANCE/NONA/BengkelKu-POS/storage/framework/views/80e5af808b527f169e9fff0cd71cd4a5.php(51): Illuminate/Foundation/Bootstrap/HandleExceptions->Illuminate/Foundation/Bootstrap/{closure}(2, 'Undefined varia...', 'D://FREELANCE//NO...', 51)
#2 D:/FREELANCE/NONA/BengkelKu-POS/vendor/livewire/livewire/src/Mechanisms/ExtendBlade/ExtendedCompilerEngine.php(37): include('D://FREELANCE//NO...')
#3 D:/FREELANCE/NONA/BengkelKu-POS/vendor/livewire/livewire/src/Mechanisms/ExtendBlade/ExtendedCompilerEngine.php(38): App/Livewire/MobileMechanic/Scanner->Livewire/Mechanisms/ExtendBlade/{closure}()
#4 D:/FREELANCE/NONA/BengkelKu-POS/vendor/laravel/framework/src/Illuminate/View/Engines/CompilerEngine.php(75): Livewire/Mechanisms/ExtendBlade/ExtendedCompilerEngine->evaluatePath('D://FREELANCE//NO...', Array)
#5 D:/FREELANCE/NONA/BengkelKu-POS/vendor/livewire/livewire/src/Mechanisms/ExtendBlade/ExtendedCompilerEngine.php(16): Illuminate/View/Engines/CompilerEngine->get('D://FREELANCE//NO...', Array)
#6 D:/FREELANCE/NONA/BengkelKu-POS/vendor/laravel/framework/src/Illuminate/View/View.php(209): Livewire/Mechanisms/ExtendBlade/ExtendedCompilerEngine->get('D://FREELANCE//NO...', Array)
#7 D:/FREELANCE/NONA/BengkelKu-POS/vendor/laravel/framework/src/Illuminate/View/View.php(192): Illuminate/View/View->getContents()
#8 D:/FREELANCE/NONA/BengkelKu-POS/vendor/laravel/framework/src/Illuminate/View/View.php(161): Illuminate/View/View->renderContents()
#9 D:/FREELANCE/NONA/BengkelKu-POS/vendor/livewire/livewire/src/Mechanisms/HandleComponents/HandleComponents.php(288): Illuminate/View/View->render(Object(Closure))
#10 D:/FREELANCE/NONA/BengkelKu-POS/vendor/livewire/livewire/src/Mechanisms/HandleComponents/HandleComponents.php(332): Livewire/Mechanisms/HandleComponents/HandleComponents->Livewire/Mechanisms/HandleComponents/{closure}()
#11 D:/FREELANCE/NONA/BengkelKu-POS/vendor/livewire/livewire/src/Mechanisms/HandleComponents/HandleComponents.php(280): Livewire/Mechanisms/HandleComponents/HandleComponents->trackInRenderStack(Object(App/Livewire/MobileMechanic/Scanner), Object(Closure))
#12 D:/FREELANCE/NONA/BengkelKu-POS/vendor/livewire/livewire/src/Mechanisms/HandleComponents/HandleComponents.php(127): Livewire/Mechanisms/HandleComponents/HandleComponents->render(Object(App/Livewire/MobileMechanic/Scanner))
#13 D:/FREELANCE/NONA/BengkelKu-POS/vendor/livewire/livewire/src/LivewireManager.php(102): Livewire/Mechanisms/HandleComponents/HandleComponents->update(Array, Array, Array)
#14 D:/FREELANCE/NONA/BengkelKu-POS/vendor/livewire/livewire/src/Mechanisms/HandleRequests/HandleRequests.php(144): Livewire/LivewireManager->update(Array, Array, Array)
#15 D:/FREELANCE/NONA/BengkelKu-POS/vendor/laravel/framework/src/Illuminate/Routing/ControllerDispatcher.php(47): Livewire/Mechanisms/HandleRequests/HandleRequests->handleUpdate()
#16 D:/FREELANCE/NONA/BengkelKu-POS/vendor/laravel/framework/src/Illuminate/Routing/Route.php(266): Illuminate/Routing/ControllerDispatcher->dispatch(Object(Illuminate/Routing/Route), Object(Livewire/Mechanisms/HandleRequests/HandleRequests), 'handleUpdate')
#17 D:/FREELANCE/NONA/BengkelKu-POS/vendor/laravel/framework/src/Illuminate/Routing/Route.php(212): Illuminate/Routing/Route->runController()
#18 D:/FREELANCE/NONA/BengkelKu-POS/vendor/laravel/framework/src/Illuminate/Routing/Router.php(808): Illuminate/Routing/Route->run()
#19 D:/FREELANCE/NONA/BengkelKu-POS/vendor/laravel/framework/src/Illuminate/Pipeline/Pipeline.php(170): Illuminate/Routing/Router->Illuminate/Routing/{closure}(Object(Illuminate/Http/Request))
#20 D:/FREELANCE/NONA/BengkelKu-POS/vendor/laravel/framework/src/Illuminate/Routing/Middleware/SubstituteBindings.php(51): Illuminate/Pipeline/Pipeline->Illuminate/Pipeline/{closure}(Object(Illuminate/Http/Request))
#21 D:/FREELANCE/NONA/BengkelKu-POS/vendor/laravel/framework/src/Illuminate/Pipeline/Pipeline.php(209): Illuminate/Routing/Middleware/SubstituteBindings->handle(Object(Illuminate/Http/Request), Object(Closure))
#22 D:/FREELANCE/NONA/BengkelKu-POS/vendor/laravel/framework/src/Illuminate/Foundation/Http/Middleware/VerifyCsrfToken.php(88): Illuminate/Pipeline/Pipeline->Illuminate/Pipeline/{closure}(Object(Illuminate/Http/Request))
#23 D:/FREELANCE/NONA/BengkelKu-POS/vendor/laravel/framework/src/Illuminate/Pipeline/Pipeline.php(209): Illuminate/Foundation/Http/Middleware/VerifyCsrfToken->handle(Object(Illuminate/Http/Request), Object(Closure))
#24 D:/FREELANCE/NONA/BengkelKu-POS/vendor/laravel/framework/src/Illuminate/View/Middleware/ShareErrorsFromSession.php(49): Illuminate/Pipeline/Pipeline->Illuminate/Pipeline/{closure}(Object(Illuminate/Http/Request))
#25 D:/FREELANCE/NONA/BengkelKu-POS/vendor/laravel/framework/src/Illuminate/Pipeline/Pipeline.php(209): Illuminate/View/Middleware/ShareErrorsFromSession->handle(Object(Illuminate/Http/Request), Object(Closure))
#26 D:/FREELANCE/NONA/BengkelKu-POS/vendor/laravel/framework/src/Illuminate/Session/Middleware/StartSession.php(121): Illuminate/Pipeline/Pipeline->Illuminate/Pipeline/{closure}(Object(Illuminate/Http/Request))
#27 D:/FREELANCE/NONA/BengkelKu-POS/vendor/laravel/framework/src/Illuminate/Session/Middleware/StartSession.php(64): Illuminate/Session/Middleware/StartSession->handleStatefulRequest(Object(Illuminate/Http/Request), Object(Illuminate/Session/Store), Object(Closure))
#28 D:/FREELANCE/NONA/BengkelKu-POS/vendor/laravel/framework/src/Illuminate/Pipeline/Pipeline.php(209): Illuminate/Session/Middleware/StartSession->handle(Object(Illuminate/Http/Request), Object(Closure))
#29 D:/FREELANCE/NONA/BengkelKu-POS/vendor/laravel/framework/src/Illuminate/Cookie/Middleware/AddQueuedCookiesToResponse.php(37): Illuminate/Pipeline/Pipeline->Illuminate/Pipeline/{closure}(Object(Illuminate/Http/Request))
#30 D:/FREELANCE/NONA/BengkelKu-POS/vendor/laravel/framework/src/Illuminate/Pipeline/Pipeline.php(209): Illuminate/Cookie/Middleware/AddQueuedCookiesToResponse->handle(Object(Illuminate/Http/Request), Object(Closure))
#31 D:/FREELANCE/NONA/BengkelKu-POS/vendor/laravel/framework/src/Illuminate/Cookie/Middleware/EncryptCookies.php(75): Illuminate/Pipeline/Pipeline->Illuminate/Pipeline/{closure}(Object(Illuminate/Http/Request))
#32 D:/FREELANCE/NONA/BengkelKu-POS/vendor/laravel/framework/src/Illuminate/Pipeline/Pipeline.php(209): Illuminate/Cookie/Middleware/EncryptCookies->handle(Object(Illuminate/Http/Request), Object(Closure))
#33 D:/FREELANCE/NONA/BengkelKu-POS/vendor/laravel/framework/src/Illuminate/Pipeline/Pipeline.php(127): Illuminate/Pipeline/Pipeline->Illuminate/Pipeline/{closure}(Object(Illuminate/Http/Request))
#34 D:/FREELANCE/NONA/BengkelKu-POS/vendor/laravel/framework/src/Illuminate/Routing/Router.php(807): Illuminate/Pipeline/Pipeline->then(Object(Closure))
#35 D:/FREELANCE/NONA/BengkelKu-POS/vendor/laravel/framework/src/Illuminate/Routing/Router.php(786): Illuminate/Routing/Router->runRouteWithinStack(Object(Illuminate/Routing/Route), Object(Illuminate/Http/Request))
#36 D:/FREELANCE/NONA/BengkelKu-POS/vendor/laravel/framework/src/Illuminate/Routing/Router.php(750): Illuminate/Routing/Router->runRoute(Object(Illuminate/Http/Request), Object(Illuminate/Routing/Route))
#37 D:/FREELANCE/NONA/BengkelKu-POS/vendor/laravel/framework/src/Illuminate/Routing/Router.php(739): Illuminate/Routing/Router->dispatchToRoute(Object(Illuminate/Http/Request))
#38 D:/FREELANCE/NONA/BengkelKu-POS/vendor/laravel/framework/src/Illuminate/Foundation/Http/Kernel.php(201): Illuminate/Routing/Router->dispatch(Object(Illuminate/Http/Request))
#39 D:/FREELANCE/NONA/BengkelKu-POS/vendor/laravel/framework/src/Illuminate/Pipeline/Pipeline.php(170): Illuminate/Foundation/Http/Kernel->Illuminate/Foundation/Http/{closure}(Object(Illuminate/Http/Request))
#40 D:/FREELANCE/NONA/BengkelKu-POS/vendor/livewire/livewire/src/Features/SupportDisablingBackButtonCache/DisableBackButtonCacheMiddleware.php(19): Illuminate/Pipeline/Pipeline->Illuminate/Pipeline/{closure}(Object(Illuminate/Http/Request))
#41 D:/FREELANCE/NONA/BengkelKu-POS/vendor/laravel/framework/src/Illuminate/Pipeline/Pipeline.php(209): Livewire/Features/SupportDisablingBackButtonCache/DisableBackButtonCacheMiddleware->handle(Object(Illuminate/Http/Request), Object(Closure))
#42 D:/FREELANCE/NONA/BengkelKu-POS/vendor/laravel/framework/src/Illuminate/Foundation/Http/Middleware/ConvertEmptyStringsToNull.php(27): Illuminate/Pipeline/Pipeline->Illuminate/Pipeline/{closure}(Object(Illuminate/Http/Request))
#43 D:/FREELANCE/NONA/BengkelKu-POS/vendor/laravel/framework/src/Illuminate/Pipeline/Pipeline.php(209): Illuminate/Foundation/Http/Middleware/ConvertEmptyStringsToNull->handle(Object(Illuminate/Http/Request), Object(Closure))
#44 D:/FREELANCE/NONA/BengkelKu-POS/vendor/laravel/framework/src/Illuminate/Foundation/Http/Middleware/TrimStrings.php(47): Illuminate/Pipeline/Pipeline->Illuminate/Pipeline/{closure}(Object(Illuminate/Http/Request))
#45 D:/FREELANCE/NONA/BengkelKu-POS/vendor/laravel/framework/src/Illuminate/Pipeline/Pipeline.php(209): Illuminate/Foundation/Http/Middleware/TrimStrings->handle(Object(Illuminate/Http/Request), Object(Closure))
#46 D:/FREELANCE/NONA/BengkelKu-POS/vendor/laravel/framework/src/Illuminate/Http/Middleware/ValidatePostSize.php(27): Illuminate/Pipeline/Pipeline->Illuminate/Pipeline/{closure}(Object(Illuminate/Http/Request))
#47 D:/FREELANCE/NONA/BengkelKu-POS/vendor/laravel/framework/src/Illuminate/Pipeline/Pipeline.php(209): Illuminate/Http/Middleware/ValidatePostSize->handle(Object(Illuminate/Http/Request), Object(Closure))
#48 D:/FREELANCE/NONA/BengkelKu-POS/vendor/laravel/framework/src/Illuminate/Foundation/Http/Middleware/PreventRequestsDuringMaintenance.php(110): Illuminate/Pipeline/Pipeline->Illuminate/Pipeline/{closure}(Object(Illuminate/Http/Request))
#49 D:/FREELANCE/NONA/BengkelKu-POS/vendor/laravel/framework/src/Illuminate/Pipeline/Pipeline.php(209): Illuminate/Foundation/Http/Middleware/PreventRequestsDuringMaintenance->handle(Object(Illuminate/Http/Request), Object(Closure))
#50 D:/FREELANCE/NONA/BengkelKu-POS/vendor/laravel/framework/src/Illuminate/Http/Middleware/HandleCors.php(49): Illuminate/Pipeline/Pipeline->Illuminate/Pipeline/{closure}(Object(Illuminate/Http/Request))
#51 D:/FREELANCE/NONA/BengkelKu-POS/vendor/laravel/framework/src/Illuminate/Pipeline/Pipeline.php(209): Illuminate/Http/Middleware/HandleCors->handle(Object(Illuminate/Http/Request), Object(Closure))
#52 D:/FREELANCE/NONA/BengkelKu-POS/vendor/laravel/framework/src/Illuminate/Http/Middleware/TrustProxies.php(58): Illuminate/Pipeline/Pipeline->Illuminate/Pipeline/{closure}(Object(Illuminate/Http/Request))
#53 D:/FREELANCE/NONA/BengkelKu-POS/vendor/laravel/framework/src/Illuminate/Pipeline/Pipeline.php(209): Illuminate/Http/Middleware/TrustProxies->handle(Object(Illuminate/Http/Request), Object(Closure))
#54 D:/FREELANCE/NONA/BengkelKu-POS/vendor/laravel/framework/src/Illuminate/Foundation/Http/Middleware/InvokeDeferredCallbacks.php(22): Illuminate/Pipeline/Pipeline->Illuminate/Pipeline/{closure}(Object(Illuminate/Http/Request))
#55 D:/FREELANCE/NONA/BengkelKu-POS/vendor/laravel/framework/src/Illuminate/Pipeline/Pipeline.php(209): Illuminate/Foundation/Http/Middleware/InvokeDeferredCallbacks->handle(Object(Illuminate/Http/Request), Object(Closure))
#56 D:/FREELANCE/NONA/BengkelKu-POS/vendor/laravel/framework/src/Illuminate/Pipeline/Pipeline.php(127): Illuminate/Pipeline/Pipeline->Illuminate/Pipeline/{closure}(Object(Illuminate/Http/Request))
#57 D:/FREELANCE/NONA/BengkelKu-POS/vendor/laravel/framework/src/Illuminate/Foundation/Http/Kernel.php(176): Illuminate/Pipeline/Pipeline->then(Object(Closure))
#58 D:/FREELANCE/NONA/BengkelKu-POS/vendor/laravel/framework/src/Illuminate/Foundation/Http/Kernel.php(145): Illuminate/Foundation/Http/Kernel->sendRequestThroughRouter(Object(Illuminate/Http/Request))
#59 D:/FREELANCE/NONA/BengkelKu-POS/public/index.php(19): Illuminate/Foundation/Http/Kernel->handle(Object(Illuminate/Http/Request))
#60 D:/FREELANCE/NONA/BengkelKu-POS/vendor/laravel/framework/src/Illuminate/Foundation/resources/server.php(23): require_once('D://FREELANCE//NO...')
#61 {main}
"} 
[2026-08-31 12:13:56] local.ERROR: SQLSTATE[42S02]: Base table or view not found: 1146 Table 'bengkelpos.invoice_items' doesn't exist (Connection: mysql, SQL: select ii.type, COALESCE(SUM(ii.subtotal), 0) as total from `invoice_items` as `ii` inner join `invoices` as `i` on `i`.`id` = `ii`.`invoice_id` where `i`.`status` != void and `i`.`created_at` between 2026-08-01 00:00:00 and 2026-08-31 23:59:59 group by `ii`.`type`) {"userId":"a2a12424-3bbe-4cb5-b0d9-5e931f25e6ec","exception":"[object] (Illuminate\\Database\\QueryException(code: 42S02): SQLSTATE[42S02]: Base table or view not found: 1146 Table 'bengkelpos.invoice_items' doesn't exist (Connection: mysql, SQL: select ii.type, COALESCE(SUM(ii.subtotal), 0) as total from `invoice_items` as `ii` inner join `invoices` as `i` on `i`.`id` = `ii`.`invoice_id` where `i`.`status` != void and `i`.`created_at` between 2026-08-01 00:00:00 and 2026-08-31 23:59:59 group by `ii`.`type`) at D:/FREELANCE/NONA/BengkelKu-POS/vendor/laravel/framework/src/Illuminate/Database/Connection.php:825)
[stacktrace]
#0 D:/FREELANCE/NONA/BengkelKu-POS/vendor/laravel/framework/src/Illuminate/Database/Connection.php(779): Illuminate/Database/Connection->runQueryCallback('select ii.type,...', Array, Object(Closure))
#1 D:/FREELANCE/NONA/BengkelKu-POS/vendor/laravel/framework/src/Illuminate/Database/Connection.php(398): Illuminate/Database/Connection->run('select ii.type,...', Array, Object(Closure))
#2 D:/FREELANCE/NONA/BengkelKu-POS/vendor/laravel/framework/src/Illuminate/Database/Query/Builder.php(3106): Illuminate/Database/Connection->select('select ii.type,...', Array, true)
#3 D:/FREELANCE/NONA/BengkelKu-POS/vendor/laravel/framework/src/Illuminate/Database/Query/Builder.php(3362): Illuminate/Database/Query/Builder->runSelect()
#4 D:/FREELANCE/NONA/BengkelKu-POS/vendor/laravel/framework/src/Illuminate/Database/Query/Builder.php(3676): Illuminate/Database/Query/Builder->Illuminate/Database/Query/{closure}()
#5 D:/FREELANCE/NONA/BengkelKu-POS/vendor/laravel/framework/src/Illuminate/Database/Query/Builder.php(3358): Illuminate/Database/Query/Builder->onceWithColumns(Array, Object(Closure))
#6 D:/FREELANCE/NONA/BengkelKu-POS/app/Domains/Analytics/Services/AnalyticsService.php(287): Illuminate/Database/Query/Builder->pluck('total', 'type')
#7 D:/FREELANCE/NONA/BengkelKu-POS/app/Domains/Analytics/Services/AnalyticsService.php(20): App/Domains/Analytics/Services/AnalyticsService->sumInvoices(Object(Illuminate/Support/Carbon), Object(Illuminate/Support/Carbon), NULL)
#8 D:/FREELANCE/NONA/BengkelKu-POS/app/Livewire/Analytics/OwnerDashboard.php(95): App/Domains/Analytics/Services/AnalyticsService->kpi(Object(Illuminate/Support/Carbon), Object(Illuminate/Support/Carbon), NULL)
#9 D:/FREELANCE/NONA/BengkelKu-POS/vendor/laravel/framework/src/Illuminate/Container/BoundMethod.php(36): App/Livewire/Analytics/OwnerDashboard->render()
#10 D:/FREELANCE/NONA/BengkelKu-POS/vendor/laravel/framework/src/Illuminate/Container/Util.php(43): Illuminate/Container/BoundMethod::Illuminate/Container/{closure}()
#11 D:/FREELANCE/NONA/BengkelKu-POS/vendor/laravel/framework/src/Illuminate/Container/BoundMethod.php(95): Illuminate/Container/Util::unwrapIfClosure(Object(Closure))
#12 D:/FREELANCE/NONA/BengkelKu-POS/vendor/laravel/framework/src/Illuminate/Container/BoundMethod.php(35): Illuminate/Container/BoundMethod::callBoundMethod(Object(Illuminate/Foundation/Application), Array, Object(Closure))
#13 D:/FREELANCE/NONA/BengkelKu-POS/vendor/livewire/livewire/src/Wrapped.php(23): Illuminate/Container/BoundMethod::call(Object(Illuminate/Foundation/Application), Array, Array)
#14 D:/FREELANCE/NONA/BengkelKu-POS/vendor/livewire/livewire/src/Mechanisms/HandleComponents/HandleComponents.php(318): Livewire/Wrapped->__call('render', Array)
#15 D:/FREELANCE/NONA/BengkelKu-POS/vendor/livewire/livewire/src/Mechanisms/HandleComponents/HandleComponents.php(278): Livewire/Mechanisms/HandleComponents/HandleComponents->getView(Object(App/Livewire/Analytics/OwnerDashboard))
#16 D:/FREELANCE/NONA/BengkelKu-POS/vendor/livewire/livewire/src/Mechanisms/HandleComponents/HandleComponents.php(54): Livewire/Mechanisms/HandleComponents/HandleComponents->render(Object(App/Livewire/Analytics/OwnerDashboard), '<div></div>')
#17 D:/FREELANCE/NONA/BengkelKu-POS/vendor/livewire/livewire/src/LivewireManager.php(73): Livewire/Mechanisms/HandleComponents/HandleComponents->mount('App//Livewire//An...', Array, NULL)
#18 D:/FREELANCE/NONA/BengkelKu-POS/vendor/livewire/livewire/src/Features/SupportPageComponents/HandlesPageComponents.php(17): Livewire/LivewireManager->mount('App//Livewire//An...', Array)
#19 D:/FREELANCE/NONA/BengkelKu-POS/vendor/livewire/livewire/src/Features/SupportPageComponents/SupportPageComponents.php(117): Livewire/Component->Livewire/Features/SupportPageComponents/{closure}()
#20 D:/FREELANCE/NONA/BengkelKu-POS/vendor/livewire/livewire/src/Features/SupportPageComponents/HandlesPageComponents.php(14): Livewire/Features/SupportPageComponents/SupportPageComponents::interceptTheRenderOfTheComponentAndRetreiveTheLayoutConfiguration(Object(Closure))
#21 D:/FREELANCE/NONA/BengkelKu-POS/vendor/laravel/framework/src/Illuminate/Routing/ControllerDispatcher.php(47): Livewire/Component->__invoke()
#22 D:/FREELANCE/NONA/BengkelKu-POS/vendor/laravel/framework/src/Illuminate/Routing/Route.php(266): Illuminate/Routing/ControllerDispatcher->dispatch(Object(Illuminate/Routing/Route), Object(App/Livewire/Analytics/OwnerDashboard), '__invoke')
#23 D:/FREELANCE/NONA/BengkelKu-POS/vendor/laravel/framework/src/Illuminate/Routing/Route.php(212): Illuminate/Routing/Route->runController()
#24 D:/FREELANCE/NONA/BengkelKu-POS/vendor/laravel/framework/src/Illuminate/Routing/Router.php(808): Illuminate/Routing/Route->run()
#25 D:/FREELANCE/NONA/BengkelKu-POS/vendor/laravel/framework/src/Illuminate/Pipeline/Pipeline.php(170): Illuminate/Routing/Router->Illuminate/Routing/{closure}(Object(Illuminate/Http/Request))
#26 D:/FREELANCE/NONA/BengkelKu-POS/vendor/laravel/framework/src/Illuminate/Routing/Middleware/SubstituteBindings.php(51): Illuminate/Pipeline/Pipeline->Illuminate/Pipeline/{closure}(Object(Illuminate/Http/Request))
#27 D:/FREELANCE/NONA/BengkelKu-POS/vendor/laravel/framework/src/Illuminate/Pipeline/Pipeline.php(209): Illuminate/Routing/Middleware/SubstituteBindings->handle(Object(Illuminate/Http/Request), Object(Closure))
#28 D:/FREELANCE/NONA/BengkelKu-POS/vendor/laravel/framework/src/Illuminate/Auth/Middleware/Authenticate.php(64): Illuminate/Pipeline/Pipeline->Illuminate/Pipeline/{closure}(Object(Illuminate/Http/Request))
#29 D:/FREELANCE/NONA/BengkelKu-POS/vendor/laravel/framework/src/Illuminate/Pipeline/Pipeline.php(209): Illuminate/Auth/Middleware/Authenticate->handle(Object(Illuminate/Http/Request), Object(Closure))
#30 D:/FREELANCE/NONA/BengkelKu-POS/vendor/laravel/framework/src/Illuminate/Foundation/Http/Middleware/VerifyCsrfToken.php(88): Illuminate/Pipeline/Pipeline->Illuminate/Pipeline/{closure}(Object(Illuminate/Http/Request))
#31 D:/FREELANCE/NONA/BengkelKu-POS/vendor/laravel/framework/src/Illuminate/Pipeline/Pipeline.php(209): Illuminate/Foundation/Http/Middleware/VerifyCsrfToken->handle(Object(Illuminate/Http/Request), Object(Closure))
#32 D:/FREELANCE/NONA/BengkelKu-POS/vendor/laravel/framework/src/Illuminate/View/Middleware/ShareErrorsFromSession.php(49): Illuminate/Pipeline/Pipeline->Illuminate/Pipeline/{closure}(Object(Illuminate/Http/Request))
#33 D:/FREELANCE/NONA/BengkelKu-POS/vendor/laravel/framework/src/Illuminate/Pipeline/Pipeline.php(209): Illuminate/View/Middleware/ShareErrorsFromSession->handle(Object(Illuminate/Http/Request), Object(Closure))
#34 D:/FREELANCE/NONA/BengkelKu-POS/vendor/laravel/framework/src/Illuminate/Session/Middleware/StartSession.php(121): Illuminate/Pipeline/Pipeline->Illuminate/Pipeline/{closure}(Object(Illuminate/Http/Request))
#35 D:/FREELANCE/NONA/BengkelKu-POS/vendor/laravel/framework/src/Illuminate/Session/Middleware/StartSession.php(64): Illuminate/Session/Middleware/StartSession->handleStatefulRequest(Object(Illuminate/Http/Request), Object(Illuminate/Session/Store), Object(Closure))
#36 D:/FREELANCE/NONA/BengkelKu-POS/vendor/laravel/framework/src/Illuminate/Pipeline/Pipeline.php(209): Illuminate/Session/Middleware/StartSession->handle(Object(Illuminate/Http/Request), Object(Closure))
#37 D:/FREELANCE/NONA/BengkelKu-POS/vendor/laravel/framework/src/Illuminate/Cookie/Middleware/AddQueuedCookiesToResponse.php(37): Illuminate/Pipeline/Pipeline->Illuminate/Pipeline/{closure}(Object(Illuminate/Http/Request))
#38 D:/FREELANCE/NONA/BengkelKu-POS/vendor/laravel/framework/src/Illuminate/Pipeline/Pipeline.php(209): Illuminate/Cookie/Middleware/AddQueuedCookiesToResponse->handle(Object(Illuminate/Http/Request), Object(Closure))
#39 D:/FREELANCE/NONA/BengkelKu-POS/vendor/laravel/framework/src/Illuminate/Cookie/Middleware/EncryptCookies.php(75): Illuminate/Pipeline/Pipeline->Illuminate/Pipeline/{closure}(Object(Illuminate/Http/Request))
#40 D:/FREELANCE/NONA/BengkelKu-POS/vendor/laravel/framework/src/Illuminate/Pipeline/Pipeline.php(209): Illuminate/Cookie/Middleware/EncryptCookies->handle(Object(Illuminate/Http/Request), Object(Closure))
#41 D:/FREELANCE/NONA/BengkelKu-POS/vendor/laravel/framework/src/Illuminate/Pipeline/Pipeline.php(127): Illuminate/Pipeline/Pipeline->Illuminate/Pipeline/{closure}(Object(Illuminate/Http/Request))
#42 D:/FREELANCE/NONA/BengkelKu-POS/vendor/laravel/framework/src/Illuminate/Routing/Router.php(807): Illuminate/Pipeline/Pipeline->then(Object(Closure))
#43 D:/FREELANCE/NONA/BengkelKu-POS/vendor/laravel/framework/src/Illuminate/Routing/Router.php(786): Illuminate/Routing/Router->runRouteWithinStack(Object(Illuminate/Routing/Route), Object(Illuminate/Http/Request))
#44 D:/FREELANCE/NONA/BengkelKu-POS/vendor/laravel/framework/src/Illuminate/Routing/Router.php(750): Illuminate/Routing/Router->runRoute(Object(Illuminate/Http/Request), Object(Illuminate/Routing/Route))
#45 D:/FREELANCE/NONA/BengkelKu-POS/vendor/laravel/framework/src/Illuminate/Routing/Router.php(739): Illuminate/Routing/Router->dispatchToRoute(Object(Illuminate/Http/Request))
#46 D:/FREELANCE/NONA/BengkelKu-POS/vendor/laravel/framework/src/Illuminate/Foundation/Http/Kernel.php(201): Illuminate/Routing/Router->dispatch(Object(Illuminate/Http/Request))
#47 D:/FREELANCE/NONA/BengkelKu-POS/vendor/laravel/framework/src/Illuminate/Pipeline/Pipeline.php(170): Illuminate/Foundation/Http/Kernel->Illuminate/Foundation/Http/{closure}(Object(Illuminate/Http/Request))
#48 D:/FREELANCE/NONA/BengkelKu-POS/vendor/livewire/livewire/src/Features/SupportDisablingBackButtonCache/DisableBackButtonCacheMiddleware.php(19): Illuminate/Pipeline/Pipeline->Illuminate/Pipeline/{closure}(Object(Illuminate/Http/Request))
#49 D:/FREELANCE/NONA/BengkelKu-POS/vendor/laravel/framework/src/Illuminate/Pipeline/Pipeline.php(209): Livewire/Features/SupportDisablingBackButtonCache/DisableBackButtonCacheMiddleware->handle(Object(Illuminate/Http/Request), Object(Closure))
#50 D:/FREELANCE/NONA/BengkelKu-POS/vendor/laravel/framework/src/Illuminate/Foundation/Http/Middleware/TransformsRequest.php(21): Illuminate/Pipeline/Pipeline->Illuminate/Pipeline/{closure}(Object(Illuminate/Http/Request))
#51 D:/FREELANCE/NONA/BengkelKu-POS/vendor/laravel/framework/src/Illuminate/Foundation/Http/Middleware/ConvertEmptyStringsToNull.php(31): Illuminate/Foundation/Http/Middleware/TransformsRequest->handle(Object(Illuminate/Http/Request), Object(Closure))
#52 D:/FREELANCE/NONA/BengkelKu-POS/vendor/laravel/framework/src/Illuminate/Pipeline/Pipeline.php(209): Illuminate/Foundation/Http/Middleware/ConvertEmptyStringsToNull->handle(Object(Illuminate/Http/Request), Object(Closure))
#53 D:/FREELANCE/NONA/BengkelKu-POS/vendor/laravel/framework/src/Illuminate/Foundation/Http/Middleware/TransformsRequest.php(21): Illuminate/Pipeline/Pipeline->Illuminate/Pipeline/{closure}(Object(Illuminate/Http/Request))
#54 D:/FREELANCE/NONA/BengkelKu-POS/vendor/laravel/framework/src/Illuminate/Foundation/Http/Middleware/TrimStrings.php(51): Illuminate/Foundation/Http/Middleware/TransformsRequest->handle(Object(Illuminate/Http/Request), Object(Closure))
#55 D:/FREELANCE/NONA/BengkelKu-POS/vendor/laravel/framework/src/Illuminate/Pipeline/Pipeline.php(209): Illuminate/Foundation/Http/Middleware/TrimStrings->handle(Object(Illuminate/Http/Request), Object(Closure))
#56 D:/FREELANCE/NONA/BengkelKu-POS/vendor/laravel/framework/src/Illuminate/Http/Middleware/ValidatePostSize.php(27): Illuminate/Pipeline/Pipeline->Illuminate/Pipeline/{closure}(Object(Illuminate/Http/Request))
#57 D:/FREELANCE/NONA/BengkelKu-POS/vendor/laravel/framework/src/Illuminate/Pipeline/Pipeline.php(209): Illuminate/Http/Middleware/ValidatePostSize->handle(Object(Illuminate/Http/Request), Object(Closure))
#58 D:/FREELANCE/NONA/BengkelKu-POS/vendor/laravel/framework/src/Illuminate/Foundation/Http/Middleware/PreventRequestsDuringMaintenance.php(110): Illuminate/Pipeline/Pipeline->Illuminate/Pipeline/{closure}(Object(Illuminate/Http/Request))
#59 D:/FREELANCE/NONA/BengkelKu-POS/vendor/laravel/framework/src/Illuminate/Pipeline/Pipeline.php(209): Illuminate/Foundation/Http/Middleware/PreventRequestsDuringMaintenance->handle(Object(Illuminate/Http/Request), Object(Closure))
#60 D:/FREELANCE/NONA/BengkelKu-POS/vendor/laravel/framework/src/Illuminate/Http/Middleware/HandleCors.php(49): Illuminate/Pipeline/Pipeline->Illuminate/Pipeline/{closure}(Object(Illuminate/Http/Request))
#61 D:/FREELANCE/NONA/BengkelKu-POS/vendor/laravel/framework/src/Illuminate/Pipeline/Pipeline.php(209): Illuminate/Http/Middleware/HandleCors->handle(Object(Illuminate/Http/Request), Object(Closure))
#62 D:/FREELANCE/NONA/BengkelKu-POS/vendor/laravel/framework/src/Illuminate/Http/Middleware/TrustProxies.php(58): Illuminate/Pipeline/Pipeline->Illuminate/Pipeline/{closure}(Object(Illuminate/Http/Request))
#63 D:/FREELANCE/NONA/BengkelKu-POS/vendor/laravel/framework/src/Illuminate/Pipeline/Pipeline.php(209): Illuminate/Http/Middleware/TrustProxies->handle(Object(Illuminate/Http/Request), Object(Closure))
#64 D:/FREELANCE/NONA/BengkelKu-POS/vendor/laravel/framework/src/Illuminate/Foundation/Http/Middleware/InvokeDeferredCallbacks.php(22): Illuminate/Pipeline/Pipeline->Illuminate/Pipeline/{closure}(Object(Illuminate/Http/Request))
#65 D:/FREELANCE/NONA/BengkelKu-POS/vendor/laravel/framework/src/Illuminate/Pipeline/Pipeline.php(209): Illuminate/Foundation/Http/Middleware/InvokeDeferredCallbacks->handle(Object(Illuminate/Http/Request), Object(Closure))
#66 D:/FREELANCE/NONA/BengkelKu-POS/vendor/laravel/framework/src/Illuminate/Pipeline/Pipeline.php(127): Illuminate/Pipeline/Pipeline->Illuminate/Pipeline/{closure}(Object(Illuminate/Http/Request))
#67 D:/FREELANCE/NONA/BengkelKu-POS/vendor/laravel/framework/src/Illuminate/Foundation/Http/Kernel.php(176): Illuminate/Pipeline/Pipeline->then(Object(Closure))
#68 D:/FREELANCE/NONA/BengkelKu-POS/vendor/laravel/framework/src/Illuminate/Foundation/Http/Kernel.php(145): Illuminate/Foundation/Http/Kernel->sendRequestThroughRouter(Object(Illuminate/Http/Request))
#69 D:/FREELANCE/NONA/BengkelKu-POS/public/index.php(19): Illuminate/Foundation/Http/Kernel->handle(Object(Illuminate/Http/Request))
#70 D:/FREELANCE/NONA/BengkelKu-POS/vendor/laravel/framework/src/Illuminate/Foundation/resources/server.php(23): require_once('D://FREELANCE//NO...')
#71 {main}

[previous exception] [object] (PDOException(code: 42S02): SQLSTATE[42S02]: Base table or view not found: 1146 Table 'bengkelpos.invoice_items' doesn't exist at D:/FREELANCE/NONA/BengkelKu-POS/vendor/laravel/framework/src/Illuminate/Database/Connection.php:407)
[stacktrace]
#0 D:/FREELANCE/NONA/BengkelKu-POS/vendor/laravel/framework/src/Illuminate/Database/Connection.php(407): PDO->prepare('select ii.type,...')
#1 D:/FREELANCE/NONA/BengkelKu-POS/vendor/laravel/framework/src/Illuminate/Database/Connection.php(812): Illuminate/Database/Connection->Illuminate/Database/{closure}('select ii.type,...', Array)
#2 D:/FREELANCE/NONA/BengkelKu-POS/vendor/laravel/framework/src/Illuminate/Database/Connection.php(779): Illuminate/Database/Connection->runQueryCallback('select ii.type,...', Array, Object(Closure))
#3 D:/FREELANCE/NONA/BengkelKu-POS/vendor/laravel/framework/src/Illuminate/Database/Connection.php(398): Illuminate/Database/Connection->run('select ii.type,...', Array, Object(Closure))
#4 D:/FREELANCE/NONA/BengkelKu-POS/vendor/laravel/framework/src/Illuminate/Database/Query/Builder.php(3106): Illuminate/Database/Connection->select('select ii.type,...', Array, true)
#5 D:/FREELANCE/NONA/BengkelKu-POS/vendor/laravel/framework/src/Illuminate/Database/Query/Builder.php(3362): Illuminate/Database/Query/Builder->runSelect()
#6 D:/FREELANCE/NONA/BengkelKu-POS/vendor/laravel/framework/src/Illuminate/Database/Query/Builder.php(3676): Illuminate/Database/Query/Builder->Illuminate/Database/Query/{closure}()
#7 D:/FREELANCE/NONA/BengkelKu-POS/vendor/laravel/framework/src/Illuminate/Database/Query/Builder.php(3358): Illuminate/Database/Query/Builder->onceWithColumns(Array, Object(Closure))
#8 D:/FREELANCE/NONA/BengkelKu-POS/app/Domains/Analytics/Services/AnalyticsService.php(287): Illuminate/Database/Query/Builder->pluck('total', 'type')
#9 D:/FREELANCE/NONA/BengkelKu-POS/app/Domains/Analytics/Services/AnalyticsService.php(20): App/Domains/Analytics/Services/AnalyticsService->sumInvoices(Object(Illuminate/Support/Carbon), Object(Illuminate/Support/Carbon), NULL)
#10 D:/FREELANCE/NONA/BengkelKu-POS/app/Livewire/Analytics/OwnerDashboard.php(95): App/Domains/Analytics/Services/AnalyticsService->kpi(Object(Illuminate/Support/Carbon), Object(Illuminate/Support/Carbon), NULL)
#11 D:/FREELANCE/NONA/BengkelKu-POS/vendor/laravel/framework/src/Illuminate/Container/BoundMethod.php(36): App/Livewire/Analytics/OwnerDashboard->render()
#12 D:/FREELANCE/NONA/BengkelKu-POS/vendor/laravel/framework/src/Illuminate/Container/Util.php(43): Illuminate/Container/BoundMethod::Illuminate/Container/{closure}()
#13 D:/FREELANCE/NONA/BengkelKu-POS/vendor/laravel/framework/src/Illuminate/Container/BoundMethod.php(95): Illuminate/Container/Util::unwrapIfClosure(Object(Closure))
#14 D:/FREELANCE/NONA/BengkelKu-POS/vendor/laravel/framework/src/Illuminate/Container/BoundMethod.php(35): Illuminate/Container/BoundMethod::callBoundMethod(Object(Illuminate/Foundation/Application), Array, Object(Closure))
#15 D:/FREELANCE/NONA/BengkelKu-POS/vendor/livewire/livewire/src/Wrapped.php(23): Illuminate/Container/BoundMethod::call(Object(Illuminate/Foundation/Application), Array, Array)
#16 D:/FREELANCE/NONA/BengkelKu-POS/vendor/livewire/livewire/src/Mechanisms/HandleComponents/HandleComponents.php(318): Livewire/Wrapped->__call('render', Array)
#17 D:/FREELANCE/NONA/BengkelKu-POS/vendor/livewire/livewire/src/Mechanisms/HandleComponents/HandleComponents.php(278): Livewire/Mechanisms/HandleComponents/HandleComponents->getView(Object(App/Livewire/Analytics/OwnerDashboard))
#18 D:/FREELANCE/NONA/BengkelKu-POS/vendor/livewire/livewire/src/Mechanisms/HandleComponents/HandleComponents.php(54): Livewire/Mechanisms/HandleComponents/HandleComponents->render(Object(App/Livewire/Analytics/OwnerDashboard), '<div></div>')
#19 D:/FREELANCE/NONA/BengkelKu-POS/vendor/livewire/livewire/src/LivewireManager.php(73): Livewire/Mechanisms/HandleComponents/HandleComponents->mount('App//Livewire//An...', Array, NULL)
#20 D:/FREELANCE/NONA/BengkelKu-POS/vendor/livewire/livewire/src/Features/SupportPageComponents/HandlesPageComponents.php(17): Livewire/LivewireManager->mount('App//Livewire//An...', Array)
#21 D:/FREELANCE/NONA/BengkelKu-POS/vendor/livewire/livewire/src/Features/SupportPageComponents/SupportPageComponents.php(117): Livewire/Component->Livewire/Features/SupportPageComponents/{closure}()
#22 D:/FREELANCE/NONA/BengkelKu-POS/vendor/livewire/livewire/src/Features/SupportPageComponents/HandlesPageComponents.php(14): Livewire/Features/SupportPageComponents/SupportPageComponents::interceptTheRenderOfTheComponentAndRetreiveTheLayoutConfiguration(Object(Closure))
#23 D:/FREELANCE/NONA/BengkelKu-POS/vendor/laravel/framework/src/Illuminate/Routing/ControllerDispatcher.php(47): Livewire/Component->__invoke()
#24 D:/FREELANCE/NONA/BengkelKu-POS/vendor/laravel/framework/src/Illuminate/Routing/Route.php(266): Illuminate/Routing/ControllerDispatcher->dispatch(Object(Illuminate/Routing/Route), Object(App/Livewire/Analytics/OwnerDashboard), '__invoke')
#25 D:/FREELANCE/NONA/BengkelKu-POS/vendor/laravel/framework/src/Illuminate/Routing/Route.php(212): Illuminate/Routing/Route->runController()
#26 D:/FREELANCE/NONA/BengkelKu-POS/vendor/laravel/framework/src/Illuminate/Routing/Router.php(808): Illuminate/Routing/Route->run()
#27 D:/FREELANCE/NONA/BengkelKu-POS/vendor/laravel/framework/src/Illuminate/Pipeline/Pipeline.php(170): Illuminate/Routing/Router->Illuminate/Routing/{closure}(Object(Illuminate/Http/Request))
#28 D:/FREELANCE/NONA/BengkelKu-POS/vendor/laravel/framework/src/Illuminate/Routing/Middleware/SubstituteBindings.php(51): Illuminate/Pipeline/Pipeline->Illuminate/Pipeline/{closure}(Object(Illuminate/Http/Request))
#29 D:/FREELANCE/NONA/BengkelKu-POS/vendor/laravel/framework/src/Illuminate/Pipeline/Pipeline.php(209): Illuminate/Routing/Middleware/SubstituteBindings->handle(Object(Illuminate/Http/Request), Object(Closure))
#30 D:/FREELANCE/NONA/BengkelKu-POS/vendor/laravel/framework/src/Illuminate/Auth/Middleware/Authenticate.php(64): Illuminate/Pipeline/Pipeline->Illuminate/Pipeline/{closure}(Object(Illuminate/Http/Request))
#31 D:/FREELANCE/NONA/BengkelKu-POS/vendor/laravel/framework/src/Illuminate/Pipeline/Pipeline.php(209): Illuminate/Auth/Middleware/Authenticate->handle(Object(Illuminate/Http/Request), Object(Closure))
#32 D:/FREELANCE/NONA/BengkelKu-POS/vendor/laravel/framework/src/Illuminate/Foundation/Http/Middleware/VerifyCsrfToken.php(88): Illuminate/Pipeline/Pipeline->Illuminate/Pipeline/{closure}(Object(Illuminate/Http/Request))
#33 D:/FREELANCE/NONA/BengkelKu-POS/vendor/laravel/framework/src/Illuminate/Pipeline/Pipeline.php(209): Illuminate/Foundation/Http/Middleware/VerifyCsrfToken->handle(Object(Illuminate/Http/Request), Object(Closure))
#34 D:/FREELANCE/NONA/BengkelKu-POS/vendor/laravel/framework/src/Illuminate/View/Middleware/ShareErrorsFromSession.php(49): Illuminate/Pipeline/Pipeline->Illuminate/Pipeline/{closure}(Object(Illuminate/Http/Request))
#35 D:/FREELANCE/NONA/BengkelKu-POS/vendor/laravel/framework/src/Illuminate/Pipeline/Pipeline.php(209): Illuminate/View/Middleware/ShareErrorsFromSession->handle(Object(Illuminate/Http/Request), Object(Closure))
#36 D:/FREELANCE/NONA/BengkelKu-POS/vendor/laravel/framework/src/Illuminate/Session/Middleware/StartSession.php(121): Illuminate/Pipeline/Pipeline->Illuminate/Pipeline/{closure}(Object(Illuminate/Http/Request))
#37 D:/FREELANCE/NONA/BengkelKu-POS/vendor/laravel/framework/src/Illuminate/Session/Middleware/StartSession.php(64): Illuminate/Session/Middleware/StartSession->handleStatefulRequest(Object(Illuminate/Http/Request), Object(Illuminate/Session/Store), Object(Closure))
#38 D:/FREELANCE/NONA/BengkelKu-POS/vendor/laravel/framework/src/Illuminate/Pipeline/Pipeline.php(209): Illuminate/Session/Middleware/StartSession->handle(Object(Illuminate/Http/Request), Object(Closure))
#39 D:/FREELANCE/NONA/BengkelKu-POS/vendor/laravel/framework/src/Illuminate/Cookie/Middleware/AddQueuedCookiesToResponse.php(37): Illuminate/Pipeline/Pipeline->Illuminate/Pipeline/{closure}(Object(Illuminate/Http/Request))
#40 D:/FREELANCE/NONA/BengkelKu-POS/vendor/laravel/framework/src/Illuminate/Pipeline/Pipeline.php(209): Illuminate/Cookie/Middleware/AddQueuedCookiesToResponse->handle(Object(Illuminate/Http/Request), Object(Closure))
#41 D:/FREELANCE/NONA/BengkelKu-POS/vendor/laravel/framework/src/Illuminate/Cookie/Middleware/EncryptCookies.php(75): Illuminate/Pipeline/Pipeline->Illuminate/Pipeline/{closure}(Object(Illuminate/Http/Request))
#42 D:/FREELANCE/NONA/BengkelKu-POS/vendor/laravel/framework/src/Illuminate/Pipeline/Pipeline.php(209): Illuminate/Cookie/Middleware/EncryptCookies->handle(Object(Illuminate/Http/Request), Object(Closure))
#43 D:/FREELANCE/NONA/BengkelKu-POS/vendor/laravel/framework/src/Illuminate/Pipeline/Pipeline.php(127): Illuminate/Pipeline/Pipeline->Illuminate/Pipeline/{closure}(Object(Illuminate/Http/Request))
#44 D:/FREELANCE/NONA/BengkelKu-POS/vendor/laravel/framework/src/Illuminate/Routing/Router.php(807): Illuminate/Pipeline/Pipeline->then(Object(Closure))
#45 D:/FREELANCE/NONA/BengkelKu-POS/vendor/laravel/framework/src/Illuminate/Routing/Router.php(786): Illuminate/Routing/Router->runRouteWithinStack(Object(Illuminate/Routing/Route), Object(Illuminate/Http/Request))
#46 D:/FREELANCE/NONA/BengkelKu-POS/vendor/laravel/framework/src/Illuminate/Routing/Router.php(750): Illuminate/Routing/Router->runRoute(Object(Illuminate/Http/Request), Object(Illuminate/Routing/Route))
#47 D:/FREELANCE/NONA/BengkelKu-POS/vendor/laravel/framework/src/Illuminate/Routing/Router.php(739): Illuminate/Routing/Router->dispatchToRoute(Object(Illuminate/Http/Request))
#48 D:/FREELANCE/NONA/BengkelKu-POS/vendor/laravel/framework/src/Illuminate/Foundation/Http/Kernel.php(201): Illuminate/Routing/Router->dispatch(Object(Illuminate/Http/Request))
#49 D:/FREELANCE/NONA/BengkelKu-POS/vendor/laravel/framework/src/Illuminate/Pipeline/Pipeline.php(170): Illuminate/Foundation/Http/Kernel->Illuminate/Foundation/Http/{closure}(Object(Illuminate/Http/Request))
#50 D:/FREELANCE/NONA/BengkelKu-POS/vendor/livewire/livewire/src/Features/SupportDisablingBackButtonCache/DisableBackButtonCacheMiddleware.php(19): Illuminate/Pipeline/Pipeline->Illuminate/Pipeline/{closure}(Object(Illuminate/Http/Request))
#51 D:/FREELANCE/NONA/BengkelKu-POS/vendor/laravel/framework/src/Illuminate/Pipeline/Pipeline.php(209): Livewire/Features/SupportDisablingBackButtonCache/DisableBackButtonCacheMiddleware->handle(Object(Illuminate/Http/Request), Object(Closure))
#52 D:/FREELANCE/NONA/BengkelKu-POS/vendor/laravel/framework/src/Illuminate/Foundation/Http/Middleware/TransformsRequest.php(21): Illuminate/Pipeline/Pipeline->Illuminate/Pipeline/{closure}(Object(Illuminate/Http/Request))
#53 D:/FREELANCE/NONA/BengkelKu-POS/vendor/laravel/framework/src/Illuminate/Foundation/Http/Middleware/ConvertEmptyStringsToNull.php(31): Illuminate/Foundation/Http/Middleware/TransformsRequest->handle(Object(Illuminate/Http/Request), Object(Closure))
#54 D:/FREELANCE/NONA/BengkelKu-POS/vendor/laravel/framework/src/Illuminate/Pipeline/Pipeline.php(209): Illuminate/Foundation/Http/Middleware/ConvertEmptyStringsToNull->handle(Object(Illuminate/Http/Request), Object(Closure))
#55 D:/FREELANCE/NONA/BengkelKu-POS/vendor/laravel/framework/src/Illuminate/Foundation/Http/Middleware/TransformsRequest.php(21): Illuminate/Pipeline/Pipeline->Illuminate/Pipeline/{closure}(Object(Illuminate/Http/Request))
#56 D:/FREELANCE/NONA/BengkelKu-POS/vendor/laravel/framework/src/Illuminate/Foundation/Http/Middleware/TrimStrings.php(51): Illuminate/Foundation/Http/Middleware/TransformsRequest->handle(Object(Illuminate/Http/Request), Object(Closure))
#57 D:/FREELANCE/NONA/BengkelKu-POS/vendor/laravel/framework/src/Illuminate/Pipeline/Pipeline.php(209): Illuminate/Foundation/Http/Middleware/TrimStrings->handle(Object(Illuminate/Http/Request), Object(Closure))
#58 D:/FREELANCE/NONA/BengkelKu-POS/vendor/laravel/framework/src/Illuminate/Http/Middleware/ValidatePostSize.php(27): Illuminate/Pipeline/Pipeline->Illuminate/Pipeline/{closure}(Object(Illuminate/Http/Request))
#59 D:/FREELANCE/NONA/BengkelKu-POS/vendor/laravel/framework/src/Illuminate/Pipeline/Pipeline.php(209): Illuminate/Http/Middleware/ValidatePostSize->handle(Object(Illuminate/Http/Request), Object(Closure))
#60 D:/FREELANCE/NONA/BengkelKu-POS/vendor/laravel/framework/src/Illuminate/Foundation/Http/Middleware/PreventRequestsDuringMaintenance.php(110): Illuminate/Pipeline/Pipeline->Illuminate/Pipeline/{closure}(Object(Illuminate/Http/Request))
#61 D:/FREELANCE/NONA/BengkelKu-POS/vendor/laravel/framework/src/Illuminate/Pipeline/Pipeline.php(209): Illuminate/Foundation/Http/Middleware/PreventRequestsDuringMaintenance->handle(Object(Illuminate/Http/Request), Object(Closure))
#62 D:/FREELANCE/NONA/BengkelKu-POS/vendor/laravel/framework/src/Illuminate/Http/Middleware/HandleCors.php(49): Illuminate/Pipeline/Pipeline->Illuminate/Pipeline/{closure}(Object(Illuminate/Http/Request))
#63 D:/FREELANCE/NONA/BengkelKu-POS/vendor/laravel/framework/src/Illuminate/Pipeline/Pipeline.php(209): Illuminate/Http/Middleware/HandleCors->handle(Object(Illuminate/Http/Request), Object(Closure))
#64 D:/FREELANCE/NONA/BengkelKu-POS/vendor/laravel/framework/src/Illuminate/Http/Middleware/TrustProxies.php(58): Illuminate/Pipeline/Pipeline->Illuminate/Pipeline/{closure}(Object(Illuminate/Http/Request))
#65 D:/FREELANCE/NONA/BengkelKu-POS/vendor/laravel/framework/src/Illuminate/Pipeline/Pipeline.php(209): Illuminate/Http/Middleware/TrustProxies->handle(Object(Illuminate/Http/Request), Object(Closure))
#66 D:/FREELANCE/NONA/BengkelKu-POS/vendor/laravel/framework/src/Illuminate/Foundation/Http/Middleware/InvokeDeferredCallbacks.php(22): Illuminate/Pipeline/Pipeline->Illuminate/Pipeline/{closure}(Object(Illuminate/Http/Request))
#67 D:/FREELANCE/NONA/BengkelKu-POS/vendor/laravel/framework/src/Illuminate/Pipeline/Pipeline.php(209): Illuminate/Foundation/Http/Middleware/InvokeDeferredCallbacks->handle(Object(Illuminate/Http/Request), Object(Closure))
#68 D:/FREELANCE/NONA/BengkelKu-POS/vendor/laravel/framework/src/Illuminate/Pipeline/Pipeline.php(127): Illuminate/Pipeline/Pipeline->Illuminate/Pipeline/{closure}(Object(Illuminate/Http/Request))
#69 D:/FREELANCE/NONA/BengkelKu-POS/vendor/laravel/framework/src/Illuminate/Foundation/Http/Kernel.php(176): Illuminate/Pipeline/Pipeline->then(Object(Closure))
#70 D:/FREELANCE/NONA/BengkelKu-POS/vendor/laravel/framework/src/Illuminate/Foundation/Http/Kernel.php(145): Illuminate/Foundation/Http/Kernel->sendRequestThroughRouter(Object(Illuminate/Http/Request))
#71 D:/FREELANCE/NONA/BengkelKu-POS/public/index.php(19): Illuminate/Foundation/Http/Kernel->handle(Object(Illuminate/Http/Request))
#72 D:/FREELANCE/NONA/BengkelKu-POS/vendor/laravel/framework/src/Illuminate/Foundation/resources/server.php(23): require_once('D://FREELANCE//NO...')
#73 {main}
"} 
[2026-08-31 12:14:44] local.ERROR: Undefined variable $workOrders (View: D:\FREELANCE\NONA\BengkelKu-POS\resources\views\livewire\mobile\wo.blade.php) {"userId":"a2a12424-3bbe-4cb5-b0d9-5e931f25e6ec","exception":"[object] (Illuminate\\View\\ViewException(code: 0): Undefined variable $workOrders (View: D:\\FREELANCE\\NONA\\BengkelKu-POS\\resources\\views\\livewire\\mobile\\wo.blade.php) at D:/FREELANCE/NONA/BengkelKu-POS/storage/framework/views/b0385ebe89fcbbfe410f3dcbeba6ec8e.php:13)
[stacktrace]
#0 D:/FREELANCE/NONA/BengkelKu-POS/vendor/livewire/livewire/src/Mechanisms/ExtendBlade/ExtendedCompilerEngine.php(58): Illuminate/View/Engines/CompilerEngine->handleViewException(Object(ErrorException), 1)
#1 D:/FREELANCE/NONA/BengkelKu-POS/vendor/livewire/livewire/src/Mechanisms/ExtendBlade/ExtendedCompilerEngine.php(40): Livewire/Mechanisms/ExtendBlade/ExtendedCompilerEngine->handleViewException(Object(ErrorException), 1)
#2 D:/FREELANCE/NONA/BengkelKu-POS/vendor/laravel/framework/src/Illuminate/View/Engines/CompilerEngine.php(75): Livewire/Mechanisms/ExtendBlade/ExtendedCompilerEngine->evaluatePath('D://FREELANCE//NO...', Array)
#3 D:/FREELANCE/NONA/BengkelKu-POS/vendor/livewire/livewire/src/Mechanisms/ExtendBlade/ExtendedCompilerEngine.php(16): Illuminate/View/Engines/CompilerEngine->get('D://FREELANCE//NO...', Array)
#4 D:/FREELANCE/NONA/BengkelKu-POS/vendor/laravel/framework/src/Illuminate/View/View.php(209): Livewire/Mechanisms/ExtendBlade/ExtendedCompilerEngine->get('D://FREELANCE//NO...', Array)
#5 D:/FREELANCE/NONA/BengkelKu-POS/vendor/laravel/framework/src/Illuminate/View/View.php(192): Illuminate/View/View->getContents()
#6 D:/FREELANCE/NONA/BengkelKu-POS/vendor/laravel/framework/src/Illuminate/View/View.php(161): Illuminate/View/View->renderContents()
#7 D:/FREELANCE/NONA/BengkelKu-POS/vendor/livewire/livewire/src/Mechanisms/HandleComponents/HandleComponents.php(288): Illuminate/View/View->render(Object(Closure))
#8 D:/FREELANCE/NONA/BengkelKu-POS/vendor/livewire/livewire/src/Mechanisms/HandleComponents/HandleComponents.php(332): Livewire/Mechanisms/HandleComponents/HandleComponents->Livewire/Mechanisms/HandleComponents/{closure}()
#9 D:/FREELANCE/NONA/BengkelKu-POS/vendor/livewire/livewire/src/Mechanisms/HandleComponents/HandleComponents.php(280): Livewire/Mechanisms/HandleComponents/HandleComponents->trackInRenderStack(Object(App/Livewire/MobileMechanic/WorkOrders), Object(Closure))
#10 D:/FREELANCE/NONA/BengkelKu-POS/vendor/livewire/livewire/src/Mechanisms/HandleComponents/HandleComponents.php(54): Livewire/Mechanisms/HandleComponents/HandleComponents->render(Object(App/Livewire/MobileMechanic/WorkOrders), '<div></div>')
#11 D:/FREELANCE/NONA/BengkelKu-POS/vendor/livewire/livewire/src/LivewireManager.php(73): Livewire/Mechanisms/HandleComponents/HandleComponents->mount('App//Livewire//Mo...', Array, NULL)
#12 D:/FREELANCE/NONA/BengkelKu-POS/vendor/livewire/livewire/src/Features/SupportPageComponents/HandlesPageComponents.php(17): Livewire/LivewireManager->mount('App//Livewire//Mo...', Array)
#13 D:/FREELANCE/NONA/BengkelKu-POS/vendor/livewire/livewire/src/Features/SupportPageComponents/SupportPageComponents.php(117): Livewire/Component->Livewire/Features/SupportPageComponents/{closure}()
#14 D:/FREELANCE/NONA/BengkelKu-POS/vendor/livewire/livewire/src/Features/SupportPageComponents/HandlesPageComponents.php(14): Livewire/Features/SupportPageComponents/SupportPageComponents::interceptTheRenderOfTheComponentAndRetreiveTheLayoutConfiguration(Object(Closure))
#15 D:/FREELANCE/NONA/BengkelKu-POS/vendor/laravel/framework/src/Illuminate/Routing/ControllerDispatcher.php(47): Livewire/Component->__invoke()
#16 D:/FREELANCE/NONA/BengkelKu-POS/vendor/laravel/framework/src/Illuminate/Routing/Route.php(266): Illuminate/Routing/ControllerDispatcher->dispatch(Object(Illuminate/Routing/Route), Object(App/Livewire/MobileMechanic/WorkOrders), '__invoke')
#17 D:/FREELANCE/NONA/BengkelKu-POS/vendor/laravel/framework/src/Illuminate/Routing/Route.php(212): Illuminate/Routing/Route->runController()
#18 D:/FREELANCE/NONA/BengkelKu-POS/vendor/laravel/framework/src/Illuminate/Routing/Router.php(808): Illuminate/Routing/Route->run()
#19 D:/FREELANCE/NONA/BengkelKu-POS/vendor/laravel/framework/src/Illuminate/Pipeline/Pipeline.php(170): Illuminate/Routing/Router->Illuminate/Routing/{closure}(Object(Illuminate/Http/Request))
#20 D:/FREELANCE/NONA/BengkelKu-POS/vendor/laravel/framework/src/Illuminate/Routing/Middleware/SubstituteBindings.php(51): Illuminate/Pipeline/Pipeline->Illuminate/Pipeline/{closure}(Object(Illuminate/Http/Request))
#21 D:/FREELANCE/NONA/BengkelKu-POS/vendor/laravel/framework/src/Illuminate/Pipeline/Pipeline.php(209): Illuminate/Routing/Middleware/SubstituteBindings->handle(Object(Illuminate/Http/Request), Object(Closure))
#22 D:/FREELANCE/NONA/BengkelKu-POS/vendor/laravel/framework/src/Illuminate/Auth/Middleware/Authenticate.php(64): Illuminate/Pipeline/Pipeline->Illuminate/Pipeline/{closure}(Object(Illuminate/Http/Request))
#23 D:/FREELANCE/NONA/BengkelKu-POS/vendor/laravel/framework/src/Illuminate/Pipeline/Pipeline.php(209): Illuminate/Auth/Middleware/Authenticate->handle(Object(Illuminate/Http/Request), Object(Closure))
#24 D:/FREELANCE/NONA/BengkelKu-POS/vendor/laravel/framework/src/Illuminate/Foundation/Http/Middleware/VerifyCsrfToken.php(88): Illuminate/Pipeline/Pipeline->Illuminate/Pipeline/{closure}(Object(Illuminate/Http/Request))
#25 D:/FREELANCE/NONA/BengkelKu-POS/vendor/laravel/framework/src/Illuminate/Pipeline/Pipeline.php(209): Illuminate/Foundation/Http/Middleware/VerifyCsrfToken->handle(Object(Illuminate/Http/Request), Object(Closure))
#26 D:/FREELANCE/NONA/BengkelKu-POS/vendor/laravel/framework/src/Illuminate/View/Middleware/ShareErrorsFromSession.php(49): Illuminate/Pipeline/Pipeline->Illuminate/Pipeline/{closure}(Object(Illuminate/Http/Request))
#27 D:/FREELANCE/NONA/BengkelKu-POS/vendor/laravel/framework/src/Illuminate/Pipeline/Pipeline.php(209): Illuminate/View/Middleware/ShareErrorsFromSession->handle(Object(Illuminate/Http/Request), Object(Closure))
#28 D:/FREELANCE/NONA/BengkelKu-POS/vendor/laravel/framework/src/Illuminate/Session/Middleware/StartSession.php(121): Illuminate/Pipeline/Pipeline->Illuminate/Pipeline/{closure}(Object(Illuminate/Http/Request))
#29 D:/FREELANCE/NONA/BengkelKu-POS/vendor/laravel/framework/src/Illuminate/Session/Middleware/StartSession.php(64): Illuminate/Session/Middleware/StartSession->handleStatefulRequest(Object(Illuminate/Http/Request), Object(Illuminate/Session/Store), Object(Closure))
#30 D:/FREELANCE/NONA/BengkelKu-POS/vendor/laravel/framework/src/Illuminate/Pipeline/Pipeline.php(209): Illuminate/Session/Middleware/StartSession->handle(Object(Illuminate/Http/Request), Object(Closure))
#31 D:/FREELANCE/NONA/BengkelKu-POS/vendor/laravel/framework/src/Illuminate/Cookie/Middleware/AddQueuedCookiesToResponse.php(37): Illuminate/Pipeline/Pipeline->Illuminate/Pipeline/{closure}(Object(Illuminate/Http/Request))
#32 D:/FREELANCE/NONA/BengkelKu-POS/vendor/laravel/framework/src/Illuminate/Pipeline/Pipeline.php(209): Illuminate/Cookie/Middleware/AddQueuedCookiesToResponse->handle(Object(Illuminate/Http/Request), Object(Closure))
#33 D:/FREELANCE/NONA/BengkelKu-POS/vendor/laravel/framework/src/Illuminate/Cookie/Middleware/EncryptCookies.php(75): Illuminate/Pipeline/Pipeline->Illuminate/Pipeline/{closure}(Object(Illuminate/Http/Request))
#34 D:/FREELANCE/NONA/BengkelKu-POS/vendor/laravel/framework/src/Illuminate/Pipeline/Pipeline.php(209): Illuminate/Cookie/Middleware/EncryptCookies->handle(Object(Illuminate/Http/Request), Object(Closure))
#35 D:/FREELANCE/NONA/BengkelKu-POS/vendor/laravel/framework/src/Illuminate/Pipeline/Pipeline.php(127): Illuminate/Pipeline/Pipeline->Illuminate/Pipeline/{closure}(Object(Illuminate/Http/Request))
#36 D:/FREELANCE/NONA/BengkelKu-POS/vendor/laravel/framework/src/Illuminate/Routing/Router.php(807): Illuminate/Pipeline/Pipeline->then(Object(Closure))
#37 D:/FREELANCE/NONA/BengkelKu-POS/vendor/laravel/framework/src/Illuminate/Routing/Router.php(786): Illuminate/Routing/Router->runRouteWithinStack(Object(Illuminate/Routing/Route), Object(Illuminate/Http/Request))
#38 D:/FREELANCE/NONA/BengkelKu-POS/vendor/laravel/framework/src/Illuminate/Routing/Router.php(750): Illuminate/Routing/Router->runRoute(Object(Illuminate/Http/Request), Object(Illuminate/Routing/Route))
#39 D:/FREELANCE/NONA/BengkelKu-POS/vendor/laravel/framework/src/Illuminate/Routing/Router.php(739): Illuminate/Routing/Router->dispatchToRoute(Object(Illuminate/Http/Request))
#40 D:/FREELANCE/NONA/BengkelKu-POS/vendor/laravel/framework/src/Illuminate/Foundation/Http/Kernel.php(201): Illuminate/Routing/Router->dispatch(Object(Illuminate/Http/Request))
#41 D:/FREELANCE/NONA/BengkelKu-POS/vendor/laravel/framework/src/Illuminate/Pipeline/Pipeline.php(170): Illuminate/Foundation/Http/Kernel->Illuminate/Foundation/Http/{closure}(Object(Illuminate/Http/Request))
#42 D:/FREELANCE/NONA/BengkelKu-POS/vendor/livewire/livewire/src/Features/SupportDisablingBackButtonCache/DisableBackButtonCacheMiddleware.php(19): Illuminate/Pipeline/Pipeline->Illuminate/Pipeline/{closure}(Object(Illuminate/Http/Request))
#43 D:/FREELANCE/NONA/BengkelKu-POS/vendor/laravel/framework/src/Illuminate/Pipeline/Pipeline.php(209): Livewire/Features/SupportDisablingBackButtonCache/DisableBackButtonCacheMiddleware->handle(Object(Illuminate/Http/Request), Object(Closure))
#44 D:/FREELANCE/NONA/BengkelKu-POS/vendor/laravel/framework/src/Illuminate/Foundation/Http/Middleware/TransformsRequest.php(21): Illuminate/Pipeline/Pipeline->Illuminate/Pipeline/{closure}(Object(Illuminate/Http/Request))
#45 D:/FREELANCE/NONA/BengkelKu-POS/vendor/laravel/framework/src/Illuminate/Foundation/Http/Middleware/ConvertEmptyStringsToNull.php(31): Illuminate/Foundation/Http/Middleware/TransformsRequest->handle(Object(Illuminate/Http/Request), Object(Closure))
#46 D:/FREELANCE/NONA/BengkelKu-POS/vendor/laravel/framework/src/Illuminate/Pipeline/Pipeline.php(209): Illuminate/Foundation/Http/Middleware/ConvertEmptyStringsToNull->handle(Object(Illuminate/Http/Request), Object(Closure))
#47 D:/FREELANCE/NONA/BengkelKu-POS/vendor/laravel/framework/src/Illuminate/Foundation/Http/Middleware/TransformsRequest.php(21): Illuminate/Pipeline/Pipeline->Illuminate/Pipeline/{closure}(Object(Illuminate/Http/Request))
#48 D:/FREELANCE/NONA/BengkelKu-POS/vendor/laravel/framework/src/Illuminate/Foundation/Http/Middleware/TrimStrings.php(51): Illuminate/Foundation/Http/Middleware/TransformsRequest->handle(Object(Illuminate/Http/Request), Object(Closure))
#49 D:/FREELANCE/NONA/BengkelKu-POS/vendor/laravel/framework/src/Illuminate/Pipeline/Pipeline.php(209): Illuminate/Foundation/Http/Middleware/TrimStrings->handle(Object(Illuminate/Http/Request), Object(Closure))
#50 D:/FREELANCE/NONA/BengkelKu-POS/vendor/laravel/framework/src/Illuminate/Http/Middleware/ValidatePostSize.php(27): Illuminate/Pipeline/Pipeline->Illuminate/Pipeline/{closure}(Object(Illuminate/Http/Request))
#51 D:/FREELANCE/NONA/BengkelKu-POS/vendor/laravel/framework/src/Illuminate/Pipeline/Pipeline.php(209): Illuminate/Http/Middleware/ValidatePostSize->handle(Object(Illuminate/Http/Request), Object(Closure))
#52 D:/FREELANCE/NONA/BengkelKu-POS/vendor/laravel/framework/src/Illuminate/Foundation/Http/Middleware/PreventRequestsDuringMaintenance.php(110): Illuminate/Pipeline/Pipeline->Illuminate/Pipeline/{closure}(Object(Illuminate/Http/Request))
#53 D:/FREELANCE/NONA/BengkelKu-POS/vendor/laravel/framework/src/Illuminate/Pipeline/Pipeline.php(209): Illuminate/Foundation/Http/Middleware/PreventRequestsDuringMaintenance->handle(Object(Illuminate/Http/Request), Object(Closure))
#54 D:/FREELANCE/NONA/BengkelKu-POS/vendor/laravel/framework/src/Illuminate/Http/Middleware/HandleCors.php(49): Illuminate/Pipeline/Pipeline->Illuminate/Pipeline/{closure}(Object(Illuminate/Http/Request))
#55 D:/FREELANCE/NONA/BengkelKu-POS/vendor/laravel/framework/src/Illuminate/Pipeline/Pipeline.php(209): Illuminate/Http/Middleware/HandleCors->handle(Object(Illuminate/Http/Request), Object(Closure))
#56 D:/FREELANCE/NONA/BengkelKu-POS/vendor/laravel/framework/src/Illuminate/Http/Middleware/TrustProxies.php(58): Illuminate/Pipeline/Pipeline->Illuminate/Pipeline/{closure}(Object(Illuminate/Http/Request))
#57 D:/FREELANCE/NONA/BengkelKu-POS/vendor/laravel/framework/src/Illuminate/Pipeline/Pipeline.php(209): Illuminate/Http/Middleware/TrustProxies->handle(Object(Illuminate/Http/Request), Object(Closure))
#58 D:/FREELANCE/NONA/BengkelKu-POS/vendor/laravel/framework/src/Illuminate/Foundation/Http/Middleware/InvokeDeferredCallbacks.php(22): Illuminate/Pipeline/Pipeline->Illuminate/Pipeline/{closure}(Object(Illuminate/Http/Request))
#59 D:/FREELANCE/NONA/BengkelKu-POS/vendor/laravel/framework/src/Illuminate/Pipeline/Pipeline.php(209): Illuminate/Foundation/Http/Middleware/InvokeDeferredCallbacks->handle(Object(Illuminate/Http/Request), Object(Closure))
#60 D:/FREELANCE/NONA/BengkelKu-POS/vendor/laravel/framework/src/Illuminate/Pipeline/Pipeline.php(127): Illuminate/Pipeline/Pipeline->Illuminate/Pipeline/{closure}(Object(Illuminate/Http/Request))
#61 D:/FREELANCE/NONA/BengkelKu-POS/vendor/laravel/framework/src/Illuminate/Foundation/Http/Kernel.php(176): Illuminate/Pipeline/Pipeline->then(Object(Closure))
#62 D:/FREELANCE/NONA/BengkelKu-POS/vendor/laravel/framework/src/Illuminate/Foundation/Http/Kernel.php(145): Illuminate/Foundation/Http/Kernel->sendRequestThroughRouter(Object(Illuminate/Http/Request))
#63 D:/FREELANCE/NONA/BengkelKu-POS/public/index.php(19): Illuminate/Foundation/Http/Kernel->handle(Object(Illuminate/Http/Request))
#64 D:/FREELANCE/NONA/BengkelKu-POS/vendor/laravel/framework/src/Illuminate/Foundation/resources/server.php(23): require_once('D://FREELANCE//NO...')
#65 {main}

[previous exception] [object] (ErrorException(code: 0): Undefined variable $workOrders at D:/FREELANCE/NONA/BengkelKu-POS/storage/framework/views/b0385ebe89fcbbfe410f3dcbeba6ec8e.php:13)
[stacktrace]
#0 D:/FREELANCE/NONA/BengkelKu-POS/vendor/laravel/framework/src/Illuminate/Foundation/Bootstrap/HandleExceptions.php(258): Illuminate/Foundation/Bootstrap/HandleExceptions->handleError(2, 'Undefined varia...', 'D://FREELANCE//NO...', 13)
#1 D:/FREELANCE/NONA/BengkelKu-POS/storage/framework/views/b0385ebe89fcbbfe410f3dcbeba6ec8e.php(13): Illuminate/Foundation/Bootstrap/HandleExceptions->Illuminate/Foundation/Bootstrap/{closure}(2, 'Undefined varia...', 'D://FREELANCE//NO...', 13)
#2 D:/FREELANCE/NONA/BengkelKu-POS/vendor/livewire/livewire/src/Mechanisms/ExtendBlade/ExtendedCompilerEngine.php(37): include('D://FREELANCE//NO...')
#3 D:/FREELANCE/NONA/BengkelKu-POS/vendor/livewire/livewire/src/Mechanisms/ExtendBlade/ExtendedCompilerEngine.php(38): App/Livewire/MobileMechanic/WorkOrders->Livewire/Mechanisms/ExtendBlade/{closure}()
#4 D:/FREELANCE/NONA/BengkelKu-POS/vendor/laravel/framework/src/Illuminate/View/Engines/CompilerEngine.php(75): Livewire/Mechanisms/ExtendBlade/ExtendedCompilerEngine->evaluatePath('D://FREELANCE//NO...', Array)
#5 D:/FREELANCE/NONA/BengkelKu-POS/vendor/livewire/livewire/src/Mechanisms/ExtendBlade/ExtendedCompilerEngine.php(16): Illuminate/View/Engines/CompilerEngine->get('D://FREELANCE//NO...', Array)
#6 D:/FREELANCE/NONA/BengkelKu-POS/vendor/laravel/framework/src/Illuminate/View/View.php(209): Livewire/Mechanisms/ExtendBlade/ExtendedCompilerEngine->get('D://FREELANCE//NO...', Array)
#7 D:/FREELANCE/NONA/BengkelKu-POS/vendor/laravel/framework/src/Illuminate/View/View.php(192): Illuminate/View/View->getContents()
#8 D:/FREELANCE/NONA/BengkelKu-POS/vendor/laravel/framework/src/Illuminate/View/View.php(161): Illuminate/View/View->renderContents()
#9 D:/FREELANCE/NONA/BengkelKu-POS/vendor/livewire/livewire/src/Mechanisms/HandleComponents/HandleComponents.php(288): Illuminate/View/View->render(Object(Closure))
#10 D:/FREELANCE/NONA/BengkelKu-POS/vendor/livewire/livewire/src/Mechanisms/HandleComponents/HandleComponents.php(332): Livewire/Mechanisms/HandleComponents/HandleComponents->Livewire/Mechanisms/HandleComponents/{closure}()
#11 D:/FREELANCE/NONA/BengkelKu-POS/vendor/livewire/livewire/src/Mechanisms/HandleComponents/HandleComponents.php(280): Livewire/Mechanisms/HandleComponents/HandleComponents->trackInRenderStack(Object(App/Livewire/MobileMechanic/WorkOrders), Object(Closure))
#12 D:/FREELANCE/NONA/BengkelKu-POS/vendor/livewire/livewire/src/Mechanisms/HandleComponents/HandleComponents.php(54): Livewire/Mechanisms/HandleComponents/HandleComponents->render(Object(App/Livewire/MobileMechanic/WorkOrders), '<div></div>')
#13 D:/FREELANCE/NONA/BengkelKu-POS/vendor/livewire/livewire/src/LivewireManager.php(73): Livewire/Mechanisms/HandleComponents/HandleComponents->mount('App//Livewire//Mo...', Array, NULL)
#14 D:/FREELANCE/NONA/BengkelKu-POS/vendor/livewire/livewire/src/Features/SupportPageComponents/HandlesPageComponents.php(17): Livewire/LivewireManager->mount('App//Livewire//Mo...', Array)
#15 D:/FREELANCE/NONA/BengkelKu-POS/vendor/livewire/livewire/src/Features/SupportPageComponents/SupportPageComponents.php(117): Livewire/Component->Livewire/Features/SupportPageComponents/{closure}()
#16 D:/FREELANCE/NONA/BengkelKu-POS/vendor/livewire/livewire/src/Features/SupportPageComponents/HandlesPageComponents.php(14): Livewire/Features/SupportPageComponents/SupportPageComponents::interceptTheRenderOfTheComponentAndRetreiveTheLayoutConfiguration(Object(Closure))
#17 D:/FREELANCE/NONA/BengkelKu-POS/vendor/laravel/framework/src/Illuminate/Routing/ControllerDispatcher.php(47): Livewire/Component->__invoke()
#18 D:/FREELANCE/NONA/BengkelKu-POS/vendor/laravel/framework/src/Illuminate/Routing/Route.php(266): Illuminate/Routing/ControllerDispatcher->dispatch(Object(Illuminate/Routing/Route), Object(App/Livewire/MobileMechanic/WorkOrders), '__invoke')
#19 D:/FREELANCE/NONA/BengkelKu-POS/vendor/laravel/framework/src/Illuminate/Routing/Route.php(212): Illuminate/Routing/Route->runController()
#20 D:/FREELANCE/NONA/BengkelKu-POS/vendor/laravel/framework/src/Illuminate/Routing/Router.php(808): Illuminate/Routing/Route->run()
#21 D:/FREELANCE/NONA/BengkelKu-POS/vendor/laravel/framework/src/Illuminate/Pipeline/Pipeline.php(170): Illuminate/Routing/Router->Illuminate/Routing/{closure}(Object(Illuminate/Http/Request))
#22 D:/FREELANCE/NONA/BengkelKu-POS/vendor/laravel/framework/src/Illuminate/Routing/Middleware/SubstituteBindings.php(51): Illuminate/Pipeline/Pipeline->Illuminate/Pipeline/{closure}(Object(Illuminate/Http/Request))
#23 D:/FREELANCE/NONA/BengkelKu-POS/vendor/laravel/framework/src/Illuminate/Pipeline/Pipeline.php(209): Illuminate/Routing/Middleware/SubstituteBindings->handle(Object(Illuminate/Http/Request), Object(Closure))
#24 D:/FREELANCE/NONA/BengkelKu-POS/vendor/laravel/framework/src/Illuminate/Auth/Middleware/Authenticate.php(64): Illuminate/Pipeline/Pipeline->Illuminate/Pipeline/{closure}(Object(Illuminate/Http/Request))
#25 D:/FREELANCE/NONA/BengkelKu-POS/vendor/laravel/framework/src/Illuminate/Pipeline/Pipeline.php(209): Illuminate/Auth/Middleware/Authenticate->handle(Object(Illuminate/Http/Request), Object(Closure))
#26 D:/FREELANCE/NONA/BengkelKu-POS/vendor/laravel/framework/src/Illuminate/Foundation/Http/Middleware/VerifyCsrfToken.php(88): Illuminate/Pipeline/Pipeline->Illuminate/Pipeline/{closure}(Object(Illuminate/Http/Request))
#27 D:/FREELANCE/NONA/BengkelKu-POS/vendor/laravel/framework/src/Illuminate/Pipeline/Pipeline.php(209): Illuminate/Foundation/Http/Middleware/VerifyCsrfToken->handle(Object(Illuminate/Http/Request), Object(Closure))
#28 D:/FREELANCE/NONA/BengkelKu-POS/vendor/laravel/framework/src/Illuminate/View/Middleware/ShareErrorsFromSession.php(49): Illuminate/Pipeline/Pipeline->Illuminate/Pipeline/{closure}(Object(Illuminate/Http/Request))
#29 D:/FREELANCE/NONA/BengkelKu-POS/vendor/laravel/framework/src/Illuminate/Pipeline/Pipeline.php(209): Illuminate/View/Middleware/ShareErrorsFromSession->handle(Object(Illuminate/Http/Request), Object(Closure))
#30 D:/FREELANCE/NONA/BengkelKu-POS/vendor/laravel/framework/src/Illuminate/Session/Middleware/StartSession.php(121): Illuminate/Pipeline/Pipeline->Illuminate/Pipeline/{closure}(Object(Illuminate/Http/Request))
#31 D:/FREELANCE/NONA/BengkelKu-POS/vendor/laravel/framework/src/Illuminate/Session/Middleware/StartSession.php(64): Illuminate/Session/Middleware/StartSession->handleStatefulRequest(Object(Illuminate/Http/Request), Object(Illuminate/Session/Store), Object(Closure))
#32 D:/FREELANCE/NONA/BengkelKu-POS/vendor/laravel/framework/src/Illuminate/Pipeline/Pipeline.php(209): Illuminate/Session/Middleware/StartSession->handle(Object(Illuminate/Http/Request), Object(Closure))
#33 D:/FREELANCE/NONA/BengkelKu-POS/vendor/laravel/framework/src/Illuminate/Cookie/Middleware/AddQueuedCookiesToResponse.php(37): Illuminate/Pipeline/Pipeline->Illuminate/Pipeline/{closure}(Object(Illuminate/Http/Request))
#34 D:/FREELANCE/NONA/BengkelKu-POS/vendor/laravel/framework/src/Illuminate/Pipeline/Pipeline.php(209): Illuminate/Cookie/Middleware/AddQueuedCookiesToResponse->handle(Object(Illuminate/Http/Request), Object(Closure))
#35 D:/FREELANCE/NONA/BengkelKu-POS/vendor/laravel/framework/src/Illuminate/Cookie/Middleware/EncryptCookies.php(75): Illuminate/Pipeline/Pipeline->Illuminate/Pipeline/{closure}(Object(Illuminate/Http/Request))
#36 D:/FREELANCE/NONA/BengkelKu-POS/vendor/laravel/framework/src/Illuminate/Pipeline/Pipeline.php(209): Illuminate/Cookie/Middleware/EncryptCookies->handle(Object(Illuminate/Http/Request), Object(Closure))
#37 D:/FREELANCE/NONA/BengkelKu-POS/vendor/laravel/framework/src/Illuminate/Pipeline/Pipeline.php(127): Illuminate/Pipeline/Pipeline->Illuminate/Pipeline/{closure}(Object(Illuminate/Http/Request))
#38 D:/FREELANCE/NONA/BengkelKu-POS/vendor/laravel/framework/src/Illuminate/Routing/Router.php(807): Illuminate/Pipeline/Pipeline->then(Object(Closure))
#39 D:/FREELANCE/NONA/BengkelKu-POS/vendor/laravel/framework/src/Illuminate/Routing/Router.php(786): Illuminate/Routing/Router->runRouteWithinStack(Object(Illuminate/Routing/Route), Object(Illuminate/Http/Request))
#40 D:/FREELANCE/NONA/BengkelKu-POS/vendor/laravel/framework/src/Illuminate/Routing/Router.php(750): Illuminate/Routing/Router->runRoute(Object(Illuminate/Http/Request), Object(Illuminate/Routing/Route))
#41 D:/FREELANCE/NONA/BengkelKu-POS/vendor/laravel/framework/src/Illuminate/Routing/Router.php(739): Illuminate/Routing/Router->dispatchToRoute(Object(Illuminate/Http/Request))
#42 D:/FREELANCE/NONA/BengkelKu-POS/vendor/laravel/framework/src/Illuminate/Foundation/Http/Kernel.php(201): Illuminate/Routing/Router->dispatch(Object(Illuminate/Http/Request))
#43 D:/FREELANCE/NONA/BengkelKu-POS/vendor/laravel/framework/src/Illuminate/Pipeline/Pipeline.php(170): Illuminate/Foundation/Http/Kernel->Illuminate/Foundation/Http/{closure}(Object(Illuminate/Http/Request))
#44 D:/FREELANCE/NONA/BengkelKu-POS/vendor/livewire/livewire/src/Features/SupportDisablingBackButtonCache/DisableBackButtonCacheMiddleware.php(19): Illuminate/Pipeline/Pipeline->Illuminate/Pipeline/{closure}(Object(Illuminate/Http/Request))
#45 D:/FREELANCE/NONA/BengkelKu-POS/vendor/laravel/framework/src/Illuminate/Pipeline/Pipeline.php(209): Livewire/Features/SupportDisablingBackButtonCache/DisableBackButtonCacheMiddleware->handle(Object(Illuminate/Http/Request), Object(Closure))
#46 D:/FREELANCE/NONA/BengkelKu-POS/vendor/laravel/framework/src/Illuminate/Foundation/Http/Middleware/TransformsRequest.php(21): Illuminate/Pipeline/Pipeline->Illuminate/Pipeline/{closure}(Object(Illuminate/Http/Request))
#47 D:/FREELANCE/NONA/BengkelKu-POS/vendor/laravel/framework/src/Illuminate/Foundation/Http/Middleware/ConvertEmptyStringsToNull.php(31): Illuminate/Foundation/Http/Middleware/TransformsRequest->handle(Object(Illuminate/Http/Request), Object(Closure))
#48 D:/FREELANCE/NONA/BengkelKu-POS/vendor/laravel/framework/src/Illuminate/Pipeline/Pipeline.php(209): Illuminate/Foundation/Http/Middleware/ConvertEmptyStringsToNull->handle(Object(Illuminate/Http/Request), Object(Closure))
#49 D:/FREELANCE/NONA/BengkelKu-POS/vendor/laravel/framework/src/Illuminate/Foundation/Http/Middleware/TransformsRequest.php(21): Illuminate/Pipeline/Pipeline->Illuminate/Pipeline/{closure}(Object(Illuminate/Http/Request))
#50 D:/FREELANCE/NONA/BengkelKu-POS/vendor/laravel/framework/src/Illuminate/Foundation/Http/Middleware/TrimStrings.php(51): Illuminate/Foundation/Http/Middleware/TransformsRequest->handle(Object(Illuminate/Http/Request), Object(Closure))
#51 D:/FREELANCE/NONA/BengkelKu-POS/vendor/laravel/framework/src/Illuminate/Pipeline/Pipeline.php(209): Illuminate/Foundation/Http/Middleware/TrimStrings->handle(Object(Illuminate/Http/Request), Object(Closure))
#52 D:/FREELANCE/NONA/BengkelKu-POS/vendor/laravel/framework/src/Illuminate/Http/Middleware/ValidatePostSize.php(27): Illuminate/Pipeline/Pipeline->Illuminate/Pipeline/{closure}(Object(Illuminate/Http/Request))
#53 D:/FREELANCE/NONA/BengkelKu-POS/vendor/laravel/framework/src/Illuminate/Pipeline/Pipeline.php(209): Illuminate/Http/Middleware/ValidatePostSize->handle(Object(Illuminate/Http/Request), Object(Closure))
#54 D:/FREELANCE/NONA/BengkelKu-POS/vendor/laravel/framework/src/Illuminate/Foundation/Http/Middleware/PreventRequestsDuringMaintenance.php(110): Illuminate/Pipeline/Pipeline->Illuminate/Pipeline/{closure}(Object(Illuminate/Http/Request))
#55 D:/FREELANCE/NONA/BengkelKu-POS/vendor/laravel/framework/src/Illuminate/Pipeline/Pipeline.php(209): Illuminate/Foundation/Http/Middleware/PreventRequestsDuringMaintenance->handle(Object(Illuminate/Http/Request), Object(Closure))
#56 D:/FREELANCE/NONA/BengkelKu-POS/vendor/laravel/framework/src/Illuminate/Http/Middleware/HandleCors.php(49): Illuminate/Pipeline/Pipeline->Illuminate/Pipeline/{closure}(Object(Illuminate/Http/Request))
#57 D:/FREELANCE/NONA/BengkelKu-POS/vendor/laravel/framework/src/Illuminate/Pipeline/Pipeline.php(209): Illuminate/Http/Middleware/HandleCors->handle(Object(Illuminate/Http/Request), Object(Closure))
#58 D:/FREELANCE/NONA/BengkelKu-POS/vendor/laravel/framework/src/Illuminate/Http/Middleware/TrustProxies.php(58): Illuminate/Pipeline/Pipeline->Illuminate/Pipeline/{closure}(Object(Illuminate/Http/Request))
#59 D:/FREELANCE/NONA/BengkelKu-POS/vendor/laravel/framework/src/Illuminate/Pipeline/Pipeline.php(209): Illuminate/Http/Middleware/TrustProxies->handle(Object(Illuminate/Http/Request), Object(Closure))
#60 D:/FREELANCE/NONA/BengkelKu-POS/vendor/laravel/framework/src/Illuminate/Foundation/Http/Middleware/InvokeDeferredCallbacks.php(22): Illuminate/Pipeline/Pipeline->Illuminate/Pipeline/{closure}(Object(Illuminate/Http/Request))
#61 D:/FREELANCE/NONA/BengkelKu-POS/vendor/laravel/framework/src/Illuminate/Pipeline/Pipeline.php(209): Illuminate/Foundation/Http/Middleware/InvokeDeferredCallbacks->handle(Object(Illuminate/Http/Request), Object(Closure))
#62 D:/FREELANCE/NONA/BengkelKu-POS/vendor/laravel/framework/src/Illuminate/Pipeline/Pipeline.php(127): Illuminate/Pipeline/Pipeline->Illuminate/Pipeline/{closure}(Object(Illuminate/Http/Request))
#63 D:/FREELANCE/NONA/BengkelKu-POS/vendor/laravel/framework/src/Illuminate/Foundation/Http/Kernel.php(176): Illuminate/Pipeline/Pipeline->then(Object(Closure))
#64 D:/FREELANCE/NONA/BengkelKu-POS/vendor/laravel/framework/src/Illuminate/Foundation/Http/Kernel.php(145): Illuminate/Foundation/Http/Kernel->sendRequestThroughRouter(Object(Illuminate/Http/Request))
#65 D:/FREELANCE/NONA/BengkelKu-POS/public/index.php(19): Illuminate/Foundation/Http/Kernel->handle(Object(Illuminate/Http/Request))
#66 D:/FREELANCE/NONA/BengkelKu-POS/vendor/laravel/framework/src/Illuminate/Foundation/resources/server.php(23): require_once('D://FREELANCE//NO...')
#67 {main}
"} 
[2026-08-31 15:55:50] local.ERROR: Undefined variable $foundProduct (View: D:\FREELANCE\NONA\BengkelKu-POS\resources\views\livewire\mobile\scanner.blade.php) {"userId":"a2a12424-3bbe-4cb5-b0d9-5e931f25e6ec","exception":"[object] (Illuminate\\View\\ViewException(code: 0): Undefined variable $foundProduct (View: D:\\FREELANCE\\NONA\\BengkelKu-POS\\resources\\views\\livewire\\mobile\\scanner.blade.php) at D:/FREELANCE/NONA/BengkelKu-POS/storage/framework/views/80e5af808b527f169e9fff0cd71cd4a5.php:51)
[stacktrace]
#0 D:/FREELANCE/NONA/BengkelKu-POS/vendor/livewire/livewire/src/Mechanisms/ExtendBlade/ExtendedCompilerEngine.php(58): Illuminate/View/Engines/CompilerEngine->handleViewException(Object(ErrorException), 1)
#1 D:/FREELANCE/NONA/BengkelKu-POS/vendor/livewire/livewire/src/Mechanisms/ExtendBlade/ExtendedCompilerEngine.php(40): Livewire/Mechanisms/ExtendBlade/ExtendedCompilerEngine->handleViewException(Object(ErrorException), 1)
#2 D:/FREELANCE/NONA/BengkelKu-POS/vendor/laravel/framework/src/Illuminate/View/Engines/CompilerEngine.php(75): Livewire/Mechanisms/ExtendBlade/ExtendedCompilerEngine->evaluatePath('D://FREELANCE//NO...', Array)
#3 D:/FREELANCE/NONA/BengkelKu-POS/vendor/livewire/livewire/src/Mechanisms/ExtendBlade/ExtendedCompilerEngine.php(16): Illuminate/View/Engines/CompilerEngine->get('D://FREELANCE//NO...', Array)
#4 D:/FREELANCE/NONA/BengkelKu-POS/vendor/laravel/framework/src/Illuminate/View/View.php(209): Livewire/Mechanisms/ExtendBlade/ExtendedCompilerEngine->get('D://FREELANCE//NO...', Array)
#5 D:/FREELANCE/NONA/BengkelKu-POS/vendor/laravel/framework/src/Illuminate/View/View.php(192): Illuminate/View/View->getContents()
#6 D:/FREELANCE/NONA/BengkelKu-POS/vendor/laravel/framework/src/Illuminate/View/View.php(161): Illuminate/View/View->renderContents()
#7 D:/FREELANCE/NONA/BengkelKu-POS/vendor/livewire/livewire/src/Mechanisms/HandleComponents/HandleComponents.php(288): Illuminate/View/View->render(Object(Closure))
#8 D:/FREELANCE/NONA/BengkelKu-POS/vendor/livewire/livewire/src/Mechanisms/HandleComponents/HandleComponents.php(332): Livewire/Mechanisms/HandleComponents/HandleComponents->Livewire/Mechanisms/HandleComponents/{closure}()
#9 D:/FREELANCE/NONA/BengkelKu-POS/vendor/livewire/livewire/src/Mechanisms/HandleComponents/HandleComponents.php(280): Livewire/Mechanisms/HandleComponents/HandleComponents->trackInRenderStack(Object(App/Livewire/MobileMechanic/Scanner), Object(Closure))
#10 D:/FREELANCE/NONA/BengkelKu-POS/vendor/livewire/livewire/src/Mechanisms/HandleComponents/HandleComponents.php(127): Livewire/Mechanisms/HandleComponents/HandleComponents->render(Object(App/Livewire/MobileMechanic/Scanner))
#11 D:/FREELANCE/NONA/BengkelKu-POS/vendor/livewire/livewire/src/LivewireManager.php(102): Livewire/Mechanisms/HandleComponents/HandleComponents->update(Array, Array, Array)
#12 D:/FREELANCE/NONA/BengkelKu-POS/vendor/livewire/livewire/src/Mechanisms/HandleRequests/HandleRequests.php(144): Livewire/LivewireManager->update(Array, Array, Array)
#13 D:/FREELANCE/NONA/BengkelKu-POS/vendor/laravel/framework/src/Illuminate/Routing/ControllerDispatcher.php(47): Livewire/Mechanisms/HandleRequests/HandleRequests->handleUpdate()
#14 D:/FREELANCE/NONA/BengkelKu-POS/vendor/laravel/framework/src/Illuminate/Routing/Route.php(266): Illuminate/Routing/ControllerDispatcher->dispatch(Object(Illuminate/Routing/Route), Object(Livewire/Mechanisms/HandleRequests/HandleRequests), 'handleUpdate')
#15 D:/FREELANCE/NONA/BengkelKu-POS/vendor/laravel/framework/src/Illuminate/Routing/Route.php(212): Illuminate/Routing/Route->runController()
#16 D:/FREELANCE/NONA/BengkelKu-POS/vendor/laravel/framework/src/Illuminate/Routing/Router.php(808): Illuminate/Routing/Route->run()
#17 D:/FREELANCE/NONA/BengkelKu-POS/vendor/laravel/framework/src/Illuminate/Pipeline/Pipeline.php(170): Illuminate/Routing/Router->Illuminate/Routing/{closure}(Object(Illuminate/Http/Request))
#18 D:/FREELANCE/NONA/BengkelKu-POS/vendor/laravel/framework/src/Illuminate/Routing/Middleware/SubstituteBindings.php(51): Illuminate/Pipeline/Pipeline->Illuminate/Pipeline/{closure}(Object(Illuminate/Http/Request))
#19 D:/FREELANCE/NONA/BengkelKu-POS/vendor/laravel/framework/src/Illuminate/Pipeline/Pipeline.php(209): Illuminate/Routing/Middleware/SubstituteBindings->handle(Object(Illuminate/Http/Request), Object(Closure))
#20 D:/FREELANCE/NONA/BengkelKu-POS/vendor/laravel/framework/src/Illuminate/Foundation/Http/Middleware/VerifyCsrfToken.php(88): Illuminate/Pipeline/Pipeline->Illuminate/Pipeline/{closure}(Object(Illuminate/Http/Request))
#21 D:/FREELANCE/NONA/BengkelKu-POS/vendor/laravel/framework/src/Illuminate/Pipeline/Pipeline.php(209): Illuminate/Foundation/Http/Middleware/VerifyCsrfToken->handle(Object(Illuminate/Http/Request), Object(Closure))
#22 D:/FREELANCE/NONA/BengkelKu-POS/vendor/laravel/framework/src/Illuminate/View/Middleware/ShareErrorsFromSession.php(49): Illuminate/Pipeline/Pipeline->Illuminate/Pipeline/{closure}(Object(Illuminate/Http/Request))
#23 D:/FREELANCE/NONA/BengkelKu-POS/vendor/laravel/framework/src/Illuminate/Pipeline/Pipeline.php(209): Illuminate/View/Middleware/ShareErrorsFromSession->handle(Object(Illuminate/Http/Request), Object(Closure))
#24 D:/FREELANCE/NONA/BengkelKu-POS/vendor/laravel/framework/src/Illuminate/Session/Middleware/StartSession.php(121): Illuminate/Pipeline/Pipeline->Illuminate/Pipeline/{closure}(Object(Illuminate/Http/Request))
#25 D:/FREELANCE/NONA/BengkelKu-POS/vendor/laravel/framework/src/Illuminate/Session/Middleware/StartSession.php(64): Illuminate/Session/Middleware/StartSession->handleStatefulRequest(Object(Illuminate/Http/Request), Object(Illuminate/Session/Store), Object(Closure))
#26 D:/FREELANCE/NONA/BengkelKu-POS/vendor/laravel/framework/src/Illuminate/Pipeline/Pipeline.php(209): Illuminate/Session/Middleware/StartSession->handle(Object(Illuminate/Http/Request), Object(Closure))
#27 D:/FREELANCE/NONA/BengkelKu-POS/vendor/laravel/framework/src/Illuminate/Cookie/Middleware/AddQueuedCookiesToResponse.php(37): Illuminate/Pipeline/Pipeline->Illuminate/Pipeline/{closure}(Object(Illuminate/Http/Request))
#28 D:/FREELANCE/NONA/BengkelKu-POS/vendor/laravel/framework/src/Illuminate/Pipeline/Pipeline.php(209): Illuminate/Cookie/Middleware/AddQueuedCookiesToResponse->handle(Object(Illuminate/Http/Request), Object(Closure))
#29 D:/FREELANCE/NONA/BengkelKu-POS/vendor/laravel/framework/src/Illuminate/Cookie/Middleware/EncryptCookies.php(75): Illuminate/Pipeline/Pipeline->Illuminate/Pipeline/{closure}(Object(Illuminate/Http/Request))
#30 D:/FREELANCE/NONA/BengkelKu-POS/vendor/laravel/framework/src/Illuminate/Pipeline/Pipeline.php(209): Illuminate/Cookie/Middleware/EncryptCookies->handle(Object(Illuminate/Http/Request), Object(Closure))
#31 D:/FREELANCE/NONA/BengkelKu-POS/vendor/laravel/framework/src/Illuminate/Pipeline/Pipeline.php(127): Illuminate/Pipeline/Pipeline->Illuminate/Pipeline/{closure}(Object(Illuminate/Http/Request))
#32 D:/FREELANCE/NONA/BengkelKu-POS/vendor/laravel/framework/src/Illuminate/Routing/Router.php(807): Illuminate/Pipeline/Pipeline->then(Object(Closure))
#33 D:/FREELANCE/NONA/BengkelKu-POS/vendor/laravel/framework/src/Illuminate/Routing/Router.php(786): Illuminate/Routing/Router->runRouteWithinStack(Object(Illuminate/Routing/Route), Object(Illuminate/Http/Request))
#34 D:/FREELANCE/NONA/BengkelKu-POS/vendor/laravel/framework/src/Illuminate/Routing/Router.php(750): Illuminate/Routing/Router->runRoute(Object(Illuminate/Http/Request), Object(Illuminate/Routing/Route))
#35 D:/FREELANCE/NONA/BengkelKu-POS/vendor/laravel/framework/src/Illuminate/Routing/Router.php(739): Illuminate/Routing/Router->dispatchToRoute(Object(Illuminate/Http/Request))
#36 D:/FREELANCE/NONA/BengkelKu-POS/vendor/laravel/framework/src/Illuminate/Foundation/Http/Kernel.php(201): Illuminate/Routing/Router->dispatch(Object(Illuminate/Http/Request))
#37 D:/FREELANCE/NONA/BengkelKu-POS/vendor/laravel/framework/src/Illuminate/Pipeline/Pipeline.php(170): Illuminate/Foundation/Http/Kernel->Illuminate/Foundation/Http/{closure}(Object(Illuminate/Http/Request))
#38 D:/FREELANCE/NONA/BengkelKu-POS/vendor/livewire/livewire/src/Features/SupportDisablingBackButtonCache/DisableBackButtonCacheMiddleware.php(19): Illuminate/Pipeline/Pipeline->Illuminate/Pipeline/{closure}(Object(Illuminate/Http/Request))
#39 D:/FREELANCE/NONA/BengkelKu-POS/vendor/laravel/framework/src/Illuminate/Pipeline/Pipeline.php(209): Livewire/Features/SupportDisablingBackButtonCache/DisableBackButtonCacheMiddleware->handle(Object(Illuminate/Http/Request), Object(Closure))
#40 D:/FREELANCE/NONA/BengkelKu-POS/vendor/laravel/framework/src/Illuminate/Foundation/Http/Middleware/ConvertEmptyStringsToNull.php(27): Illuminate/Pipeline/Pipeline->Illuminate/Pipeline/{closure}(Object(Illuminate/Http/Request))
#41 D:/FREELANCE/NONA/BengkelKu-POS/vendor/laravel/framework/src/Illuminate/Pipeline/Pipeline.php(209): Illuminate/Foundation/Http/Middleware/ConvertEmptyStringsToNull->handle(Object(Illuminate/Http/Request), Object(Closure))
#42 D:/FREELANCE/NONA/BengkelKu-POS/vendor/laravel/framework/src/Illuminate/Foundation/Http/Middleware/TrimStrings.php(47): Illuminate/Pipeline/Pipeline->Illuminate/Pipeline/{closure}(Object(Illuminate/Http/Request))
#43 D:/FREELANCE/NONA/BengkelKu-POS/vendor/laravel/framework/src/Illuminate/Pipeline/Pipeline.php(209): Illuminate/Foundation/Http/Middleware/TrimStrings->handle(Object(Illuminate/Http/Request), Object(Closure))
#44 D:/FREELANCE/NONA/BengkelKu-POS/vendor/laravel/framework/src/Illuminate/Http/Middleware/ValidatePostSize.php(27): Illuminate/Pipeline/Pipeline->Illuminate/Pipeline/{closure}(Object(Illuminate/Http/Request))
#45 D:/FREELANCE/NONA/BengkelKu-POS/vendor/laravel/framework/src/Illuminate/Pipeline/Pipeline.php(209): Illuminate/Http/Middleware/ValidatePostSize->handle(Object(Illuminate/Http/Request), Object(Closure))
#46 D:/FREELANCE/NONA/BengkelKu-POS/vendor/laravel/framework/src/Illuminate/Foundation/Http/Middleware/PreventRequestsDuringMaintenance.php(110): Illuminate/Pipeline/Pipeline->Illuminate/Pipeline/{closure}(Object(Illuminate/Http/Request))
#47 D:/FREELANCE/NONA/BengkelKu-POS/vendor/laravel/framework/src/Illuminate/Pipeline/Pipeline.php(209): Illuminate/Foundation/Http/Middleware/PreventRequestsDuringMaintenance->handle(Object(Illuminate/Http/Request), Object(Closure))
#48 D:/FREELANCE/NONA/BengkelKu-POS/vendor/laravel/framework/src/Illuminate/Http/Middleware/HandleCors.php(49): Illuminate/Pipeline/Pipeline->Illuminate/Pipeline/{closure}(Object(Illuminate/Http/Request))
#49 D:/FREELANCE/NONA/BengkelKu-POS/vendor/laravel/framework/src/Illuminate/Pipeline/Pipeline.php(209): Illuminate/Http/Middleware/HandleCors->handle(Object(Illuminate/Http/Request), Object(Closure))
#50 D:/FREELANCE/NONA/BengkelKu-POS/vendor/laravel/framework/src/Illuminate/Http/Middleware/TrustProxies.php(58): Illuminate/Pipeline/Pipeline->Illuminate/Pipeline/{closure}(Object(Illuminate/Http/Request))
#51 D:/FREELANCE/NONA/BengkelKu-POS/vendor/laravel/framework/src/Illuminate/Pipeline/Pipeline.php(209): Illuminate/Http/Middleware/TrustProxies->handle(Object(Illuminate/Http/Request), Object(Closure))
#52 D:/FREELANCE/NONA/BengkelKu-POS/vendor/laravel/framework/src/Illuminate/Foundation/Http/Middleware/InvokeDeferredCallbacks.php(22): Illuminate/Pipeline/Pipeline->Illuminate/Pipeline/{closure}(Object(Illuminate/Http/Request))
#53 D:/FREELANCE/NONA/BengkelKu-POS/vendor/laravel/framework/src/Illuminate/Pipeline/Pipeline.php(209): Illuminate/Foundation/Http/Middleware/InvokeDeferredCallbacks->handle(Object(Illuminate/Http/Request), Object(Closure))
#54 D:/FREELANCE/NONA/BengkelKu-POS/vendor/laravel/framework/src/Illuminate/Pipeline/Pipeline.php(127): Illuminate/Pipeline/Pipeline->Illuminate/Pipeline/{closure}(Object(Illuminate/Http/Request))
#55 D:/FREELANCE/NONA/BengkelKu-POS/vendor/laravel/framework/src/Illuminate/Foundation/Http/Kernel.php(176): Illuminate/Pipeline/Pipeline->then(Object(Closure))
#56 D:/FREELANCE/NONA/BengkelKu-POS/vendor/laravel/framework/src/Illuminate/Foundation/Http/Kernel.php(145): Illuminate/Foundation/Http/Kernel->sendRequestThroughRouter(Object(Illuminate/Http/Request))
#57 D:/FREELANCE/NONA/BengkelKu-POS/public/index.php(19): Illuminate/Foundation/Http/Kernel->handle(Object(Illuminate/Http/Request))
#58 D:/FREELANCE/NONA/BengkelKu-POS/vendor/laravel/framework/src/Illuminate/Foundation/resources/server.php(23): require_once('D://FREELANCE//NO...')
#59 {main}

[previous exception] [object] (ErrorException(code: 0): Undefined variable $foundProduct at D:/FREELANCE/NONA/BengkelKu-POS/storage/framework/views/80e5af808b527f169e9fff0cd71cd4a5.php:51)
[stacktrace]
#0 D:/FREELANCE/NONA/BengkelKu-POS/vendor/laravel/framework/src/Illuminate/Foundation/Bootstrap/HandleExceptions.php(258): Illuminate/Foundation/Bootstrap/HandleExceptions->handleError(2, 'Undefined varia...', 'D://FREELANCE//NO...', 51)
#1 D:/FREELANCE/NONA/BengkelKu-POS/storage/framework/views/80e5af808b527f169e9fff0cd71cd4a5.php(51): Illuminate/Foundation/Bootstrap/HandleExceptions->Illuminate/Foundation/Bootstrap/{closure}(2, 'Undefined varia...', 'D://FREELANCE//NO...', 51)
#2 D:/FREELANCE/NONA/BengkelKu-POS/vendor/livewire/livewire/src/Mechanisms/ExtendBlade/ExtendedCompilerEngine.php(37): include('D://FREELANCE//NO...')
#3 D:/FREELANCE/NONA/BengkelKu-POS/vendor/livewire/livewire/src/Mechanisms/ExtendBlade/ExtendedCompilerEngine.php(38): App/Livewire/MobileMechanic/Scanner->Livewire/Mechanisms/ExtendBlade/{closure}()
#4 D:/FREELANCE/NONA/BengkelKu-POS/vendor/laravel/framework/src/Illuminate/View/Engines/CompilerEngine.php(75): Livewire/Mechanisms/ExtendBlade/ExtendedCompilerEngine->evaluatePath('D://FREELANCE//NO...', Array)
#5 D:/FREELANCE/NONA/BengkelKu-POS/vendor/livewire/livewire/src/Mechanisms/ExtendBlade/ExtendedCompilerEngine.php(16): Illuminate/View/Engines/CompilerEngine->get('D://FREELANCE//NO...', Array)
#6 D:/FREELANCE/NONA/BengkelKu-POS/vendor/laravel/framework/src/Illuminate/View/View.php(209): Livewire/Mechanisms/ExtendBlade/ExtendedCompilerEngine->get('D://FREELANCE//NO...', Array)
#7 D:/FREELANCE/NONA/BengkelKu-POS/vendor/laravel/framework/src/Illuminate/View/View.php(192): Illuminate/View/View->getContents()
#8 D:/FREELANCE/NONA/BengkelKu-POS/vendor/laravel/framework/src/Illuminate/View/View.php(161): Illuminate/View/View->renderContents()
#9 D:/FREELANCE/NONA/BengkelKu-POS/vendor/livewire/livewire/src/Mechanisms/HandleComponents/HandleComponents.php(288): Illuminate/View/View->render(Object(Closure))
#10 D:/FREELANCE/NONA/BengkelKu-POS/vendor/livewire/livewire/src/Mechanisms/HandleComponents/HandleComponents.php(332): Livewire/Mechanisms/HandleComponents/HandleComponents->Livewire/Mechanisms/HandleComponents/{closure}()
#11 D:/FREELANCE/NONA/BengkelKu-POS/vendor/livewire/livewire/src/Mechanisms/HandleComponents/HandleComponents.php(280): Livewire/Mechanisms/HandleComponents/HandleComponents->trackInRenderStack(Object(App/Livewire/MobileMechanic/Scanner), Object(Closure))
#12 D:/FREELANCE/NONA/BengkelKu-POS/vendor/livewire/livewire/src/Mechanisms/HandleComponents/HandleComponents.php(127): Livewire/Mechanisms/HandleComponents/HandleComponents->render(Object(App/Livewire/MobileMechanic/Scanner))
#13 D:/FREELANCE/NONA/BengkelKu-POS/vendor/livewire/livewire/src/LivewireManager.php(102): Livewire/Mechanisms/HandleComponents/HandleComponents->update(Array, Array, Array)
#14 D:/FREELANCE/NONA/BengkelKu-POS/vendor/livewire/livewire/src/Mechanisms/HandleRequests/HandleRequests.php(144): Livewire/LivewireManager->update(Array, Array, Array)
#15 D:/FREELANCE/NONA/BengkelKu-POS/vendor/laravel/framework/src/Illuminate/Routing/ControllerDispatcher.php(47): Livewire/Mechanisms/HandleRequests/HandleRequests->handleUpdate()
#16 D:/FREELANCE/NONA/BengkelKu-POS/vendor/laravel/framework/src/Illuminate/Routing/Route.php(266): Illuminate/Routing/ControllerDispatcher->dispatch(Object(Illuminate/Routing/Route), Object(Livewire/Mechanisms/HandleRequests/HandleRequests), 'handleUpdate')
#17 D:/FREELANCE/NONA/BengkelKu-POS/vendor/laravel/framework/src/Illuminate/Routing/Route.php(212): Illuminate/Routing/Route->runController()
#18 D:/FREELANCE/NONA/BengkelKu-POS/vendor/laravel/framework/src/Illuminate/Routing/Router.php(808): Illuminate/Routing/Route->run()
#19 D:/FREELANCE/NONA/BengkelKu-POS/vendor/laravel/framework/src/Illuminate/Pipeline/Pipeline.php(170): Illuminate/Routing/Router->Illuminate/Routing/{closure}(Object(Illuminate/Http/Request))
#20 D:/FREELANCE/NONA/BengkelKu-POS/vendor/laravel/framework/src/Illuminate/Routing/Middleware/SubstituteBindings.php(51): Illuminate/Pipeline/Pipeline->Illuminate/Pipeline/{closure}(Object(Illuminate/Http/Request))
#21 D:/FREELANCE/NONA/BengkelKu-POS/vendor/laravel/framework/src/Illuminate/Pipeline/Pipeline.php(209): Illuminate/Routing/Middleware/SubstituteBindings->handle(Object(Illuminate/Http/Request), Object(Closure))
#22 D:/FREELANCE/NONA/BengkelKu-POS/vendor/laravel/framework/src/Illuminate/Foundation/Http/Middleware/VerifyCsrfToken.php(88): Illuminate/Pipeline/Pipeline->Illuminate/Pipeline/{closure}(Object(Illuminate/Http/Request))
#23 D:/FREELANCE/NONA/BengkelKu-POS/vendor/laravel/framework/src/Illuminate/Pipeline/Pipeline.php(209): Illuminate/Foundation/Http/Middleware/VerifyCsrfToken->handle(Object(Illuminate/Http/Request), Object(Closure))
#24 D:/FREELANCE/NONA/BengkelKu-POS/vendor/laravel/framework/src/Illuminate/View/Middleware/ShareErrorsFromSession.php(49): Illuminate/Pipeline/Pipeline->Illuminate/Pipeline/{closure}(Object(Illuminate/Http/Request))
#25 D:/FREELANCE/NONA/BengkelKu-POS/vendor/laravel/framework/src/Illuminate/Pipeline/Pipeline.php(209): Illuminate/View/Middleware/ShareErrorsFromSession->handle(Object(Illuminate/Http/Request), Object(Closure))
#26 D:/FREELANCE/NONA/BengkelKu-POS/vendor/laravel/framework/src/Illuminate/Session/Middleware/StartSession.php(121): Illuminate/Pipeline/Pipeline->Illuminate/Pipeline/{closure}(Object(Illuminate/Http/Request))
#27 D:/FREELANCE/NONA/BengkelKu-POS/vendor/laravel/framework/src/Illuminate/Session/Middleware/StartSession.php(64): Illuminate/Session/Middleware/StartSession->handleStatefulRequest(Object(Illuminate/Http/Request), Object(Illuminate/Session/Store), Object(Closure))
#28 D:/FREELANCE/NONA/BengkelKu-POS/vendor/laravel/framework/src/Illuminate/Pipeline/Pipeline.php(209): Illuminate/Session/Middleware/StartSession->handle(Object(Illuminate/Http/Request), Object(Closure))
#29 D:/FREELANCE/NONA/BengkelKu-POS/vendor/laravel/framework/src/Illuminate/Cookie/Middleware/AddQueuedCookiesToResponse.php(37): Illuminate/Pipeline/Pipeline->Illuminate/Pipeline/{closure}(Object(Illuminate/Http/Request))
#30 D:/FREELANCE/NONA/BengkelKu-POS/vendor/laravel/framework/src/Illuminate/Pipeline/Pipeline.php(209): Illuminate/Cookie/Middleware/AddQueuedCookiesToResponse->handle(Object(Illuminate/Http/Request), Object(Closure))
#31 D:/FREELANCE/NONA/BengkelKu-POS/vendor/laravel/framework/src/Illuminate/Cookie/Middleware/EncryptCookies.php(75): Illuminate/Pipeline/Pipeline->Illuminate/Pipeline/{closure}(Object(Illuminate/Http/Request))
#32 D:/FREELANCE/NONA/BengkelKu-POS/vendor/laravel/framework/src/Illuminate/Pipeline/Pipeline.php(209): Illuminate/Cookie/Middleware/EncryptCookies->handle(Object(Illuminate/Http/Request), Object(Closure))
#33 D:/FREELANCE/NONA/BengkelKu-POS/vendor/laravel/framework/src/Illuminate/Pipeline/Pipeline.php(127): Illuminate/Pipeline/Pipeline->Illuminate/Pipeline/{closure}(Object(Illuminate/Http/Request))
#34 D:/FREELANCE/NONA/BengkelKu-POS/vendor/laravel/framework/src/Illuminate/Routing/Router.php(807): Illuminate/Pipeline/Pipeline->then(Object(Closure))
#35 D:/FREELANCE/NONA/BengkelKu-POS/vendor/laravel/framework/src/Illuminate/Routing/Router.php(786): Illuminate/Routing/Router->runRouteWithinStack(Object(Illuminate/Routing/Route), Object(Illuminate/Http/Request))
#36 D:/FREELANCE/NONA/BengkelKu-POS/vendor/laravel/framework/src/Illuminate/Routing/Router.php(750): Illuminate/Routing/Router->runRoute(Object(Illuminate/Http/Request), Object(Illuminate/Routing/Route))
#37 D:/FREELANCE/NONA/BengkelKu-POS/vendor/laravel/framework/src/Illuminate/Routing/Router.php(739): Illuminate/Routing/Router->dispatchToRoute(Object(Illuminate/Http/Request))
#38 D:/FREELANCE/NONA/BengkelKu-POS/vendor/laravel/framework/src/Illuminate/Foundation/Http/Kernel.php(201): Illuminate/Routing/Router->dispatch(Object(Illuminate/Http/Request))
#39 D:/FREELANCE/NONA/BengkelKu-POS/vendor/laravel/framework/src/Illuminate/Pipeline/Pipeline.php(170): Illuminate/Foundation/Http/Kernel->Illuminate/Foundation/Http/{closure}(Object(Illuminate/Http/Request))
#40 D:/FREELANCE/NONA/BengkelKu-POS/vendor/livewire/livewire/src/Features/SupportDisablingBackButtonCache/DisableBackButtonCacheMiddleware.php(19): Illuminate/Pipeline/Pipeline->Illuminate/Pipeline/{closure}(Object(Illuminate/Http/Request))
#41 D:/FREELANCE/NONA/BengkelKu-POS/vendor/laravel/framework/src/Illuminate/Pipeline/Pipeline.php(209): Livewire/Features/SupportDisablingBackButtonCache/DisableBackButtonCacheMiddleware->handle(Object(Illuminate/Http/Request), Object(Closure))
#42 D:/FREELANCE/NONA/BengkelKu-POS/vendor/laravel/framework/src/Illuminate/Foundation/Http/Middleware/ConvertEmptyStringsToNull.php(27): Illuminate/Pipeline/Pipeline->Illuminate/Pipeline/{closure}(Object(Illuminate/Http/Request))
#43 D:/FREELANCE/NONA/BengkelKu-POS/vendor/laravel/framework/src/Illuminate/Pipeline/Pipeline.php(209): Illuminate/Foundation/Http/Middleware/ConvertEmptyStringsToNull->handle(Object(Illuminate/Http/Request), Object(Closure))
#44 D:/FREELANCE/NONA/BengkelKu-POS/vendor/laravel/framework/src/Illuminate/Foundation/Http/Middleware/TrimStrings.php(47): Illuminate/Pipeline/Pipeline->Illuminate/Pipeline/{closure}(Object(Illuminate/Http/Request))
#45 D:/FREELANCE/NONA/BengkelKu-POS/vendor/laravel/framework/src/Illuminate/Pipeline/Pipeline.php(209): Illuminate/Foundation/Http/Middleware/TrimStrings->handle(Object(Illuminate/Http/Request), Object(Closure))
#46 D:/FREELANCE/NONA/BengkelKu-POS/vendor/laravel/framework/src/Illuminate/Http/Middleware/ValidatePostSize.php(27): Illuminate/Pipeline/Pipeline->Illuminate/Pipeline/{closure}(Object(Illuminate/Http/Request))
#47 D:/FREELANCE/NONA/BengkelKu-POS/vendor/laravel/framework/src/Illuminate/Pipeline/Pipeline.php(209): Illuminate/Http/Middleware/ValidatePostSize->handle(Object(Illuminate/Http/Request), Object(Closure))
#48 D:/FREELANCE/NONA/BengkelKu-POS/vendor/laravel/framework/src/Illuminate/Foundation/Http/Middleware/PreventRequestsDuringMaintenance.php(110): Illuminate/Pipeline/Pipeline->Illuminate/Pipeline/{closure}(Object(Illuminate/Http/Request))
#49 D:/FREELANCE/NONA/BengkelKu-POS/vendor/laravel/framework/src/Illuminate/Pipeline/Pipeline.php(209): Illuminate/Foundation/Http/Middleware/PreventRequestsDuringMaintenance->handle(Object(Illuminate/Http/Request), Object(Closure))
#50 D:/FREELANCE/NONA/BengkelKu-POS/vendor/laravel/framework/src/Illuminate/Http/Middleware/HandleCors.php(49): Illuminate/Pipeline/Pipeline->Illuminate/Pipeline/{closure}(Object(Illuminate/Http/Request))
#51 D:/FREELANCE/NONA/BengkelKu-POS/vendor/laravel/framework/src/Illuminate/Pipeline/Pipeline.php(209): Illuminate/Http/Middleware/HandleCors->handle(Object(Illuminate/Http/Request), Object(Closure))
#52 D:/FREELANCE/NONA/BengkelKu-POS/vendor/laravel/framework/src/Illuminate/Http/Middleware/TrustProxies.php(58): Illuminate/Pipeline/Pipeline->Illuminate/Pipeline/{closure}(Object(Illuminate/Http/Request))
#53 D:/FREELANCE/NONA/BengkelKu-POS/vendor/laravel/framework/src/Illuminate/Pipeline/Pipeline.php(209): Illuminate/Http/Middleware/TrustProxies->handle(Object(Illuminate/Http/Request), Object(Closure))
#54 D:/FREELANCE/NONA/BengkelKu-POS/vendor/laravel/framework/src/Illuminate/Foundation/Http/Middleware/InvokeDeferredCallbacks.php(22): Illuminate/Pipeline/Pipeline->Illuminate/Pipeline/{closure}(Object(Illuminate/Http/Request))
#55 D:/FREELANCE/NONA/BengkelKu-POS/vendor/laravel/framework/src/Illuminate/Pipeline/Pipeline.php(209): Illuminate/Foundation/Http/Middleware/InvokeDeferredCallbacks->handle(Object(Illuminate/Http/Request), Object(Closure))
#56 D:/FREELANCE/NONA/BengkelKu-POS/vendor/laravel/framework/src/Illuminate/Pipeline/Pipeline.php(127): Illuminate/Pipeline/Pipeline->Illuminate/Pipeline/{closure}(Object(Illuminate/Http/Request))
#57 D:/FREELANCE/NONA/BengkelKu-POS/vendor/laravel/framework/src/Illuminate/Foundation/Http/Kernel.php(176): Illuminate/Pipeline/Pipeline->then(Object(Closure))
#58 D:/FREELANCE/NONA/BengkelKu-POS/vendor/laravel/framework/src/Illuminate/Foundation/Http/Kernel.php(145): Illuminate/Foundation/Http/Kernel->sendRequestThroughRouter(Object(Illuminate/Http/Request))
#59 D:/FREELANCE/NONA/BengkelKu-POS/public/index.php(19): Illuminate/Foundation/Http/Kernel->handle(Object(Illuminate/Http/Request))
#60 D:/FREELANCE/NONA/BengkelKu-POS/vendor/laravel/framework/src/Illuminate/Foundation/resources/server.php(23): require_once('D://FREELANCE//NO...')
#61 {main}
"} 
[2026-08-31 15:55:56] local.ERROR: Undefined variable $workOrders (View: D:\FREELANCE\NONA\BengkelKu-POS\resources\views\livewire\mobile\wo.blade.php) {"userId":"a2a12424-3bbe-4cb5-b0d9-5e931f25e6ec","exception":"[object] (Illuminate\\View\\ViewException(code: 0): Undefined variable $workOrders (View: D:\\FREELANCE\\NONA\\BengkelKu-POS\\resources\\views\\livewire\\mobile\\wo.blade.php) at D:/FREELANCE/NONA/BengkelKu-POS/storage/framework/views/b0385ebe89fcbbfe410f3dcbeba6ec8e.php:13)
[stacktrace]
#0 D:/FREELANCE/NONA/BengkelKu-POS/vendor/livewire/livewire/src/Mechanisms/ExtendBlade/ExtendedCompilerEngine.php(58): Illuminate/View/Engines/CompilerEngine->handleViewException(Object(ErrorException), 1)
#1 D:/FREELANCE/NONA/BengkelKu-POS/vendor/livewire/livewire/src/Mechanisms/ExtendBlade/ExtendedCompilerEngine.php(40): Livewire/Mechanisms/ExtendBlade/ExtendedCompilerEngine->handleViewException(Object(ErrorException), 1)
#2 D:/FREELANCE/NONA/BengkelKu-POS/vendor/laravel/framework/src/Illuminate/View/Engines/CompilerEngine.php(75): Livewire/Mechanisms/ExtendBlade/ExtendedCompilerEngine->evaluatePath('D://FREELANCE//NO...', Array)
#3 D:/FREELANCE/NONA/BengkelKu-POS/vendor/livewire/livewire/src/Mechanisms/ExtendBlade/ExtendedCompilerEngine.php(16): Illuminate/View/Engines/CompilerEngine->get('D://FREELANCE//NO...', Array)
#4 D:/FREELANCE/NONA/BengkelKu-POS/vendor/laravel/framework/src/Illuminate/View/View.php(209): Livewire/Mechanisms/ExtendBlade/ExtendedCompilerEngine->get('D://FREELANCE//NO...', Array)
#5 D:/FREELANCE/NONA/BengkelKu-POS/vendor/laravel/framework/src/Illuminate/View/View.php(192): Illuminate/View/View->getContents()
#6 D:/FREELANCE/NONA/BengkelKu-POS/vendor/laravel/framework/src/Illuminate/View/View.php(161): Illuminate/View/View->renderContents()
#7 D:/FREELANCE/NONA/BengkelKu-POS/vendor/livewire/livewire/src/Mechanisms/HandleComponents/HandleComponents.php(288): Illuminate/View/View->render(Object(Closure))
#8 D:/FREELANCE/NONA/BengkelKu-POS/vendor/livewire/livewire/src/Mechanisms/HandleComponents/HandleComponents.php(332): Livewire/Mechanisms/HandleComponents/HandleComponents->Livewire/Mechanisms/HandleComponents/{closure}()
#9 D:/FREELANCE/NONA/BengkelKu-POS/vendor/livewire/livewire/src/Mechanisms/HandleComponents/HandleComponents.php(280): Livewire/Mechanisms/HandleComponents/HandleComponents->trackInRenderStack(Object(App/Livewire/MobileMechanic/WorkOrders), Object(Closure))
#10 D:/FREELANCE/NONA/BengkelKu-POS/vendor/livewire/livewire/src/Mechanisms/HandleComponents/HandleComponents.php(54): Livewire/Mechanisms/HandleComponents/HandleComponents->render(Object(App/Livewire/MobileMechanic/WorkOrders), '<div></div>')
#11 D:/FREELANCE/NONA/BengkelKu-POS/vendor/livewire/livewire/src/LivewireManager.php(73): Livewire/Mechanisms/HandleComponents/HandleComponents->mount('App//Livewire//Mo...', Array, NULL)
#12 D:/FREELANCE/NONA/BengkelKu-POS/vendor/livewire/livewire/src/Features/SupportPageComponents/HandlesPageComponents.php(17): Livewire/LivewireManager->mount('App//Livewire//Mo...', Array)
#13 D:/FREELANCE/NONA/BengkelKu-POS/vendor/livewire/livewire/src/Features/SupportPageComponents/SupportPageComponents.php(117): Livewire/Component->Livewire/Features/SupportPageComponents/{closure}()
#14 D:/FREELANCE/NONA/BengkelKu-POS/vendor/livewire/livewire/src/Features/SupportPageComponents/HandlesPageComponents.php(14): Livewire/Features/SupportPageComponents/SupportPageComponents::interceptTheRenderOfTheComponentAndRetreiveTheLayoutConfiguration(Object(Closure))
#15 D:/FREELANCE/NONA/BengkelKu-POS/vendor/laravel/framework/src/Illuminate/Routing/ControllerDispatcher.php(47): Livewire/Component->__invoke()
#16 D:/FREELANCE/NONA/BengkelKu-POS/vendor/laravel/framework/src/Illuminate/Routing/Route.php(266): Illuminate/Routing/ControllerDispatcher->dispatch(Object(Illuminate/Routing/Route), Object(App/Livewire/MobileMechanic/WorkOrders), '__invoke')
#17 D:/FREELANCE/NONA/BengkelKu-POS/vendor/laravel/framework/src/Illuminate/Routing/Route.php(212): Illuminate/Routing/Route->runController()
#18 D:/FREELANCE/NONA/BengkelKu-POS/vendor/laravel/framework/src/Illuminate/Routing/Router.php(808): Illuminate/Routing/Route->run()
#19 D:/FREELANCE/NONA/BengkelKu-POS/vendor/laravel/framework/src/Illuminate/Pipeline/Pipeline.php(170): Illuminate/Routing/Router->Illuminate/Routing/{closure}(Object(Illuminate/Http/Request))
#20 D:/FREELANCE/NONA/BengkelKu-POS/vendor/laravel/framework/src/Illuminate/Routing/Middleware/SubstituteBindings.php(51): Illuminate/Pipeline/Pipeline->Illuminate/Pipeline/{closure}(Object(Illuminate/Http/Request))
#21 D:/FREELANCE/NONA/BengkelKu-POS/vendor/laravel/framework/src/Illuminate/Pipeline/Pipeline.php(209): Illuminate/Routing/Middleware/SubstituteBindings->handle(Object(Illuminate/Http/Request), Object(Closure))
#22 D:/FREELANCE/NONA/BengkelKu-POS/vendor/laravel/framework/src/Illuminate/Auth/Middleware/Authenticate.php(64): Illuminate/Pipeline/Pipeline->Illuminate/Pipeline/{closure}(Object(Illuminate/Http/Request))
#23 D:/FREELANCE/NONA/BengkelKu-POS/vendor/laravel/framework/src/Illuminate/Pipeline/Pipeline.php(209): Illuminate/Auth/Middleware/Authenticate->handle(Object(Illuminate/Http/Request), Object(Closure))
#24 D:/FREELANCE/NONA/BengkelKu-POS/vendor/laravel/framework/src/Illuminate/Foundation/Http/Middleware/VerifyCsrfToken.php(88): Illuminate/Pipeline/Pipeline->Illuminate/Pipeline/{closure}(Object(Illuminate/Http/Request))
#25 D:/FREELANCE/NONA/BengkelKu-POS/vendor/laravel/framework/src/Illuminate/Pipeline/Pipeline.php(209): Illuminate/Foundation/Http/Middleware/VerifyCsrfToken->handle(Object(Illuminate/Http/Request), Object(Closure))
#26 D:/FREELANCE/NONA/BengkelKu-POS/vendor/laravel/framework/src/Illuminate/View/Middleware/ShareErrorsFromSession.php(49): Illuminate/Pipeline/Pipeline->Illuminate/Pipeline/{closure}(Object(Illuminate/Http/Request))
#27 D:/FREELANCE/NONA/BengkelKu-POS/vendor/laravel/framework/src/Illuminate/Pipeline/Pipeline.php(209): Illuminate/View/Middleware/ShareErrorsFromSession->handle(Object(Illuminate/Http/Request), Object(Closure))
#28 D:/FREELANCE/NONA/BengkelKu-POS/vendor/laravel/framework/src/Illuminate/Session/Middleware/StartSession.php(121): Illuminate/Pipeline/Pipeline->Illuminate/Pipeline/{closure}(Object(Illuminate/Http/Request))
#29 D:/FREELANCE/NONA/BengkelKu-POS/vendor/laravel/framework/src/Illuminate/Session/Middleware/StartSession.php(64): Illuminate/Session/Middleware/StartSession->handleStatefulRequest(Object(Illuminate/Http/Request), Object(Illuminate/Session/Store), Object(Closure))
#30 D:/FREELANCE/NONA/BengkelKu-POS/vendor/laravel/framework/src/Illuminate/Pipeline/Pipeline.php(209): Illuminate/Session/Middleware/StartSession->handle(Object(Illuminate/Http/Request), Object(Closure))
#31 D:/FREELANCE/NONA/BengkelKu-POS/vendor/laravel/framework/src/Illuminate/Cookie/Middleware/AddQueuedCookiesToResponse.php(37): Illuminate/Pipeline/Pipeline->Illuminate/Pipeline/{closure}(Object(Illuminate/Http/Request))
#32 D:/FREELANCE/NONA/BengkelKu-POS/vendor/laravel/framework/src/Illuminate/Pipeline/Pipeline.php(209): Illuminate/Cookie/Middleware/AddQueuedCookiesToResponse->handle(Object(Illuminate/Http/Request), Object(Closure))
#33 D:/FREELANCE/NONA/BengkelKu-POS/vendor/laravel/framework/src/Illuminate/Cookie/Middleware/EncryptCookies.php(75): Illuminate/Pipeline/Pipeline->Illuminate/Pipeline/{closure}(Object(Illuminate/Http/Request))
#34 D:/FREELANCE/NONA/BengkelKu-POS/vendor/laravel/framework/src/Illuminate/Pipeline/Pipeline.php(209): Illuminate/Cookie/Middleware/EncryptCookies->handle(Object(Illuminate/Http/Request), Object(Closure))
#35 D:/FREELANCE/NONA/BengkelKu-POS/vendor/laravel/framework/src/Illuminate/Pipeline/Pipeline.php(127): Illuminate/Pipeline/Pipeline->Illuminate/Pipeline/{closure}(Object(Illuminate/Http/Request))
#36 D:/FREELANCE/NONA/BengkelKu-POS/vendor/laravel/framework/src/Illuminate/Routing/Router.php(807): Illuminate/Pipeline/Pipeline->then(Object(Closure))
#37 D:/FREELANCE/NONA/BengkelKu-POS/vendor/laravel/framework/src/Illuminate/Routing/Router.php(786): Illuminate/Routing/Router->runRouteWithinStack(Object(Illuminate/Routing/Route), Object(Illuminate/Http/Request))
#38 D:/FREELANCE/NONA/BengkelKu-POS/vendor/laravel/framework/src/Illuminate/Routing/Router.php(750): Illuminate/Routing/Router->runRoute(Object(Illuminate/Http/Request), Object(Illuminate/Routing/Route))
#39 D:/FREELANCE/NONA/BengkelKu-POS/vendor/laravel/framework/src/Illuminate/Routing/Router.php(739): Illuminate/Routing/Router->dispatchToRoute(Object(Illuminate/Http/Request))
#40 D:/FREELANCE/NONA/BengkelKu-POS/vendor/laravel/framework/src/Illuminate/Foundation/Http/Kernel.php(201): Illuminate/Routing/Router->dispatch(Object(Illuminate/Http/Request))
#41 D:/FREELANCE/NONA/BengkelKu-POS/vendor/laravel/framework/src/Illuminate/Pipeline/Pipeline.php(170): Illuminate/Foundation/Http/Kernel->Illuminate/Foundation/Http/{closure}(Object(Illuminate/Http/Request))
#42 D:/FREELANCE/NONA/BengkelKu-POS/vendor/livewire/livewire/src/Features/SupportDisablingBackButtonCache/DisableBackButtonCacheMiddleware.php(19): Illuminate/Pipeline/Pipeline->Illuminate/Pipeline/{closure}(Object(Illuminate/Http/Request))
#43 D:/FREELANCE/NONA/BengkelKu-POS/vendor/laravel/framework/src/Illuminate/Pipeline/Pipeline.php(209): Livewire/Features/SupportDisablingBackButtonCache/DisableBackButtonCacheMiddleware->handle(Object(Illuminate/Http/Request), Object(Closure))
#44 D:/FREELANCE/NONA/BengkelKu-POS/vendor/laravel/framework/src/Illuminate/Foundation/Http/Middleware/TransformsRequest.php(21): Illuminate/Pipeline/Pipeline->Illuminate/Pipeline/{closure}(Object(Illuminate/Http/Request))
#45 D:/FREELANCE/NONA/BengkelKu-POS/vendor/laravel/framework/src/Illuminate/Foundation/Http/Middleware/ConvertEmptyStringsToNull.php(31): Illuminate/Foundation/Http/Middleware/TransformsRequest->handle(Object(Illuminate/Http/Request), Object(Closure))
#46 D:/FREELANCE/NONA/BengkelKu-POS/vendor/laravel/framework/src/Illuminate/Pipeline/Pipeline.php(209): Illuminate/Foundation/Http/Middleware/ConvertEmptyStringsToNull->handle(Object(Illuminate/Http/Request), Object(Closure))
#47 D:/FREELANCE/NONA/BengkelKu-POS/vendor/laravel/framework/src/Illuminate/Foundation/Http/Middleware/TransformsRequest.php(21): Illuminate/Pipeline/Pipeline->Illuminate/Pipeline/{closure}(Object(Illuminate/Http/Request))
#48 D:/FREELANCE/NONA/BengkelKu-POS/vendor/laravel/framework/src/Illuminate/Foundation/Http/Middleware/TrimStrings.php(51): Illuminate/Foundation/Http/Middleware/TransformsRequest->handle(Object(Illuminate/Http/Request), Object(Closure))
#49 D:/FREELANCE/NONA/BengkelKu-POS/vendor/laravel/framework/src/Illuminate/Pipeline/Pipeline.php(209): Illuminate/Foundation/Http/Middleware/TrimStrings->handle(Object(Illuminate/Http/Request), Object(Closure))
#50 D:/FREELANCE/NONA/BengkelKu-POS/vendor/laravel/framework/src/Illuminate/Http/Middleware/ValidatePostSize.php(27): Illuminate/Pipeline/Pipeline->Illuminate/Pipeline/{closure}(Object(Illuminate/Http/Request))
#51 D:/FREELANCE/NONA/BengkelKu-POS/vendor/laravel/framework/src/Illuminate/Pipeline/Pipeline.php(209): Illuminate/Http/Middleware/ValidatePostSize->handle(Object(Illuminate/Http/Request), Object(Closure))
#52 D:/FREELANCE/NONA/BengkelKu-POS/vendor/laravel/framework/src/Illuminate/Foundation/Http/Middleware/PreventRequestsDuringMaintenance.php(110): Illuminate/Pipeline/Pipeline->Illuminate/Pipeline/{closure}(Object(Illuminate/Http/Request))
#53 D:/FREELANCE/NONA/BengkelKu-POS/vendor/laravel/framework/src/Illuminate/Pipeline/Pipeline.php(209): Illuminate/Foundation/Http/Middleware/PreventRequestsDuringMaintenance->handle(Object(Illuminate/Http/Request), Object(Closure))
#54 D:/FREELANCE/NONA/BengkelKu-POS/vendor/laravel/framework/src/Illuminate/Http/Middleware/HandleCors.php(49): Illuminate/Pipeline/Pipeline->Illuminate/Pipeline/{closure}(Object(Illuminate/Http/Request))
#55 D:/FREELANCE/NONA/BengkelKu-POS/vendor/laravel/framework/src/Illuminate/Pipeline/Pipeline.php(209): Illuminate/Http/Middleware/HandleCors->handle(Object(Illuminate/Http/Request), Object(Closure))
#56 D:/FREELANCE/NONA/BengkelKu-POS/vendor/laravel/framework/src/Illuminate/Http/Middleware/TrustProxies.php(58): Illuminate/Pipeline/Pipeline->Illuminate/Pipeline/{closure}(Object(Illuminate/Http/Request))
#57 D:/FREELANCE/NONA/BengkelKu-POS/vendor/laravel/framework/src/Illuminate/Pipeline/Pipeline.php(209): Illuminate/Http/Middleware/TrustProxies->handle(Object(Illuminate/Http/Request), Object(Closure))
#58 D:/FREELANCE/NONA/BengkelKu-POS/vendor/laravel/framework/src/Illuminate/Foundation/Http/Middleware/InvokeDeferredCallbacks.php(22): Illuminate/Pipeline/Pipeline->Illuminate/Pipeline/{closure}(Object(Illuminate/Http/Request))
#59 D:/FREELANCE/NONA/BengkelKu-POS/vendor/laravel/framework/src/Illuminate/Pipeline/Pipeline.php(209): Illuminate/Foundation/Http/Middleware/InvokeDeferredCallbacks->handle(Object(Illuminate/Http/Request), Object(Closure))
#60 D:/FREELANCE/NONA/BengkelKu-POS/vendor/laravel/framework/src/Illuminate/Pipeline/Pipeline.php(127): Illuminate/Pipeline/Pipeline->Illuminate/Pipeline/{closure}(Object(Illuminate/Http/Request))
#61 D:/FREELANCE/NONA/BengkelKu-POS/vendor/laravel/framework/src/Illuminate/Foundation/Http/Kernel.php(176): Illuminate/Pipeline/Pipeline->then(Object(Closure))
#62 D:/FREELANCE/NONA/BengkelKu-POS/vendor/laravel/framework/src/Illuminate/Foundation/Http/Kernel.php(145): Illuminate/Foundation/Http/Kernel->sendRequestThroughRouter(Object(Illuminate/Http/Request))
#63 D:/FREELANCE/NONA/BengkelKu-POS/public/index.php(19): Illuminate/Foundation/Http/Kernel->handle(Object(Illuminate/Http/Request))
#64 D:/FREELANCE/NONA/BengkelKu-POS/vendor/laravel/framework/src/Illuminate/Foundation/resources/server.php(23): require_once('D://FREELANCE//NO...')
#65 {main}

[previous exception] [object] (ErrorException(code: 0): Undefined variable $workOrders at D:/FREELANCE/NONA/BengkelKu-POS/storage/framework/views/b0385ebe89fcbbfe410f3dcbeba6ec8e.php:13)
[stacktrace]
#0 D:/FREELANCE/NONA/BengkelKu-POS/vendor/laravel/framework/src/Illuminate/Foundation/Bootstrap/HandleExceptions.php(258): Illuminate/Foundation/Bootstrap/HandleExceptions->handleError(2, 'Undefined varia...', 'D://FREELANCE//NO...', 13)
#1 D:/FREELANCE/NONA/BengkelKu-POS/storage/framework/views/b0385ebe89fcbbfe410f3dcbeba6ec8e.php(13): Illuminate/Foundation/Bootstrap/HandleExceptions->Illuminate/Foundation/Bootstrap/{closure}(2, 'Undefined varia...', 'D://FREELANCE//NO...', 13)
#2 D:/FREELANCE/NONA/BengkelKu-POS/vendor/livewire/livewire/src/Mechanisms/ExtendBlade/ExtendedCompilerEngine.php(37): include('D://FREELANCE//NO...')
#3 D:/FREELANCE/NONA/BengkelKu-POS/vendor/livewire/livewire/src/Mechanisms/ExtendBlade/ExtendedCompilerEngine.php(38): App/Livewire/MobileMechanic/WorkOrders->Livewire/Mechanisms/ExtendBlade/{closure}()
#4 D:/FREELANCE/NONA/BengkelKu-POS/vendor/laravel/framework/src/Illuminate/View/Engines/CompilerEngine.php(75): Livewire/Mechanisms/ExtendBlade/ExtendedCompilerEngine->evaluatePath('D://FREELANCE//NO...', Array)
#5 D:/FREELANCE/NONA/BengkelKu-POS/vendor/livewire/livewire/src/Mechanisms/ExtendBlade/ExtendedCompilerEngine.php(16): Illuminate/View/Engines/CompilerEngine->get('D://FREELANCE//NO...', Array)
#6 D:/FREELANCE/NONA/BengkelKu-POS/vendor/laravel/framework/src/Illuminate/View/View.php(209): Livewire/Mechanisms/ExtendBlade/ExtendedCompilerEngine->get('D://FREELANCE//NO...', Array)
#7 D:/FREELANCE/NONA/BengkelKu-POS/vendor/laravel/framework/src/Illuminate/View/View.php(192): Illuminate/View/View->getContents()
#8 D:/FREELANCE/NONA/BengkelKu-POS/vendor/laravel/framework/src/Illuminate/View/View.php(161): Illuminate/View/View->renderContents()
#9 D:/FREELANCE/NONA/BengkelKu-POS/vendor/livewire/livewire/src/Mechanisms/HandleComponents/HandleComponents.php(288): Illuminate/View/View->render(Object(Closure))
#10 D:/FREELANCE/NONA/BengkelKu-POS/vendor/livewire/livewire/src/Mechanisms/HandleComponents/HandleComponents.php(332): Livewire/Mechanisms/HandleComponents/HandleComponents->Livewire/Mechanisms/HandleComponents/{closure}()
#11 D:/FREELANCE/NONA/BengkelKu-POS/vendor/livewire/livewire/src/Mechanisms/HandleComponents/HandleComponents.php(280): Livewire/Mechanisms/HandleComponents/HandleComponents->trackInRenderStack(Object(App/Livewire/MobileMechanic/WorkOrders), Object(Closure))
#12 D:/FREELANCE/NONA/BengkelKu-POS/vendor/livewire/livewire/src/Mechanisms/HandleComponents/HandleComponents.php(54): Livewire/Mechanisms/HandleComponents/HandleComponents->render(Object(App/Livewire/MobileMechanic/WorkOrders), '<div></div>')
#13 D:/FREELANCE/NONA/BengkelKu-POS/vendor/livewire/livewire/src/LivewireManager.php(73): Livewire/Mechanisms/HandleComponents/HandleComponents->mount('App//Livewire//Mo...', Array, NULL)
#14 D:/FREELANCE/NONA/BengkelKu-POS/vendor/livewire/livewire/src/Features/SupportPageComponents/HandlesPageComponents.php(17): Livewire/LivewireManager->mount('App//Livewire//Mo...', Array)
#15 D:/FREELANCE/NONA/BengkelKu-POS/vendor/livewire/livewire/src/Features/SupportPageComponents/SupportPageComponents.php(117): Livewire/Component->Livewire/Features/SupportPageComponents/{closure}()
#16 D:/FREELANCE/NONA/BengkelKu-POS/vendor/livewire/livewire/src/Features/SupportPageComponents/HandlesPageComponents.php(14): Livewire/Features/SupportPageComponents/SupportPageComponents::interceptTheRenderOfTheComponentAndRetreiveTheLayoutConfiguration(Object(Closure))
#17 D:/FREELANCE/NONA/BengkelKu-POS/vendor/laravel/framework/src/Illuminate/Routing/ControllerDispatcher.php(47): Livewire/Component->__invoke()
#18 D:/FREELANCE/NONA/BengkelKu-POS/vendor/laravel/framework/src/Illuminate/Routing/Route.php(266): Illuminate/Routing/ControllerDispatcher->dispatch(Object(Illuminate/Routing/Route), Object(App/Livewire/MobileMechanic/WorkOrders), '__invoke')
#19 D:/FREELANCE/NONA/BengkelKu-POS/vendor/laravel/framework/src/Illuminate/Routing/Route.php(212): Illuminate/Routing/Route->runController()
#20 D:/FREELANCE/NONA/BengkelKu-POS/vendor/laravel/framework/src/Illuminate/Routing/Router.php(808): Illuminate/Routing/Route->run()
#21 D:/FREELANCE/NONA/BengkelKu-POS/vendor/laravel/framework/src/Illuminate/Pipeline/Pipeline.php(170): Illuminate/Routing/Router->Illuminate/Routing/{closure}(Object(Illuminate/Http/Request))
#22 D:/FREELANCE/NONA/BengkelKu-POS/vendor/laravel/framework/src/Illuminate/Routing/Middleware/SubstituteBindings.php(51): Illuminate/Pipeline/Pipeline->Illuminate/Pipeline/{closure}(Object(Illuminate/Http/Request))
#23 D:/FREELANCE/NONA/BengkelKu-POS/vendor/laravel/framework/src/Illuminate/Pipeline/Pipeline.php(209): Illuminate/Routing/Middleware/SubstituteBindings->handle(Object(Illuminate/Http/Request), Object(Closure))
#24 D:/FREELANCE/NONA/BengkelKu-POS/vendor/laravel/framework/src/Illuminate/Auth/Middleware/Authenticate.php(64): Illuminate/Pipeline/Pipeline->Illuminate/Pipeline/{closure}(Object(Illuminate/Http/Request))
#25 D:/FREELANCE/NONA/BengkelKu-POS/vendor/laravel/framework/src/Illuminate/Pipeline/Pipeline.php(209): Illuminate/Auth/Middleware/Authenticate->handle(Object(Illuminate/Http/Request), Object(Closure))
#26 D:/FREELANCE/NONA/BengkelKu-POS/vendor/laravel/framework/src/Illuminate/Foundation/Http/Middleware/VerifyCsrfToken.php(88): Illuminate/Pipeline/Pipeline->Illuminate/Pipeline/{closure}(Object(Illuminate/Http/Request))
#27 D:/FREELANCE/NONA/BengkelKu-POS/vendor/laravel/framework/src/Illuminate/Pipeline/Pipeline.php(209): Illuminate/Foundation/Http/Middleware/VerifyCsrfToken->handle(Object(Illuminate/Http/Request), Object(Closure))
#28 D:/FREELANCE/NONA/BengkelKu-POS/vendor/laravel/framework/src/Illuminate/View/Middleware/ShareErrorsFromSession.php(49): Illuminate/Pipeline/Pipeline->Illuminate/Pipeline/{closure}(Object(Illuminate/Http/Request))
#29 D:/FREELANCE/NONA/BengkelKu-POS/vendor/laravel/framework/src/Illuminate/Pipeline/Pipeline.php(209): Illuminate/View/Middleware/ShareErrorsFromSession->handle(Object(Illuminate/Http/Request), Object(Closure))
#30 D:/FREELANCE/NONA/BengkelKu-POS/vendor/laravel/framework/src/Illuminate/Session/Middleware/StartSession.php(121): Illuminate/Pipeline/Pipeline->Illuminate/Pipeline/{closure}(Object(Illuminate/Http/Request))
#31 D:/FREELANCE/NONA/BengkelKu-POS/vendor/laravel/framework/src/Illuminate/Session/Middleware/StartSession.php(64): Illuminate/Session/Middleware/StartSession->handleStatefulRequest(Object(Illuminate/Http/Request), Object(Illuminate/Session/Store), Object(Closure))
#32 D:/FREELANCE/NONA/BengkelKu-POS/vendor/laravel/framework/src/Illuminate/Pipeline/Pipeline.php(209): Illuminate/Session/Middleware/StartSession->handle(Object(Illuminate/Http/Request), Object(Closure))
#33 D:/FREELANCE/NONA/BengkelKu-POS/vendor/laravel/framework/src/Illuminate/Cookie/Middleware/AddQueuedCookiesToResponse.php(37): Illuminate/Pipeline/Pipeline->Illuminate/Pipeline/{closure}(Object(Illuminate/Http/Request))
#34 D:/FREELANCE/NONA/BengkelKu-POS/vendor/laravel/framework/src/Illuminate/Pipeline/Pipeline.php(209): Illuminate/Cookie/Middleware/AddQueuedCookiesToResponse->handle(Object(Illuminate/Http/Request), Object(Closure))
#35 D:/FREELANCE/NONA/BengkelKu-POS/vendor/laravel/framework/src/Illuminate/Cookie/Middleware/EncryptCookies.php(75): Illuminate/Pipeline/Pipeline->Illuminate/Pipeline/{closure}(Object(Illuminate/Http/Request))
#36 D:/FREELANCE/NONA/BengkelKu-POS/vendor/laravel/framework/src/Illuminate/Pipeline/Pipeline.php(209): Illuminate/Cookie/Middleware/EncryptCookies->handle(Object(Illuminate/Http/Request), Object(Closure))
#37 D:/FREELANCE/NONA/BengkelKu-POS/vendor/laravel/framework/src/Illuminate/Pipeline/Pipeline.php(127): Illuminate/Pipeline/Pipeline->Illuminate/Pipeline/{closure}(Object(Illuminate/Http/Request))
#38 D:/FREELANCE/NONA/BengkelKu-POS/vendor/laravel/framework/src/Illuminate/Routing/Router.php(807): Illuminate/Pipeline/Pipeline->then(Object(Closure))
#39 D:/FREELANCE/NONA/BengkelKu-POS/vendor/laravel/framework/src/Illuminate/Routing/Router.php(786): Illuminate/Routing/Router->runRouteWithinStack(Object(Illuminate/Routing/Route), Object(Illuminate/Http/Request))
#40 D:/FREELANCE/NONA/BengkelKu-POS/vendor/laravel/framework/src/Illuminate/Routing/Router.php(750): Illuminate/Routing/Router->runRoute(Object(Illuminate/Http/Request), Object(Illuminate/Routing/Route))
#41 D:/FREELANCE/NONA/BengkelKu-POS/vendor/laravel/framework/src/Illuminate/Routing/Router.php(739): Illuminate/Routing/Router->dispatchToRoute(Object(Illuminate/Http/Request))
#42 D:/FREELANCE/NONA/BengkelKu-POS/vendor/laravel/framework/src/Illuminate/Foundation/Http/Kernel.php(201): Illuminate/Routing/Router->dispatch(Object(Illuminate/Http/Request))
#43 D:/FREELANCE/NONA/BengkelKu-POS/vendor/laravel/framework/src/Illuminate/Pipeline/Pipeline.php(170): Illuminate/Foundation/Http/Kernel->Illuminate/Foundation/Http/{closure}(Object(Illuminate/Http/Request))
#44 D:/FREELANCE/NONA/BengkelKu-POS/vendor/livewire/livewire/src/Features/SupportDisablingBackButtonCache/DisableBackButtonCacheMiddleware.php(19): Illuminate/Pipeline/Pipeline->Illuminate/Pipeline/{closure}(Object(Illuminate/Http/Request))
#45 D:/FREELANCE/NONA/BengkelKu-POS/vendor/laravel/framework/src/Illuminate/Pipeline/Pipeline.php(209): Livewire/Features/SupportDisablingBackButtonCache/DisableBackButtonCacheMiddleware->handle(Object(Illuminate/Http/Request), Object(Closure))
#46 D:/FREELANCE/NONA/BengkelKu-POS/vendor/laravel/framework/src/Illuminate/Foundation/Http/Middleware/TransformsRequest.php(21): Illuminate/Pipeline/Pipeline->Illuminate/Pipeline/{closure}(Object(Illuminate/Http/Request))
#47 D:/FREELANCE/NONA/BengkelKu-POS/vendor/laravel/framework/src/Illuminate/Foundation/Http/Middleware/ConvertEmptyStringsToNull.php(31): Illuminate/Foundation/Http/Middleware/TransformsRequest->handle(Object(Illuminate/Http/Request), Object(Closure))
#48 D:/FREELANCE/NONA/BengkelKu-POS/vendor/laravel/framework/src/Illuminate/Pipeline/Pipeline.php(209): Illuminate/Foundation/Http/Middleware/ConvertEmptyStringsToNull->handle(Object(Illuminate/Http/Request), Object(Closure))
#49 D:/FREELANCE/NONA/BengkelKu-POS/vendor/laravel/framework/src/Illuminate/Foundation/Http/Middleware/TransformsRequest.php(21): Illuminate/Pipeline/Pipeline->Illuminate/Pipeline/{closure}(Object(Illuminate/Http/Request))
#50 D:/FREELANCE/NONA/BengkelKu-POS/vendor/laravel/framework/src/Illuminate/Foundation/Http/Middleware/TrimStrings.php(51): Illuminate/Foundation/Http/Middleware/TransformsRequest->handle(Object(Illuminate/Http/Request), Object(Closure))
#51 D:/FREELANCE/NONA/BengkelKu-POS/vendor/laravel/framework/src/Illuminate/Pipeline/Pipeline.php(209): Illuminate/Foundation/Http/Middleware/TrimStrings->handle(Object(Illuminate/Http/Request), Object(Closure))
#52 D:/FREELANCE/NONA/BengkelKu-POS/vendor/laravel/framework/src/Illuminate/Http/Middleware/ValidatePostSize.php(27): Illuminate/Pipeline/Pipeline->Illuminate/Pipeline/{closure}(Object(Illuminate/Http/Request))
#53 D:/FREELANCE/NONA/BengkelKu-POS/vendor/laravel/framework/src/Illuminate/Pipeline/Pipeline.php(209): Illuminate/Http/Middleware/ValidatePostSize->handle(Object(Illuminate/Http/Request), Object(Closure))
#54 D:/FREELANCE/NONA/BengkelKu-POS/vendor/laravel/framework/src/Illuminate/Foundation/Http/Middleware/PreventRequestsDuringMaintenance.php(110): Illuminate/Pipeline/Pipeline->Illuminate/Pipeline/{closure}(Object(Illuminate/Http/Request))
#55 D:/FREELANCE/NONA/BengkelKu-POS/vendor/laravel/framework/src/Illuminate/Pipeline/Pipeline.php(209): Illuminate/Foundation/Http/Middleware/PreventRequestsDuringMaintenance->handle(Object(Illuminate/Http/Request), Object(Closure))
#56 D:/FREELANCE/NONA/BengkelKu-POS/vendor/laravel/framework/src/Illuminate/Http/Middleware/HandleCors.php(49): Illuminate/Pipeline/Pipeline->Illuminate/Pipeline/{closure}(Object(Illuminate/Http/Request))
#57 D:/FREELANCE/NONA/BengkelKu-POS/vendor/laravel/framework/src/Illuminate/Pipeline/Pipeline.php(209): Illuminate/Http/Middleware/HandleCors->handle(Object(Illuminate/Http/Request), Object(Closure))
#58 D:/FREELANCE/NONA/BengkelKu-POS/vendor/laravel/framework/src/Illuminate/Http/Middleware/TrustProxies.php(58): Illuminate/Pipeline/Pipeline->Illuminate/Pipeline/{closure}(Object(Illuminate/Http/Request))
#59 D:/FREELANCE/NONA/BengkelKu-POS/vendor/laravel/framework/src/Illuminate/Pipeline/Pipeline.php(209): Illuminate/Http/Middleware/TrustProxies->handle(Object(Illuminate/Http/Request), Object(Closure))
#60 D:/FREELANCE/NONA/BengkelKu-POS/vendor/laravel/framework/src/Illuminate/Foundation/Http/Middleware/InvokeDeferredCallbacks.php(22): Illuminate/Pipeline/Pipeline->Illuminate/Pipeline/{closure}(Object(Illuminate/Http/Request))
#61 D:/FREELANCE/NONA/BengkelKu-POS/vendor/laravel/framework/src/Illuminate/Pipeline/Pipeline.php(209): Illuminate/Foundation/Http/Middleware/InvokeDeferredCallbacks->handle(Object(Illuminate/Http/Request), Object(Closure))
#62 D:/FREELANCE/NONA/BengkelKu-POS/vendor/laravel/framework/src/Illuminate/Pipeline/Pipeline.php(127): Illuminate/Pipeline/Pipeline->Illuminate/Pipeline/{closure}(Object(Illuminate/Http/Request))
#63 D:/FREELANCE/NONA/BengkelKu-POS/vendor/laravel/framework/src/Illuminate/Foundation/Http/Kernel.php(176): Illuminate/Pipeline/Pipeline->then(Object(Closure))
#64 D:/FREELANCE/NONA/BengkelKu-POS/vendor/laravel/framework/src/Illuminate/Foundation/Http/Kernel.php(145): Illuminate/Foundation/Http/Kernel->sendRequestThroughRouter(Object(Illuminate/Http/Request))
#65 D:/FREELANCE/NONA/BengkelKu-POS/public/index.php(19): Illuminate/Foundation/Http/Kernel->handle(Object(Illuminate/Http/Request))
#66 D:/FREELANCE/NONA/BengkelKu-POS/vendor/laravel/framework/src/Illuminate/Foundation/resources/server.php(23): require_once('D://FREELANCE//NO...')
#67 {main}
"} 
